{
  "target": "TOI-3505.01",
  "tic_id": 390988385,
  "sectors": [
    14,
    41,
    54,
    81
  ],
  "catalog_ephemeris": {
    "period_days": 2.9151556,
    "period_error_days": 1.17e-05,
    "epoch_bjd_tdb": 2459793.534385,
    "epoch_error_days": 0.0020787
  },
  "catalog_depth_ppt": 2.9099999999999997,
  "catalog_duration_hours": 2.004,
  "quality_rule": "finite flux/error and QUALITY == 0",
  "model": "finite-exposure box with one local straight baseline per event",
  "random_seed_reserved_for_injection_tests": 3505,
  "sector_measurements": [
    {
      "sector": 14,
      "pipeline": "QLP",
      "cadence_minutes": 29.999999999999993,
      "quality_zero_points": 665,
      "events_in_sector_fit": 7,
      "depth_ppt": 3.728056189913816,
      "depth_error_ppt": 0.41850371610007464,
      "depth_snr": 8.90805994425709,
      "duration_hours": 1.7999999999999998,
      "duration_low_hours": 1.35,
      "duration_high_hours": 2.05,
      "midpoint_offset_minutes": -10.080000000000004,
      "midpoint_offset_low_minutes": -15.840000000000003,
      "midpoint_offset_high_minutes": 1.4400000000000013,
      "residual_scatter_ppt": 1.0528337354563462,
      "reduced_chi2": 0.7416589790000172,
      "odd_depth_ppt": 4.462121718559481,
      "odd_depth_error_ppt": 0.632621132056314,
      "even_depth_ppt": 3.1568049294621425,
      "even_depth_error_ppt": 0.5580715273527491,
      "odd_even_difference_ppt": 1.3053167890973387,
      "odd_even_difference_sigma": 1.5473254977434532,
      "phase_0_5_depth_ppt": 0.19904726280314783,
      "phase_0_5_depth_error_ppt": 0.4048766079990811,
      "phase_0_5_snr": 0.4916245069994254,
      "qlp_crowding_header": null,
      "depth_interpretation": "observed depth in normalized QLP aperture flux; no CROWDSAP keyword present"
    },
    {
      "sector": 41,
      "pipeline": "QLP",
      "cadence_minutes": 10.0,
      "quality_zero_points": 3526,
      "events_in_sector_fit": 10,
      "depth_ppt": 3.0151973418634395,
      "depth_error_ppt": 0.20949521536876362,
      "depth_snr": 14.392678785317091,
      "duration_hours": 2.05,
      "duration_low_hours": 2.0,
      "duration_high_hours": 2.1499999999999995,
      "midpoint_offset_minutes": -4.320000000000004,
      "midpoint_offset_low_minutes": -5.760000000000005,
      "midpoint_offset_high_minutes": 0.0,
      "residual_scatter_ppt": 1.6588995529243988,
      "reduced_chi2": 0.9647972333418907,
      "odd_depth_ppt": 3.3698030109375856,
      "odd_depth_error_ppt": 0.296506163890801,
      "even_depth_ppt": 2.6617145406159715,
      "even_depth_error_ppt": 0.2960363445331666,
      "odd_even_difference_ppt": 0.708088470321614,
      "odd_even_difference_sigma": 1.6899850881264693,
      "phase_0_5_depth_ppt": 0.3464953240389326,
      "phase_0_5_depth_error_ppt": 0.20983523457931763,
      "phase_0_5_snr": 1.6512733180087422,
      "qlp_crowding_header": null,
      "depth_interpretation": "observed depth in normalized QLP aperture flux; no CROWDSAP keyword present"
    },
    {
      "sector": 54,
      "pipeline": "QLP",
      "cadence_minutes": 10.0,
      "quality_zero_points": 2735,
      "events_in_sector_fit": 9,
      "depth_ppt": 2.681744156413797,
      "depth_error_ppt": 0.29513301527439983,
      "depth_snr": 9.086561033913627,
      "duration_hours": 2.05,
      "duration_low_hours": 1.9499999999999997,
      "duration_high_hours": 2.1999999999999997,
      "midpoint_offset_minutes": -2.8800000000000026,
      "midpoint_offset_low_minutes": -5.760000000000005,
      "midpoint_offset_high_minutes": 1.4400000000000013,
      "residual_scatter_ppt": 2.151328410635692,
      "reduced_chi2": 1.117364419424503,
      "odd_depth_ppt": 2.6116088104614965,
      "odd_depth_error_ppt": 0.4363836637505516,
      "even_depth_ppt": 2.7457489159371478,
      "even_depth_error_ppt": 0.40151504879110506,
      "odd_even_difference_ppt": -0.13414010547565125,
      "odd_even_difference_sigma": -0.226207186274939,
      "phase_0_5_depth_ppt": 0.10750501298116724,
      "phase_0_5_depth_error_ppt": 0.277654441645746,
      "phase_0_5_snr": 0.38718996297682445,
      "qlp_crowding_header": null,
      "depth_interpretation": "observed depth in normalized QLP aperture flux; no CROWDSAP keyword present"
    },
    {
      "sector": 81,
      "pipeline": "QLP",
      "cadence_minutes": 3.3333333333333317,
      "quality_zero_points": 9195,
      "events_in_sector_fit": 7,
      "depth_ppt": 3.1297076792807346,
      "depth_error_ppt": 0.23957832887691452,
      "depth_snr": 13.063400575302659,
      "duration_hours": 2.0999999999999996,
      "duration_low_hours": 1.9499999999999997,
      "duration_high_hours": 2.1499999999999995,
      "midpoint_offset_minutes": -1.4400000000000013,
      "midpoint_offset_low_minutes": -5.760000000000005,
      "midpoint_offset_high_minutes": 0.0,
      "residual_scatter_ppt": 3.146886139373956,
      "reduced_chi2": 0.9743556662605168,
      "odd_depth_ppt": 3.255051242348719,
      "odd_depth_error_ppt": 0.3522167724950101,
      "even_depth_ppt": 3.006223863395796,
      "even_depth_error_ppt": 0.33755581643554994,
      "odd_even_difference_ppt": 0.24882737895292295,
      "odd_even_difference_sigma": 0.5100457739446659,
      "phase_0_5_depth_ppt": 0.277333031855696,
      "phase_0_5_depth_error_ppt": 0.20770001892474554,
      "phase_0_5_snr": 1.3352576147630497,
      "qlp_crowding_header": null,
      "depth_interpretation": "observed depth in normalized QLP aperture flux; no CROWDSAP keyword present"
    }
  ],
  "period_search": [
    {
      "sector": 14,
      "best_period_days": 2.919228832414575,
      "best_duration_hours": 1.3199999999999998,
      "best_depth_ppt": 3.8179019910404794,
      "best_depth_error_ppt": 0.3788884573802727,
      "best_snr": 10.076585645913802,
      "catalog_period_days": 2.9151556,
      "snr_at_catalog_period": 9.505218221032594,
      "best_period_difference_percent": 0.1397260720688506,
      "peak_1_period_days": 2.9205621404704383,
      "peak_1_snr": 10.076585645913802,
      "peak_2_period_days": 1.459768736578068,
      "peak_2_snr": 7.939607506299368,
      "peak_3_period_days": 3.897962109706273,
      "peak_3_snr": 7.111692103136109,
      "peak_4_period_days": 2.5532270967419817,
      "peak_4_snr": 6.3653815706416355,
      "peak_5_period_days": 3.648843170642017,
      "peak_5_snr": 6.325857981774367
    },
    {
      "sector": 41,
      "best_period_days": 2.9139438362924603,
      "best_duration_hours": 1.8479999999999999,
      "best_depth_ppt": 2.498024343324881,
      "best_depth_error_ppt": 0.19687815094907865,
      "best_snr": 12.688174544929467,
      "catalog_period_days": 2.9151556,
      "snr_at_catalog_period": 12.526530548537721,
      "best_period_difference_percent": -0.04156771966270013,
      "peak_1_period_days": 2.9139438362924603,
      "peak_1_snr": 12.688174544929467,
      "peak_2_period_days": 1.4581389586831357,
      "peak_2_snr": 10.914068325191515,
      "peak_3_period_days": 4.373454758411177,
      "peak_3_snr": 7.484330011426784,
      "peak_4_period_days": 3.4246981093482707,
      "peak_4_snr": 6.910250800243842,
      "peak_5_period_days": 3.641391614463982,
      "peak_5_snr": 6.662225313771962
    },
    {
      "sector": 54,
      "best_period_days": 2.915177907465513,
      "best_duration_hours": 1.8479999999999999,
      "best_depth_ppt": 2.2146129683591735,
      "best_depth_error_ppt": 0.26070511647744105,
      "best_snr": 8.494704662042201,
      "catalog_period_days": 2.9151556,
      "snr_at_catalog_period": 8.494704662042201,
      "best_period_difference_percent": 0.0007652238361827482,
      "peak_1_period_days": 2.915177907465513,
      "peak_1_snr": 8.494704662042201,
      "peak_2_period_days": 1.4573776243140009,
      "peak_2_snr": 6.054340907937342,
      "peak_3_period_days": 3.4938003471038153,
      "peak_3_snr": 5.481921662941435,
      "peak_4_period_days": 2.3373002917674186,