{
  "selection_rule": "full local window, box-depth SNR at least 2.5, timing error at most 0.03 day",
  "selected_event_count": 25,
  "catalog": {
    "epoch_bjd": 2459793.534385,
    "epoch_error_days": 0.0020787,
    "period_days": 2.9151556,
    "period_error_days": 1.17e-05,
    "epoch_period_covariance": "not available in the local catalog snapshot; zero used only for this displayed propagation",
    "ground_cycle": -4,
    "ground_prediction_bjd": 2459781.8737625997,
    "ground_prediction_uncertainty_minutes": 2.9940865380359334
  },
  "sector_14_box_timing_fit": {
    "epoch_bjd": 2459795.183030759,
    "epoch_error_days": 0.3094394776567081,
    "period_days": 2.9195356279653435,
    "period_error_days": 0.0008222031269395795,
    "epoch_period_covariance_days2": 0.0002544130132033289,
    "reference_cycle": -376,
    "reference_time_bjd": 2458697.437634644,
    "reference_time_error_days": 0.0026310871529249555,
    "events": 4,
    "chi2": 0.3295379952958542,
    "reduced_chi2": 0.1647689976479271,
    "residual_rms_minutes": 2.193654776938778
  },
  "sector_14_prediction_at_ground_cycle": {
    "cycle": -4,
    "bjd": 2459783.5048882472,
    "uncertainty_minutes": 440.8571288911545
  },
  "four_sector_box_timing_fit": {
    "epoch_bjd": 2459793.5331420596,
    "epoch_error_days": 0.0012881751454686514,
    "period_days": 2.915150287593134,
    "period_error_days": 5.703749986771658e-06,
    "epoch_period_covariance_days2": -4.535566834283734e-09,
    "reference_cycle": 139,
    "reference_time_bjd": 2460198.739032035,
    "reference_time_error_days": 0.001013446178644078,
    "events": 25,
    "chi2": 121.61795856410762,
    "reduced_chi2": 5.287737328874244,
    "residual_rms_minutes": 11.752270827189946
  },
  "four_sector_prediction_at_ground_cycle": {
    "cycle": -4,
    "bjd": 2459781.8725409093,
    "uncertainty_minutes": 1.8754308486458666
  },
  "historical_schedule": {
    "source_record": "data/program_records/toi3505/observing_schedule_2022-07-21.json",
    "source_description": "TOI-3505.01 row copied by Mason from the internship observing-schedule spreadsheet and pasted into the project conversation",
    "original_workbook_or_url_archived": false,
    "source_limits": [
      "The pasted row does not state a time zone.",
      "The workbook name, URL, revision history, formulas, and cell formatting were not supplied.",
      "The row gives ingress, egress, and period but no epoch, timing uncertainty, depth, or source for those predictions.",
      "Finder Chart is display text; its underlying link target was not present in the pasted data."
    ],
    "row": {
      "NoD": "2022-07-21",
      "NoW": "Thursday",
      "Target": "TOI 3505.01",
      "Vmag": "11.24",
      "Ingress": "0:15",
      "Egress": "1:54",
      "Start": "21:10",
      "End": "4:55",
      "Filter": "R",
      "Exp": "50s",
      "Priority": "3",
      "Dis": "VPC-+",
      "TOC": "",
      "Student Sign Up": "Mason Cao",
      "Observer 1": "Kevin",
      "Observer 2": "Schar Students",
      "Observer 3": "",
      "Observer 4": "",
      "Notes": "bad RA jumps at the beginning of the night",
      "RA": "19:48:10",
      "Dec": "#N/A",
      "Orbital Period": "2.9151488",
      "Apertures File": "",
      "Finder Chart": "Finder Chart"
    },
    "working_interpretation": {
      "timezone": "America/New_York",
      "timezone_abbreviation": "EDT",
      "utc_offset_hours": -4.0,
      "source_timezone_explicit": false,
      "times": {
        "planned_start": {
          "source_clock": "21:10",
          "clock_datetime": "2022-07-21T21:10:00-04:00",
          "utc_datetime": "2022-07-22T01:10:00+00:00",
          "bjd_tdb": 2459782.5539275403
        },
        "ingress": {
          "source_clock": "0:15",
          "clock_datetime": "2022-07-22T00:15:00-04:00",
          "utc_datetime": "2022-07-22T04:15:00+00:00",
          "bjd_tdb": 2459782.682400599
        },
        "egress": {
          "source_clock": "1:54",
          "clock_datetime": "2022-07-22T01:54:00-04:00",
          "utc_datetime": "2022-07-22T05:54:00+00:00",
          "bjd_tdb": 2459782.7511509927
        },
        "planned_end": {
          "source_clock": "4:55",
          "clock_datetime": "2022-07-22T04:55:00-04:00",
          "utc_datetime": "2022-07-22T08:55:00+00:00",
          "bjd_tdb": 2459782.8768460616
        }
      },
      "event_duration_hours": 1.6500094458460808,
      "event_midpoint_bjd_tdb": 2459782.716775796
    },
    "utc_alternative": {
      "timezone": "UTC",
      "timezone_abbreviation": "UTC",
      "utc_offset_hours": 0.0,
      "source_timezone_explicit": false,
      "times": {
        "planned_start": {
          "source_clock": "21:10",
          "clock_datetime": "2022-07-21T21:10:00+00:00",
          "utc_datetime": "2022-07-21T21:10:00+00:00",
          "bjd_tdb": 2459782.3872596794
        },
        "ingress": {
          "source_clock": "0:15",
          "clock_datetime": "2022-07-22T00:15:00+00:00",
          "utc_datetime": "2022-07-22T00:15:00+00:00",
          "bjd_tdb": 2459782.5157328276
        },
        "egress": {
          "source_clock": "1:54",
          "clock_datetime": "2022-07-22T01:54:00+00:00",
          "utc_datetime": "2022-07-22T01:54:00+00:00",
          "bjd_tdb": 2459782.584483305
        },
        "planned_end": {
          "source_clock": "4:55",
          "clock_datetime": "2022-07-22T04:55:00+00:00",
          "utc_datetime": "2022-07-22T04:55:00+00:00",
          "bjd_tdb": 2459782.7101785406
        }
      },
      "event_duration_hours": 1.650011457502842,
      "event_midpoint_bjd_tdb": 2459782.5501080663
    },
    "timezone_plausibility": {
      "preferred_interpretation": "America/New_York",
      "working_interpretation_altitudes": {
        "planned_start": {
          "utc_datetime": "2022-07-22T01:10:00+00:00",
          "sun_altitude_degrees": -7.5791099008577,
          "target_altitude_degrees": 36.856382920919366
        },
        "planned_end": {
          "utc_datetime": "2022-07-22T08:55:00+00:00",
          "sun_altitude_degrees": -11.782388131916019,
          "target_altitude_degrees": 35.37014324057427
        }
      },
      "utc_alternative_altitudes": {
        "planned_start": {
          "utc_datetime": "2022-07-21T21:10:00+00:00",
          "sun_altitude_degrees": 36.77966581496045,
          "target_altitude_degrees": -7.985687640450835
        },
        "planned_end": {
          "utc_datetime": "2022-07-22T04:55:00+00:00",
          "sun_altitude_degrees": -30.698655605131034,
          "target_altitude_degrees": 69.91097415557927
        }
      },
      "working_start_is_observable": true,
      "working_end_is_observable": true,
      "utc_start_is_observable": false,
      "assessment": "America/New_York is strongly favored: on this date it is EDT (UTC-4), its planned start and end occur with the Sun below the horizon and the target above 20 degrees, and its planned range brackets the images. Treating the clocks as UTC starts in daylight with the target below the horizon."
    },
    "working_interpretation_reason": "America/New_York civil time is used because the planned 21:10-04:55 range brackets the actual GMU sequence and has physically plausible Sun and target altitudes under that interpretation. On this date America/New_York is EDT (UTC-4). The source row itself does not state a time zone.",
    "historical_ephemeris_complete": false,
    "observation_comparison": {
      "observation_start_bjd_tdb": 2459782.598234811,
      "observation_end_bjd_tdb": 2459782.809458706,
      "working_planned_range_brackets_observation": true,
      "working_event_fully_covered": true,
      "utc_event_fully_covered": false
    },
    "comparison_with_ephemerides": {
      "schedule_period_days": 2.9151488,
      "schedule_minus_current_period_seconds": -0.5875199999977099,
      "schedule_midpoint_minus_current_prediction_hours": 20.232316710054874,