Label	slice	Saturated	J.D.-2400000	JD_UTC	BJD_TDB	AIRMASS	Source_Radius	Sky/Pixel_T1	Width_T1	tot_C_cnts	X(FITS)_T1	Y(FITS)_T1	Source-Sky_T1	rel_flux_T1	rel_flux_err_T1	X(FITS)_C2	Y(FITS)_C2	Source-Sky_C2	rel_flux_C2	rel_flux_err_C2	X(FITS)_C3	Y(FITS)_C3	Source-Sky_C3	rel_flux_C3	rel_flux_err_C3	X(FITS)_C4	Y(FITS)_C4	Source-Sky_C4	rel_flux_C4	rel_flux_err_C4	X(FITS)_C5	Y(FITS)_C5	Source-Sky_C5	rel_flux_C5	rel_flux_err_C5	X(FITS)_C6	Y(FITS)_C6	Source-Sky_C6	rel_flux_C6	rel_flux_err_C6	X(FITS)_C7	Y(FITS)_C7	Source-Sky_C7	rel_flux_C7	rel_flux_err_C7	X(FITS)_C8	Y(FITS)_C8	Source-Sky_C8	rel_flux_C8	rel_flux_err_C8	X(FITS)_C9	Y(FITS)_C9	Source-Sky_C9	rel_flux_C9	rel_flux_err_C9	X(FITS)_C10	Y(FITS)_C10	Source-Sky_C10	rel_flux_C10	rel_flux_err_C10	X(FITS)_C11	Y(FITS)_C11	Source-Sky_C11	rel_flux_C11	rel_flux_err_C11
TOI_3505.01_50.000s_R-0001_aligned.fits	1	0	59782.59294026624	2459782.5929402662	2459782.598234811	1.3202923982859234	25	849.1962257134434	24.82476943469218	4596506.491530705	1848.7697571312185	1743.278258404354	505953.1949151892	0.1100734211617961	0.0003464070459102	2718.551195896266	3167.0418374084065	500575.428372151	0.1222128548194205	0.0003957868922859	1697.488627465269	570.0435676901134	599111.72028183	0.1498755450902474	0.0004159501962948	656.9210771990656	3306.539170608856	448403.7295232944	0.1080985103913617	0.0003761314921567	3130.4405200752194	1842.8396978081923	491965.19912834023	0.1198587525575594	0.0003910097496561	2077.432940182852	3253.571559167597	377602.79022025294	0.0895025857316829	0.0003627153152664	3330.4582530314747	505.72492431951787	454254.1950535604	0.1096635749203131	0.0003781966973563	634.4050007315152	2370.5648743628003	620170.9979593267	0.1559654609028764	0.0004230316677418	2002.3494026171547	2780.5826067980174	357419.2931910078	0.0843151547651571	0.0003564535572455	2300.3450577257217	1052.7913444235646	383931.4476907539	0.0911393728764968	0.0003598051292424	2513.486889158599	1965.088550172417	363071.69011018774	0.085762910530324	0.0003579860599264
TOI_3505.01_50.000s_R-0002_aligned.fits	2	0	59782.593700694386	2459782.5937006944	2459782.599005828	1.3162138108445802	25	882.3570314693773	24.38314256276164	4397867.943592919	1844.759126206444	1741.4450998724155	480686.3308677953	0.1092998555284245	0.0003653182039557	2714.4657388738133	3165.402284084155	480814.1488905272	0.1227489266399157	0.0004185187445022	1693.5017742862342	568.0934054228828	568699.6438534867	0.1485177979490182	0.0004378000667306	652.9918298656423	3304.938965863688	432594.4736305219	0.1090957475966025	0.0003983460673521	3126.593293263078	1840.8523021893943	468304.7807577953	0.1191747686325317	0.0004121959275187	2073.4969843925205	3251.9969582480812	363873.6829669173	0.0902018345733717	0.00038417487147	3326.4652278084277	503.79485024629093	438027.28319974826	0.1106174012456998	0.0004005137508588	630.3476290428496	2368.705962880062	588380.2074779836	0.1544512670036935	0.0004446766398004	1998.3888433435336	2778.656817307159	349659.5457378514	0.0863738996053458	0.0003788969328874	2296.4269624178205	1050.8790506212515	364890.3328147216	0.0904766572072075	0.000379988703209	2509.726312660728	1963.109965454697	342623.8442633655	0.0844890802800282	0.0003775856404277
TOI_3505.01_50.000s_R-0003_aligned.fits	3	0	59782.59446156211	2459782.594461562	2459782.599766962	1.312234378705693	25	847.5794584047189	22.703779948412233	4841158.727305537	1850.2821395422031	1743.0062320409538	530454.640551043	0.109571834023769	0.0003302772022086	2719.9659880295767	3166.913783073008	524020.5747038307	0.1213814698952897	0.0003767834214093	1698.9860103828305	569.7002676896855	634800.6607377627	0.150914556177034	0.0003983756220895	658.3940124718104	3306.461965018819	474441.91398104257	0.1086495722675081	0.0003594372819503	3132.0071522936987	1842.5698112504524	514471.4397445279	0.1189065457130691	0.0003721231411139	2078.913268042177	3253.4225232211684	397166.24958827347	0.0893714945692898	0.0003455734335064	3331.782007354851	505.4016363481596	480041.2567792093	0.1100729939111855	0.000361100962953	635.9704843934913	2370.3585558021405	651330.3141956008	0.1554551284624434	0.0004035722942081	2003.8543781667715	2780.3993060959247	379787.42071676906	0.0851279560963421	0.0003403021226439	2301.8609712581897	1052.348496231497	402583.4410671317	0.0907010504734082	0.0003425265785392	2514.9318862249725	1964.7879540197912	382515.4557913898	0.0857918950895321	0.0003410785586864
TOI_3505.01_50.000s_R-0004_aligned.fits	4	0	59782.595222557895	2459782.595222558	2459782.6005278192	1.3083024089164847	25	844.2619796431662	21.41975704192174	4847446.162319079	1848.0226796877555	1745.1369189789111	524056.6240398344	0.1081098389732541	0.0003284549103706	2717.711095088915	3169.0535935297457	529250.5370434984	0.1225628903761678	0.0003762065057146	1696.6808860113892	572.186825306544	631874.7751437374	0.1498906594408611	0.0003965259470353	656.363736579273	3308.5255086019697	476598.1775172497	0.109040208942169	0.0003588596603449	3129.691892675003	1844.9045744392124	519101.21169478307	0.1199306473066364	0.0003716281449946	2076.7677291393834	3255.498452650412	398703.57625271054	0.0896216332006858	0.0003443134906292	3329.29338181991	507.7810063583729	484863.3043380808	0.1111413399177191	0.0003608270936701	633.748844666876	2372.428214685434	646282.3288784837	0.1538341170449435	0.0004010269280171	2001.59751130197	2782.4891677188352	378858.8245501423	0.0847826831866954	0.0003386696529914	2299.5699221005866	1054.8225607393488	401569.1265162288	0.0903239390748719	0.0003412699337397	2512.7988016620193	1966.9104359446835	380344.3003841643	0.0851434133672114	0.0003392891556798
TOI_3505.01_50.000s_R-0005_aligned.fits	5	0	59782.595983564854	2459782.595983565	2459782.6012884346	1.304417148919055	25	743.2407354332374	21.112712116264237	5960401.979112505	1847.1035657283371	1745.2067650556328	647715.96103166	0.1086698453059879	0.0002620335816219	2716.6159486309357	3168.8050176483425	647732.4955923087	0.1219222271593524	0.0002992254562455	1695.800275360264	572.1447774649932	780540.3057059415	0.1506874806547904	0.0003185182779598	655.1086724084247	3308.452751096932	577222.6949028389	0.1072270984167276	0.0002844390101409	3128.6866627438512	1844.6863794167737	640250.9981295208	0.1203445166158093	0.0002960593938719	2075.5278433996978	3255.463166710427	490879.2818175228	0.0897481021626061	0.0002724408368004	3328.4869035905776	507.8030342023071	599731.5130304319	0.1118762133999919	0.0002872879767949	632.6847089413469	2372.6384509988443	795622.1856161933	0.1540476491598095	0.0003221211001168	2000.6283194560692	2782.400456025968	462143.9835267819	0.084052800704844	0.00026710411966	2298.7231588812424	1054.8392469770697	498517.3376603036	0.0912720371054483	0.0002705100312632	2511.794489111662	1967.0075485723987	467761.183130661	0.0851614370036455	0.00026802949606
TOI_3505.01_50.000s_R-0006_aligned.fits	6	0	59782.5967431711	2459782.596743171	2459782.602048698	1.3005786035097426	25	692.0437567323453	21.807478501011452	6485265.3166475715	1844.6342962151357	1744.014794258354	705952.0204125764	0.1088547632122943	0.0002382660075824	2714.0885429737923	3167.7981170041667	703882.215082942	0.121749796323383	0.0002717092825844	1693.4240225506492	571.2453439510418	850960.8009107967	0.151032092520743	0.0002903578897119	652.8471110631895	3307.559603684224	632500.1331501224	0.1080685989134725	0.0002581372154946	3126.1715617325617	1843.6659638513656	690525.5061965247	0.1191641952501705	0.0002681151290422	2073.1551993617904	3254.30808076434	531175.8498611159	0.0892119362371292	0.000246072744206	3325.861857848045	506.7084190332471	653225.779805406	0.1120064045654779	0.0002610510325873	630.3864931657166	2371.421302431912	867395.0346898267	0.1543992636276308	0.0002935159021356	1998.0137011009465	2781.3443015322637	506624.8928198321	0.0847391475159954	0.0002419888938412	2296.2136396329624	1053.707842705287	540404.7277457106	0.0909028428277297	0.0002447153354892	2509.3556787324196	1965.7926582784255	508570.37638529413	0.0850922426974291	0.0002424279556412
TOI_3505.01_50.000s_R-0007_aligned.fits	7	0	59782.59750334453	2459782.5975033445	2459782.602808816	1.296785181174721	25	680.1514358834673	20.64555116570023	6562662.6484804945	1849.365534255605	1743.8986772620435	713283.0788369272	0.108688061087839	0.0002344878349803	2718.8702050924	3167.768790559787	709908.8932596867	0.1212948507574626	0.0002667441534539	1698.1326231905707	570.8980519506845	857664.0547042268	0.1503355418246509	0.0002856418202544	657.6946598117454	3307.281298247233	640911.1301752569	0.1082299938107975	0.0002540409363011	3130.9559922889953	1843.5737270353245	699768.2578446316	0.1193554260438824	0.0002639952051921	2077.8824637834177	3254.3074765561096	540894.9237395539	0.0898232792203594	0.0002421306610322	3330.587111707714	506.5175066521897	656207.1526407085	0.1110999910357249	0.0002564940889735	635.1055485441136	2371.337193390449	878402.3654738725	0.1545323967834302	0.0002892006560421	2002.769004724486	2781.268149295797	518269.0063679137	0.0857437548006508	0.0002383609640501	2300.8767039409818	1053.615754298341	546008.9118813099	0.0907495986614534	0.0002407047041741	2514.040631777428	1965.7424849280233	514627.9523933355	0.0850901124502939	0.0002382962917259
TOI_3505.01_50.000s_R-0008_aligned.fits	8	0	59782.59826516174	2459782.5982651617	2459782.6035703677	1.2930286206576431	25	640.3151096512772	21.29586397902053	6986101.16336587	1849.9370474354344	1744.2577313791255	758361.4386135505	0.1085528853475943	0.0002182692484091	2719.4360400204355	3168.2598823941735	758340.0898444646	0.1217676916137169	0.0002488073250929	1698.5942914790703	571.0996803520152	912086.5908435936	0.1501620682587272	0.0002664314947502	658.1502335609762	3307.727053683264	684507.3379671774	0.1086244777009045	0.0002365885128607	3131.5469143165446	1843.982974764473	744772.3748226436	0.1193291364796821	0.0002457635490515	2078.5526404783573	3254.6593356876892	574692.3605894456	0.0896358941174642	0.0002246676026843	3331.1573230554422	506.84679661777	696709.3457317918	0.1107753127700474	0.0002382778671092	635.561696113958	2371.679366473306	936023.8718332032	0.1547127130331388	0.0002701109376373	2003.5101088046656	2781.673047572571	549743.2399023396	0.0854121611071797	0.00022094054486	2301.537214593084	1053.9196114381857	580536.9003662539	0.0906300954186975	0.0002233490929698	2514.727911329435	1966.0583102841904	548689.0514649556	0.0852344143775708	0.0002211460218942
TOI_3505.01_50.000s_R-0009_aligned.fits	9	0	59782.59902534727	2459782.5990253473	2459782.604330554	1.2893222508587423	25	625.6050982337448	21.56548063609727	7070940.110225455	1847.9480338779192	1744.3548835551023	765637.4413083156	0.1082794408343396	0.0002144126014425	2717.4431470828913	3168.076005871214	763776.6977591643	0.1210967035116829	0.0002440154447925	1696.4887542036731	571.4083585879193	925780.800570398	0.1506520423507726	0.0002624350926951	656.0329080670699	3307.5597627427996	696400.8047365544	0.1092472367590403	0.0002326153512684	3129.465160482084	1843.95141057483	752275.001445055	0.1190560013063037	0.0002413737189082	2076.421682855043	3254.521155176948	582510.7286152511	0.0897768464994362	0.0002205570161196	3328.9101479774586	506.85310355199726	710702.9657575793	0.1117415828395247	0.0002348868192018	633.3858086702195	2371.6297640559474	950917.0242060602	0.155378012605596	0.0002661492496627	2001.3958227058272	2781.528050032117	547475.3100161206	0.0839240076835476	0.0002158908000517	2299.417247259562	1054.1042485963962	588240.7871421948	0.0907401003541252	0.0002194152521021	2512.5926821619964	1966.1294699257287	552859.9899770764	0.0848194529336361	0.0002169072652575
TOI_3505.01_50.000s_R-0010_aligned.fits	10	0	59782.59978634259	2459782.5997863426	2459782.6050918396	1.285653557341722	25	616.7778820993777	21.93725274050064	7177739.891139088	1842.7451811005888	1744.234518653951	776738.8068930404	0.108214956054889	0.0002108259306042	2712.273608604753	3167.9310798697757	779250.039310667	0.1217865554773037	0.000240049896147	1691.4650064689345	571.1422095003591	934051.5218310338	0.1495993179964791	0.0002576015504922	651.0281271524295	3307.4344115948775	708331.4084612387	0.109489362181694	0.0002286859097247	3124.3196527063674	1843.8485803418096	768246.2195472943	0.119860672138943	0.0002377797087907	2071.212671850508	3254.4369836985793	592869.4652618044	0.0900350996933729	0.0002165321774041	3324.12624905602	506.6399827602595	712526.6389650598	0.1102093018703539	0.00022984587322	628.498823543243	2371.5539352487403	962332.3309435184	0.1548301252369102	0.0002613550955477	1996.24721610624	2781.4012077084	560053.4043071442	0.0846297879812762	0.0002122819854161	2294.3234027834237	1053.8244761709202	594255.9637265736	0.0902646638586284	0.0002153220316554	2507.4361233504487	1965.9055664886216	565822.8987847539	0.0855762253880442	0.0002135084013227
TOI_3505.01_50.000s_R-0011_aligned.fits	11	0	59782.600548136514	2459782.6005481365	2459782.605853456	1.2820258906349995	25	594.2815139782603	25.78823268728801	7112509.167682282	1842.4172107822276	1743.5635643335786	776240.0904704703	0.1091373061419083	0.0002104753851871	2711.9648619510153	3167.336206141044	772247.8434567149	0.1218006331231215	0.0002394534889852	1690.9776827588366	570.4118254806685	931064.5218926338	0.1506224798966383	0.0002573351005895	650.0184889192068	3306.913106507046	698384.8081209706	0.1088823304587029	0.0002273512125478	3123.8674322911806	1843.180662824666	756347.8458495485	0.1189944382392522	0.000236313643902	2070.9095075425125	3253.810222506335	587405.9184110025	0.0900224710584624	0.0002157177092841	3323.438924629916	505.99739448175706	701654.2645193129	0.1094478466784723	0.0002284079928014	627.4633686433926	2370.976719382732	955828.1478039804	0.1552505554076723	0.0002607370140688	1995.8952027700457	2780.79034300902	560794.463938622	0.0855950677489335	0.0002120696805461	2293.721064249686	1053.0060177108426	589028.2670478157	0.0902935527856804	0.0002142544758006	2507.2585993094945	1965.299773186413	559753.0866416807	0.085422542777266	0.0002123983893344
TOI_3505.01_50.000s_R-0012_aligned.fits	12	0	59782.60130983777	2459782.601309838	2459782.6066149953	1.2784407605076586	25	588.1129106476785	23.407949202839816	6973201.879140297	1858.6444115367076	1742.801036647149	759006.6649740571	0.1088462198756294	0.0002130721340789	2728.2552232215357	3166.5598484766388	755193.9063160175	0.1214527079438596	0.0002422161691435	1706.942869710149	569.7998305901483	913593.1243177383	0.1507676751557025	0.0002607260078374	666.5436633189512	3305.8913307519397	682771.8871698533	0.1085413696744725	0.0002299328726947	3140.1020862983546	1842.5241427205872	741280.0825885257	0.1189488743261651	0.0002393672758308	2087.113888668658	3252.938814672026	573464.8622063731	0.0896075667935988	0.0002182894453066	3339.758489222164	505.4838134119382	694888.3594260868	0.1106807357173393	0.0002321959491832	644.0667252522022	2369.961118639023	938616.7409134854	0.1555395639325235	0.0002641705556718	2012.132522806739	2780.054477571728	549199.4499210033	0.0854917873976812	0.0002147221278316	2310.0164021181417	1052.548396396704	581148.2332626865	0.0909172959831905	0.0002174671592591	2523.410611800776	1964.5013778055404	543045.2330185266	0.0844528777298224	0.0002145624878457
TOI_3505.01_50.000s_R-0013_aligned.fits	13	0	59782.60207152739	2459782.6020715274	2459782.607376969	1.2748953314522309	25	605.4518701672607	23.02453571453418	7001386.668106144	1847.2093995452071	1742.852631324402	757940.0938767414	0.1082557113049381	0.0002139153059436	2716.836877561635	3166.675869803628	759353.8720692194	0.1216516953501645	0.0002437069415596	1695.9763686116985	569.8721308639383	909551.7620282668	0.1493066992214117	0.0002610617301046	655.4088197807251	3306.2144521728824	687907.294852454	0.1089585083253288	0.0002315524074863	3128.841507337829	1842.4102209733956	746256.4392601661	0.1193031019272391	0.0002411090436498	2075.786129959781	3253.1371302565876	581179.2670752523	0.0905234411869517	0.0002202829446809	3328.4317531815514	505.3012344364024	697336.3255325838	0.1106171885752904	0.0002337076489696	632.9910680254412	2370.165113158172	941796.2437667982	0.15542242590917	0.0002654647018363	2000.7499105590257	2780.0392892731643	544169.3515324923	0.0842730428377841	0.0002153353925029	2298.8721780159526	1052.5268111912242	580062.626600672	0.0903338038777244	0.0002186354444494	2511.889179081639	1964.6852652285452	553773.4853882394	0.0858881371594323	0.0002169869473267
TOI_3505.01_50.000s_R-0014_aligned.fits	14	0	59782.602833217476	2459782.6028332175	2459782.6081384555	1.271393441646801	25	631.133813404122	20.45487853597342	6637368.407817492	1848.545032765527	1742.2310243247605	716661.0381074392	0.107973671803927	0.0002263014828206	2718.0013709919085	3166.1285379299734	718019.5101302613	0.1213004204585408	0.0002579251760216	1697.275372623453	569.1384991998971	870752.3995416714	0.1509988524105007	0.0002772179902146	656.6748436215421	3305.6445376388524	652733.6838518237	0.1090682579569861	0.0002456719018154	3130.190580934282	1841.811770791248	707244.7660813867	0.1192630725443582	0.0002554066084809	2076.821439476331	3252.648135813269	549139.1398300189	0.0901968562053745	0.0002337207848348	3329.8977588494818	504.726781444836	659327.0136332791	0.1102914767827989	0.0002474587719703	634.153438973804	2369.680990085313	897108.6318556042	0.1562836294643611	0.0002812230115253	2001.969784433015	2779.60535619676	510311.9946244936	0.0832882807355375	0.0002280677000672	2300.0541510641697	1051.9457732995584	550892.8612484457	0.0905109791427626	0.0002322111959772	2513.235187122071	1964.0183527602867	521838.4070205076	0.0853300379447899	0.0002301132155195
TOI_3505.01_50.000s_R-0015_aligned.fits	15	0	59782.603593633976	2459782.603593634	2459782.6088986364	1.2679382739271947	25	630.8187589084876	22.97557491975718	6622929.838220276	1845.1356470749356	1743.6331121972305	726565.1737601566	0.1097044950660991	0.0002276348081726	2714.7001316663946	3167.5712737932313	717456.0577066685	0.1214900081470297	0.0002587152649465	1693.8497737852051	570.555200180545	867772.9707684403	0.1507818102537068	0.0002774808097531	653.4016062549834	3307.1809571733033	648970.9777127048	0.1086333188537501	0.0002461074824182	3126.725928612827	1843.237573410117	707980.3692882555	0.1196933926497407	0.0002560113150666	2073.6199259630775	3253.95513221338	543371.5770166346	0.0893768187870046	0.0002338418797696	3326.473998630045	506.0313191861069	658902.1113186122	0.1104793843171676	0.0002478416567076	630.7791061354972	2371.0703673277058	887005.0992654297	0.1546402959650848	0.0002805899648168	1998.514944517909	2780.990260840516	518695.99565971503	0.0849731529030244	0.000229782811469	2296.70339037381	1053.2473407594807	549906.2868564664	0.0905490127290837	0.0002325619513942	2509.866538736363	1965.4278827129428	522868.39262734866	0.0857152665249138	0.000230763841694
TOI_3505.01_50.000s_R-0016_aligned.fits	16	0	59782.60435381904	2459782.604353819	2459782.6096590585	1.26452228131667	25	610.0304156453655	21.8871132672319	7020608.331122281	1849.5143437389215	1744.513039092364	761864.2011340884	0.1085182601280793	0.000214077210693	2719.1747234956274	3168.447799974614	763811.335701829	0.1220770525655358	0.0002440769073699	1698.2086595420174	571.5490961655487	914136.0512318856	0.1496995334347597	0.000261409686072	657.7752459540831	3307.948594254394	691101.2733496281	0.1091872190111478	0.0002318993789298	3131.239525564783	1844.297356677616	750136.0240503305	0.1196299078148091	0.0002413199610474	2078.0704333344543	3254.930312992904	577371.6389745055	0.0896089444732234	0.0002196653027382	3330.8868866419957	507.17819604448823	693563.3917053805	0.1096188502446925	0.0002330114001569	635.1228438174433	2371.903839938879	942633.1993976204	0.1550900059589653	0.0002652821930791	2002.995347868719	2781.9591030046277	554757.7628544376	0.0857981107044132	0.0002164045603087	2301.0854363382314	1054.2065772001688	583493.5946626742	0.0906452065174146	0.0002188768542846	2514.3840166067316	1966.319726539061	549604.0591939893	0.08493334822513	0.0002163619240623
TOI_3505.01_50.000s_R-0017_aligned.fits	17	0	59782.605116191786	2459782.605116192	2459782.61042117	1.2611386933040316	25	598.7960155684767	21.767415314367646	7130649.41590636	1849.4924032373988	1742.8115173014037	779425.0471805453	0.1093063200445502	0.0002106344020275	2719.0593791377746	3166.78412398273	774805.1172690687	0.1219043577633248	0.0002398908525542	1698.3073607452466	569.8012088033097	931529.80328897	0.1502680802275502	0.0002572035543778	657.5258587611343	3306.440843398988	703021.5345609882	0.1093749587777689	0.0002277511012145	3131.1890265781963	1842.4140677648757	760122.2571090313	0.1193185804191018	0.0002368439101321	2078.0420203642343	3253.353400895825	588242.466119597	0.08991224034738	0.0002159802804491	3331.0504437601635	505.25683652987937	706772.1762884238	0.1100226778820667	0.000228963834015	635.0416656160174	2370.2583500936507	957448.4836664408	0.1550975732324064	0.0002606791740598	2003.0599940331017	2780.2813727738176	556786.3876512903	0.0846969864230774	0.0002116589831187	2301.128881977948	1052.517051792965	594175.5612579079	0.0909015433199287	0.0002148790140314	2514.271320443302	1964.5706708813536	557745.6286946426	0.0848552856927247	0.0002122721557935
TOI_3505.01_50.000s_R-0018_aligned.fits	18	0	59782.605878008995	2459782.605878009	2459782.6111833444	1.2577944513062256	25	633.2249545380535	21.17269144413254	6766122.045029136	1847.0809705158456	1745.0533983965702	734811.6681524976	0.1086015982659286	0.0002233167630366	2716.657721842999	3169.1552894715956	736132.6782615457	0.1220786030434003	0.0002547488132835	1695.8976680602698	571.9367044925057	881580.9657791632	0.1498130362090236	0.000272101842727	655.2006237848003	3308.6766307543107	663376.2344544476	0.1087012723526786	0.0002414839715581	3128.753839310306	1844.8036491061075	719944.5832246768	0.1190743387491991	0.0002513819912302	2075.601743506179	3255.622119135481	559565.85909442	0.0901572212239868	0.000229978760079	3328.540587715714	507.4784160392728	675333.7697641728	0.1108778928511998	0.0002437897592533	632.7431353640717	2372.5959114622165	908396.6893840636	0.1550766951729214	0.0002761052804459	2000.5628363753465	2782.590534825701	530329.6379391898	0.0850460700609946	0.000225731257407	2298.7435545186777	1054.6499898247798	560740.8264399313	0.09036363870122	0.0002284143302246	2511.829619246391	1966.9655293115536	530720.8006875261	0.0851141377901118	0.0002264223723359
TOI_3505.01_50.000s_R-0019_aligned.fits	19	0	59782.60663749976	2459782.6066375	2459782.61194306	1.2545000258985002	25	630.0846955152304	20.88070834888519	6757086.761357609	1850.1163494180053	1743.1012321263515	734520.0614511075	0.1087036599339936	0.0002232833398478	2719.657014872733	3166.938037057086	733966.7041022403	0.121858222503487	0.0002547280288771	1698.9188151480969	570.1895505689185	878303.9340999168	0.1494023439728975	0.0002719056785942	658.37118938227	3306.518656542183	663986.6457197345	0.108973532868042	0.0002417821479145	3131.786956492471	1842.8056577457096	724883.0471406563	0.1201688605827786	0.0002520839168038	2078.5057869974544	3253.4111223760337	557034.7550012704	0.08984356170403	0.0002298815457252	3331.474268795344	505.7425529783709	674917.0573290344	0.1109664955389189	0.000244020225149	635.7484738220602	2370.506937550214	903870.7158983238	0.1544229204728423	0.0002756005972551	2003.5633838142944	2780.4679253725585	523406.396613796	0.0839642660496448	0.0002249833591781	2301.703281686706	1052.838209139126	564171.9238227208	0.091099577278749	0.0002289093433587	2514.863072215702	1965.017093638384	532545.5816299156	0.0855557970062643	0.0002265831941748
TOI_3505.01_50.000s_R-0020_aligned.fits	20	0	59782.60739849508	2459782.607398495	2459782.6127035306	1.2512409490952578	25	606.2165914118365	20.870064808940704	7039113.543623938	1849.8992484996097	1744.589952129165	764774.9198176248	0.1086464815602188	0.000213289843716	2719.4989248808097	3168.422970320205	764116.4445177235	0.1217716012373235	0.0002431053528855	1698.757252582936	571.3140439445001	917962.5241252698	0.1499656716851355	0.0002604957424706	658.0896021674246	3307.901666505666	691198.7904472889	0.1088859597714976	0.0002307408058529	3131.6684871545617	1844.1745470737835	754784.2589271816	0.1201057781560221	0.0002406595787201	2078.3446560419466	3254.8240379556023	581878.4684438393	0.0901126351556297	0.000219215227739	3331.389186468676	506.83623397899646	703011.4470817298	0.1109533016308849	0.0002328124275134	635.5223069496901	2371.868466678553	942328.2218148144	0.154561489715566	0.0002639263174361	2003.3534300514928	2781.921094569205	543569.0058439455	0.0836833621388305	0.0002141649394628	2301.5363941406413	1054.1014908814805	586456.9217033798	0.0908861196349896	0.0002181465311898	2514.659668038354	1966.3943701092592	553807.4607187656	0.0853941901336877	0.0002158033618481
TOI_3505.01_50.000s_R-0021_aligned.fits	21	0	59782.608160300646	2459782.6081603006	2459782.6134658013	1.248012545144893	25	582.3950848786551	21.39791483251369	7320418.971111083	1849.2657351263535	1742.3844986311285	798908.1826944321	0.1091342156572187	0.0002044107233111	2718.9240276346845	3166.073836056358	791349.316397531	0.1212039935622726	0.0002323037499615	1698.2365552652568	569.2796545160559	956894.7100921924	0.1503718176976008	0.0002499934819172	657.4519098780602	3305.613268233955	718045.4685187051	0.1087556570734403	0.0002206630989515	3130.995247193237	1841.9953648686385	780970.971992997	0.1194246016022024	0.0002298471973149	2077.7716785044886	3252.5038845234294	602940.7817443325	0.0897570136809289	0.0002091227581994	3330.870962358398	504.71040046823873	730645.5478624839	0.1108756706694618	0.000222744225865	634.9675547372572	2369.481617283027	980258.5387604448	0.1546109990779855	0.0002530665171458	2002.7405299006025	2779.5279910049658	572973.4486148623	0.0849170914688453	0.0002052882437962	2300.9760940978595	1051.8976948678232	610896.6458727245	0.0910492008611093	0.0002083622945213	2514.0984545967117	1964.1408973356556	575443.5412548091	0.0853144013998389	0.0002059302742643
TOI_3505.01_50.000s_R-0022_aligned.fits	22	0	59782.608921307605	2459782.6089213076	2459782.6142264036	1.2448291261149642	25	569.8282350437047	21.063969816497966	7460704.195029427	1850.571439753095	1743.600282403935	813242.0993641282	0.1090033967444973	0.0001999592731538	2720.0704726166614	3167.211038899448	807663.1279859473	0.1213975864340879	0.0002271695282107	1699.442624282011	570.5101697372152	976282.5953498896	0.150558161640529	0.0002449396471944	658.8078866478232	3306.8260563684626	731305.4882759317	0.108673229235475	0.0002157048645687	3132.288707659662	1843.2318265036072	797815.5530334925	0.1197401901639015	0.0002249457440853	2079.048257541354	3253.7056637832447	615627.2157418653	0.0899372231466037	0.0002043694958308	3331.9963734659277	506.02797472462134	746009.2593916459	0.1111009906693233	0.0002179736756099	636.2794497736606	2370.8296683041153	1001644.0229854035	0.1550758154136262	0.0002481822977994	2004.0385148630392	2780.796994651277	579345.7383284769	0.0841906059644836	0.0002000057712148	2302.1947979158263	1053.2069438031158	617044.7317474757	0.0901629800632373	0.0002030365872357	2515.4601228798224	1965.3439035858469	587966.4621893002	0.0855505455096605	0.0002012942473208
TOI_3505.01_50.000s_R-0023_aligned.fits	23	0	59782.60967939813	2459782.609679398	2459782.6149847135	1.2416926280713976	25	547.7775392214965	21.108795412838795	7749746.389773009	1849.526914755004	1742.919133115202	842869.9352012565	0.1087609700768472	0.0001916854602932	2719.058839221271	3166.69079689777	839252.3688148058	0.1214460740823325	0.000218077332116	1698.3688443322062	569.7130054062641	1016201.9273757668	0.1509163462201279	0.0002356540354127	657.5935594088261	3306.2581604314796	762879.624195928	0.1091876587592147	0.0002071770908408	3131.21770314306	1842.6183610700728	825778.8837018299	0.1192638300190979	0.0002155167219285	2077.9538877339587	3253.22161750656	639703.4132125438	0.0899718068261249	0.0001956872811408	3330.9755393845403	505.3916217118299	769492.1567020027	0.1102384141047911	0.0002084997581459	635.1210599439826	2370.1845667970883	1038516.3979060794	0.1547430797580497	0.0002382649424536	2003.0108452805464	2780.171519311357	605185.5408638236	0.0847057717978876	0.000191717922829	2301.1930816722256	1052.503811363114	644560.183155976	0.0907168601092677	0.0001947217819857	2514.346387538777	1964.6803784944475	608175.893844252	0.0851599650512389	0.0001923705324182
TOI_3505.01_50.000s_R-0024_aligned.fits	24	0	59782.61043378478	2459782.610433785	2459782.6157393013	1.238608157951202	25	541.8871372782892	20.820393234460376	7774884.742008766	1851.4530862690615	1743.7807699375635	845828.666793115	0.1087898656841801	0.000190619111264	2721.0050355917388	3167.5516503789004	841535.2115462671	0.1213749873490269	0.0002168950299078	1700.1650913472638	570.663613441382	1013440.2030683984	0.149885160964024	0.0002336353949548	659.571513282698	3307.0653982587955	764093.0928981302	0.1089881330298926	0.0002059045062504	3133.111771553554	1843.4583206914335	832921.4068132339	0.1199835502717724	0.0002147378419137	2079.9091367843125	3253.9524185471637	642093.3756119246	0.090019929453829	0.0001945880861817	3332.838670588594	506.266557132828	776433.6288023379	0.110943638276928	0.000207763129604	636.9936944509992	2371.065886161137	1046142.6805203744	0.1554737380271891	0.0002375546412091	2004.9276496192424	2781.004453138711	604507.2128629342	0.0843061903513114	0.0001903207796623	2303.1113407125044	1053.380312366076	644193.4484187898	0.0903409531973257	0.0001933013298261	2516.2254610872988	1965.5895635234808	609524.4814663765	0.085065434158678	0.0001911473718282
TOI_3505.01_50.000s_R-0025_aligned.fits	25	0	59782.611189131625	2459782.6111891316	2459782.61649445	1.2355576181833583	25	538.4499645196357	20.44189262486547	7801454.052290335	1852.75173029364	1743.392094586482	845386.7496382059	0.1083627159721615	0.0001895364751293	2722.3412274575576	3167.2166234915007	844583.8124543817	0.1214028411250484	0.0002159995156707	1701.5803754421313	570.1441721044071	1018318.1492906844	0.1501249811079801	0.0002328184810023	660.9116730201392	3306.7997207381204	764754.2067641388	0.1086808054276118	0.000204802249412	3134.442218767091	1842.893438820082	835203.249813	0.1198927907556796	0.0002137056328132	2081.1909362423303	3253.6511969200124	646473.9462132894	0.0903530040096422	0.0001939515618052	3334.3057885691737	505.7211516947441	775924.8570807707	0.1104436172025082	0.0002064167732749	638.4107806902364	2370.7079717917686	1050405.9908242414	0.1555915438996489	0.0002366238369826	2006.2052895904153	2780.639757981982	604510.7005853285	0.0839954785029836	0.0001892320763931	2304.4071084559746	1052.9081371259117	648505.4421826316	0.0906626731899402	0.000192571641418	2517.478419652954	1965.125996418983	612773.6970818702	0.0852414722596329	0.0001903172783705
TOI_3505.01_50.000s_R-0026_aligned.fits	26	0	59782.61194352992	2459782.61194353	2459782.6172491317	1.2325448110444177	25	529.2682173650912	21.92591663832485	7827339.522235706	1848.0939856498703	1744.0946353318463	848561.5103866663	0.1084099530850929	0.0001881351309313	2717.6796647124647	3167.8936351038456	851207.3735741724	0.122017094205632	0.0002146622200571	1696.8546351554796	570.9244105361004	1023140.8738283732	0.1503690480976567	0.0002313401136565	656.2762796012304	3307.378731692468	766090.6952400202	0.1084922389806174	0.0002031021157125	3129.8539733467956	1843.7254558610464	836002.2726642666	0.1195768767578066	0.0002117514519232	2076.529803117653	3254.4010218429216	642654.2695434191	0.0894477972159741	0.000191715374401	3329.604545368017	506.5311009360653	777539.7557632828	0.1102924595761034	0.0002047128028665	633.6495079447052	2371.3021178762724	1048091.0703370628	0.1546028409747288	0.000234330251876	2001.494889179806	2781.34847241485	616228.0615737002	0.0854553510835801	0.0001885736955984	2299.779795729723	1053.5891049848165	651928.719053359	0.090855943573882	0.0001910629595017	2512.9024714953916	1965.886648198145	614456.430658051	0.0851887411533871	0.0001886455637416
TOI_3505.01_50.000s_R-0027_aligned.fits	27	0	59782.61269732611	2459782.612697326	2459782.618002731	1.2295717437818312	25	513.249941644572	21.12253290952688	8058379.120433255	1848.1287242248648	1743.8896452450908	879569.9640415832	0.1091497372978269	0.0001827932152286	2717.6255851314486	3167.8523465986295	871668.749726213	0.1212889771207597	0.0002078182270487	1696.9512713048016	570.9614806202662	1053101.1215939815	0.1503296688252019	0.0002245641795538	656.3776487200938	3307.330128345855	791577.4879716127	0.1089306586319275	0.0001972022975632	3129.812664768991	1843.6808120635997	861546.4566375151	0.1197118922844483	0.0002054962660421	2076.64651498442	3254.294645310821	663715.8365150071	0.0897560593405844	0.0001858021445689	3329.5645996119097	506.5176064147122	803022.6302577528	0.1106799688402807	0.0001986987372638	633.8591229932493	2371.263180980268	1077739.2789217378	0.154389755579823	0.0002274531163242	2001.6524070236865	2781.372361063545	632660.7551619717	0.0851985927881145	0.000182302680335	2299.747193260755	1053.684403991996	669337.038048418	0.0905850894589015	0.0001848994477386	2512.88653152648	1965.6862032473755	634009.7655990456	0.08539577374154	0.0001827010753989
TOI_3505.01_50.000s_R-0028_aligned.fits	28	0	59782.61345104128	2459782.6134510413	2459782.61875646	1.2266332223465577	25	508.0973660239946	21.026902592955395	8090739.367012653	1848.6628864539616	1744.3056236391544	881951.0638767759	0.1090074743320299	0.0001816121854889	2718.3182624507053	3168.323574489209	878684.1160535614	0.1218354665179125	0.0002068481080514	1697.496630942492	571.302199888943	1057200.9553518472	0.1503085493354424	0.0002232492323252	656.7564530892781	3307.7763894877803	792235.6436009373	0.1085476795825492	0.0001957224234986	3130.42774880144	1844.049558533567	863123.3366326999	0.1194201978916312	0.0002039404190506	2077.249184491706	3254.7765487446177	665507.8125511924	0.0896278867089769	0.0001844335719527	3330.264589979831	506.9272790412615	803946.5808673815	0.1103292771541362	0.0001972379054275	634.230514611067	2371.6938515179713	1085900.220269254	0.155021435542042	0.00022653966095	2002.2479245967056	2781.821310255499	635476.9153035795	0.0852387047967574	0.0001811305471674	2300.2918150433457	1053.993151681272	671604.9422611712	0.0905233553958241	0.0001836113606443	2513.469271014118	1966.1833121538352	637058.8441210288	0.0854690299865287	0.0001814610801942
TOI_3505.01_50.000s_R-0029_aligned.fits	29	0	59782.614204745274	2459782.6142047453	2459782.619509961	1.2237303061651852	25	499.4100743469352	20.591901275681824	8293344.526656414	1850.7933257405375	1744.003315010491	906704.3468875276	0.1093291547183654	0.0001775366457943	2720.36265407831	3167.824014745685	897111.8263435288	0.121293077529264	0.0002016517307368	1699.6712319652522	571.1179834876821	1080980.266808469	0.149878767608343	0.000217964145341	658.8970867784683	3307.425448838513	815279.4135821562	0.109022775444515	0.0001913886024449	3132.5144333590733	1843.6515458492431	888358.3421497717	0.1199675894073202	0.0001994910374586	2079.2273850184984	3254.34499734118	685845.2404623565	0.0901538356641078	0.0001802720237375	3332.3861015649804	506.5168441340702	826038.6322153612	0.1106207036235513	0.0001927449804053	636.3504884335143	2371.3622553630826	1115062.056535229	0.1553382805951915	0.0002217178920645	2004.245765372827	2781.3472168524113	646721.5040553932	0.0845760935440242	0.0001762215988539	2302.46444292742	1053.6312225313832	687654.1723027328	0.0904131170563765	0.0001789968831637	2515.5894935148344	1965.8234253292671	650293.0722014161	0.0850829117240041	0.0001767473157705
TOI_3505.01_50.000s_R-0030_aligned.fits	30	0	59782.61495855311	2459782.614958553	2459782.6202637255	1.2208607734396095	25	498.72447351279567	20.0552053320788	8317752.572079328	1847.612311387293	1743.1579043449633	905550.3477538736	0.1088695942692003	0.000176818193131	2717.1853043669903	3166.9825908897856	899541.6875993668	0.1212612719707587	0.0002010930301348	1696.4485898012947	570.2340201140864	1088558.5576334875	0.150578135744906	0.0002178999816625	655.8573057573785	3306.4764291953234	813108.434748357	0.1083473672926934	0.0001904647121864	3129.3129578751	1842.9095035145408	887357.7481409926	0.1194226914136799	0.0001986247835386	2076.1266724902976	3253.4349335726115	688921.0148274367	0.0903049188669732	0.000179831006753	3329.0695056691006	505.94705995232425	831846.9057564066	0.1111217456958698	0.000192547427399	633.2572227741716	2370.4487341256367	1117591.027854918	0.15521749352296	0.0002211522556827	2001.147434862448	2780.4764679437317	645490.756169212	0.084133045985298	0.0001754479044241	2299.2358293695047	1052.9390166798903	692195.5395599559	0.090773111604578	0.000178778970124	2512.4002807504216	1964.966902335021	653140.8997891949	0.0852151325748824	0.0001763442849947
TOI_3505.01_50.000s_R-0031_aligned.fits	31	0	59782.61571226828	2459782.6157122683	2459782.6210173583	1.2180258140923743	25	497.0884655612817	20.27063126105547	8290182.044899563	1848.1711428107524	1744.2946347868235	905190.5758961644	0.1091882628142131	0.0001772899414192	2717.68807286138	3168.1559956776846	899439.1233712824	0.1216980664760145	0.0002016478101245	1697.0827576305585	571.2396023579527	1085003.9986653023	0.1505867019111863	0.0002181776412717	656.4667027307405	3307.640222582522	814055.3398156369	0.1088873118298091	0.0001910723809194	3129.9342768974293	1843.960368945302	883658.883435399	0.1193081914646591	0.0001988931783694	2076.682848900681	3254.700265816206	681312.413650542	0.0895418697742495	0.0001796564498543	3329.7742860572125	506.807183481867	821517.9502819155	0.109995300347481	0.0001921351936033	633.8741801117874	2371.520191486845	1112815.3042700756	0.1550450665939465	0.0002213682778024	2001.587848637383	2781.605461943598	653386.3089507614	0.0855576516044637	0.0001766443281152	2299.8419275258334	1053.9733545241647	690024.3747290882	0.0907907973327099	0.0001790667012111	2513.0332812835827	1966.040569408356	648968.3477295594	0.0849300089552411	0.0001764518550143
TOI_3505.01_50.000s_R-0032_aligned.fits	32	0	59782.61646609939	2459782.6164660994	2459782.6217716765	1.2152220773696436	25	491.56858834016344	21.024999678315165	8166086.435881811	1848.9046643135684	1742.9034118322088	888368.7400832521	0.1087875749367233	0.0001786406517845	2718.419064809472	3166.8027971148235	887422.1086773904	0.1219210103371026	0.000203443095376	1697.764267648223	569.7642690238044	1064699.4639067464	0.1499283827382566	0.000219671545399	657.0696094261843	3306.3330726433824	798641.5568175772	0.108401429522336	0.0001923791204842	3130.6098432628846	1842.498405526601	872319.6352533958	0.1195979607105397	0.000200765114398	2077.3210329775216	3253.30238324984	677211.4661765554	0.0904289988704683	0.0001817568482991	3330.4273440350157	505.1948727173417	811804.3546474904	0.1103852620392336	0.0001940940193858	634.5210930622201	2370.2814989484473	1097824.449713006	0.1553174531251434	0.0002233712417724	2002.372111514729	2780.2951876440657	636102.7213439106	0.0844759757070666	0.0001774064519591	2300.543127095329	1052.4408718345248	675235.516931307	0.090141363676466	0.0001802229736278	2513.6489697963852	1964.69159565592	644825.1624144324	0.0857336474520797	0.0001784825594497
TOI_3505.01_50.000s_R-0033_aligned.fits	33	0	59782.61721991887	2459782.617219919	2459782.622525342	1.2124542244529946	25	485.6410143291469	20.325435415802467	8413500.166970083	1846.1640266873767	1742.5388149872588	916735.6633440828	0.1089600814347191	0.0001741283786341	2715.6177803055057	3166.417759177659	912646.605676178	0.1216723667804475	0.00019810354832	1695.0086138850547	569.5469934294242	1098550.5228788217	0.1501788223198759	0.0002143078273858	654.3488970831288	3305.925323667343	826401.3168977363	0.1089219124764476	0.0001876435468566	3127.8677625338037	1842.2371561889008	898929.3104863702	0.1196248365548056	0.0001955784216253	2074.5364651562563	3252.895850192493	691979.0823363248	0.0896169387808058	0.0001762894255413	3327.675928834098	505.1799921455895	839206.7208038141	0.1107967002821337	0.0001892197363067	631.8155290635185	2369.901905406924	1127586.004423125	0.1547624607244825	0.0002174807676198	1999.5419333970872	2779.8706988378	656897.2578197534	0.0846887826428272	0.0001727146422211	2297.8636063965328	1052.2468410104134	700399.2718726525	0.090806444956248	0.0001758108950055	2510.9360812013783	1964.368799930291	660904.0737753089	0.0852493881830694	0.0001733644862613
TOI_3505.01_50.000s_R-0034_aligned.fits	34	0	59782.6179736224	2459782.6179736224	2459782.6232786886	1.2097206597407508	25	491.68449329662474	19.756506456302183	8238879.0911397245	1852.2051332789051	1743.0777984451074	894593.9721248181	0.1085820003217288	0.0001773122188249	2721.774423187527	3167.0607945580614	893912.4919904552	0.1217040921729981	0.0002020114396305	1700.954932854508	570.1372855144468	1075711.4415637525	0.1501725904219804	0.0002184001909216	660.3198810433672	3306.3592954415453	810506.8724348561	0.1091096203275833	0.000191463139223	3133.874401365037	1842.726424587616	878756.3189804394	0.1193942473764786	0.0001993412651725	2080.6583971116756	3253.4615587972817	680272.4497473742	0.0899997158235586	0.0001802321081063	3333.6129881145366	505.6217889027671	818196.728745605	0.1102589612098195	0.0001926253042688	637.7602637115439	2370.3049797551193	1110367.708635257	0.1557643172683201	0.0002221974061598	2005.6877703961527	2780.367685456543	639112.6328562242	0.0840963516924408	0.0001759911751465	2303.8259035123583	1052.704795243641	685449.779093895	0.0907468317735858	0.0001793730574424	2516.990991687559	1964.8295046728697	646592.6670918668	0.0851644196462142	0.0001769011182364
TOI_3505.01_50.000s_R-0035_aligned.fits	35	0	59782.618726619985	2459782.61872662	2459782.6240319675	1.2070201442954054	25	487.4811372070118	20.7982681852094	8235947.978329624	1849.2062103087085	1743.1139224427743	900420.0700792146	0.1093280424364499	0.0001773303954597	2718.7711090677312	3167.0450183105295	890692.5210644022	0.1212609318010056	0.0002012870243072	1698.060975512807	569.9984654651726	1074721.7463528728	0.1500751004840426	0.0002179206893704	657.3702237358368	3306.497706497771	808167.8265788702	0.1088034123342197	0.0001908469204645	3130.9058505884714	1842.698417148732	883412.1437372208	0.1201506750339006	0.0001994119874406	2077.6579710486612	3253.505194697653	679375.5171366829	0.0899052474684311	0.0001796868451839	3330.730939239478	505.6625162535347	822832.5405107349	0.1109968605524415	0.0001927252748917	634.8019068640241	2370.4534605991166	1102879.6167695627	0.1546150353349977	0.000220983640945	2002.6815570206825	2780.510740937752	641901.6103483039	0.0845269543065664	0.0001758009567936	2300.8822980646555	1052.7373885822813	684301.9506587052	0.0906162640769006	0.0001788742148205	2514.007095987825	1964.897951843695	647662.5051722692	0.0853503083750996	0.0001766075017178
TOI_3505.01_50.000s_R-0036_aligned.fits	36	0	59782.619479618035	2459782.619479618	2459782.6247849604	1.20435314387151	25	482.8825502914655	20.100955417979296	8351642.580015516	1846.309188747932	1744.9771553934183	911531.6453713508	0.1091439961226953	0.0001749358878188	2715.8557229930443	3168.8443044458763	902842.3555331146	0.1212064128885737	0.0001986002225918	1695.1904857273846	571.9383928239558	1091379.2227737512	0.1503222636800293	0.0002153633498586	654.4837121569956	3308.343423296638	821869.952088863	0.1091493717938688	0.0001884927909562	3128.0704352661783	1844.667322324342	891567.3063809178	0.1195118378405504	0.0001963536234487	2074.7471496630387	3255.398708753228	691071.3840996778	0.0902114694095025	0.0001773625606133	3327.894803038648	507.4008595419005	830239.9979719631	0.1103836669977036	0.0001898057152759	631.9716045858805	2372.354901606166	1119897.0818216074	0.1548584753295447	0.0002183967633828	1999.7803367277477	2782.381414951495	653405.1719267545	0.0848772436194554	0.0001735315577917	2298.0079783452547	1054.566059997586	694432.7558205853	0.0906900518288458	0.0001764913158069	2511.1266684702873	1966.844543632677	654937.3515982807	0.0850932096477031	0.0001739629233651
TOI_3505.01_50.000s_R-0037_aligned.fits	37	0	59782.6202326389	2459782.620232639	2459782.6255383315	1.201717018148849	25	478.443595225977	20.582743707149255	8419705.71425893	1849.8252414407484	1744.0680372668194	916026.8377112348	0.1087955884443712	0.0001732242334171	2719.321889774495	3167.9974135300827	911325.7502451544	0.1213744848573146	0.0001968829357472	1698.713394157489	570.9868774384022	1098186.0617028433	0.1499942790318735	0.0002133291805234	657.9647749666391	3307.4466254749896	825469.5503552079	0.1086968501557483	0.0001864601805103	3131.502198025561	1843.6840534949465	899959.3271275826	0.1196794786414202	0.0001947596809048	2078.208356069913	3254.4561957554483	695065.6609422442	0.0899803299758683	0.0001755197875588	3331.317574977658	506.5115923382318	839359.5271302167	0.1107283897608045	0.0001882750508554	635.4853184217973	2371.486938299229	1133707.2641205788	0.1556008104968855	0.000217018999237	2003.2246755417475	2781.4471128017713	655334.4016220152	0.08440276427216	0.0001715668469806	2301.432370287081	1053.663286434857	700077.4829909474	0.0906879790085379	0.0001748498126866	2514.5338410128425	1965.8329575273156	661220.6880221388	0.0852254900004441	0.0001723665496606
TOI_3505.01_50.000s_R-0038_aligned.fits	38	0	59782.62098644674	2459782.6209864467	2459782.626291578	1.1991132570426373	25	473.15188312329434	20.64340916615786	8449858.160244776	1845.7850422637744	1742.0390993276692	922006.0603016265	0.109114974809816	0.000172446831958	2715.294036940218	3165.976692927621	915293.8161125064	0.1214793283735528	0.0001959342425457	1694.7474148622057	568.8721864756958	1107482.9513631563	0.1508344261709075	0.000212751336867	653.908421949796	3305.5124095680826	830466.6859901943	0.108993833535957	0.0001855992953257	3127.498595870607	1841.741454134528	902943.4493693594	0.1196440511071604	0.0001936093096715	2074.217486080063	3252.49965374804	694602.1079837813	0.0895653352130488	0.0001741977669356	3327.2975579585054	504.5361922742472	840230.9152770429	0.1104168296591255	0.0001869796470166	631.4421517001717	2369.4684221721172	1134550.8284035628	0.1550927086091411	0.0002155847043553	1999.2148473010548	2779.5135738768276	660901.0874609958	0.0848510373449509	0.0001708255525212	2297.4629972023936	1051.6148165948505	702587.7975066563	0.090688431487544	0.0001738259086112	2510.5207196535466	1963.8033499924504	660798.5207775215	0.0848367519782809	0.0001711477229765
TOI_3505.01_50.000s_R-0039_aligned.fits	39	0	59782.621739455964	2459782.621739456	2459782.627044655	1.1965417199133703	25	468.4244219080496	20.248527934870793	8516648.036943171	1849.7910053174835	1744.5397755776344	922872.0282301364	0.1083609448490697	0.0001705859223473	2719.27649781113	3168.41192283939	921900.468876328	0.1213865846907914	0.0001941057202337	1698.5887214229367	571.4958045827502	1109421.5590410507	0.1497755688111837	0.0002102719526306	657.8000957458269	3307.8923451753503	839183.1203541287	0.109304715745541	0.00018410600518	3131.4630174286494	1844.2537520505416	910907.4053783042	0.1197657729213002	0.0001920624162887	2078.191569605484	3254.902587635191	702531.0956406898	0.0899053726630804	0.0001728423150806	3331.22920328246	507.06484462182925	847492.9945999248	0.1105066972724782	0.0001854502458081	635.3315557932311	2371.853903668954	1145151.583370569	0.1553485904229894	0.00021398146182	2003.1942104180816	2781.9059285592607	662280.1352030791	0.0843199788306777	0.0001689190632431	2301.434461369978	1054.1679550293074	707533.8808238683	0.0906036032613811	0.00017218512147	2514.5696056362813	1966.4345599471949	670245.7936552279	0.0854207792149041	0.0001699042816894
TOI_3505.01_50.000s_R-0040_aligned.fits	40	0	59782.62249247683	2459782.622492477	2459782.6277982686	1.193999735992241	25	468.70926465157663	20.764492720382066	8484182.5183704	1837.235764067473	1743.51858880882	921544.154753504	0.1086190864892555	0.0001712403193102	2706.7113309052643	3167.355378840112	917376.162817188	0.1212369022955019	0.0001946082927169	1685.9929084584112	570.2778403232151	1110877.850890163	0.1506621387543716	0.0002114864024706	645.3276239834823	3306.792658408529	837283.834064177	0.1094932558453455	0.0001848020244276	3118.9030912718877	1843.274299000875	903078.780313816	0.119122335152918	0.0001922198656593	2065.6789360785892	3253.892921952498	692756.0862866429	0.0889126134123518	0.0001728179908031	3318.6605765618733	505.94682234185166	845460.179413281	0.1106808366500605	0.0001860609945018	622.8060337800721	2370.8248903339227	1141350.122561703	0.1554373109773264	0.000214693905658	1990.6375356317567	2780.840543070105	666325.2648181623	0.0852311884455809	0.0001700752759735	2288.8701139894806	1053.1337816931791	705246.8004028305	0.0906610911790762	0.0001727858317029	2502.018084478178	1965.342199236717	664427.4368024352	0.0849678065197419	0.0001701682444048
TOI_3505.01_50.000s_R-0041_aligned.fits	41	0	59782.6232455899	2459782.62324559	2459782.628551012	1.191491762391042	25	474.4994511804648	20.49109983856428	8258012.336670452	1849.483654777752	1743.5214371216116	902735.1145685426	0.1093162710062645	0.000175705201775	2718.9803232587496	3167.3277344224457	892201.080471685	0.1211273340354526	0.0001993496211357	1698.2410658194783	570.4325078653605	1083272.791049254	0.1509842669773824	0.000216625860199	657.6833240644985	3306.688495276955	810520.1841805419	0.1088312908002947	0.0001889938371294	3131.122016412952	1843.238090719415	884132.6954104666	0.1199006138455758	0.0001974105667698	2077.9152221555573	3253.8288827687884	678877.134278952	0.089571846411282	0.0001777052575051	3330.8965305692604	506.0404411237442	822148.3155230068	0.1105652703149	0.0001905714502778	635.1229844864927	2370.718018143162	1108076.1256565768	0.154977064543552	0.0002194232320088	2002.966634923112	2780.8252676726606	642871.2078793603	0.0844201305014312	0.0001739465003345	2301.0655715785592	1053.1068384210575	688154.4518926769	0.090907182455365	0.0001772613437418	2514.203135688681	1965.297821841756	647758.3503279317	0.0851165219308592	0.000174617559572
TOI_3505.01_50.000s_R-0042_aligned.fits	42	0	59782.62399861077	2459782.623998611	2459782.6293042083	1.189013093475559	25	478.4688508054649	20.839641851907853	8212896.152390762	1847.730781651709	1744.1030941446766	892845.3521763537	0.1087126070523183	0.0001765269655687	2717.2770686686385	3168.144233388097	888071.1411323787	0.121241277404907	0.0002005810632973	1696.475249302819	571.0234183154153	1074453.4393776597	0.1505165037493364	0.0002176891317554	655.9059164434407	3307.478578835192	810435.1485445775	0.1094818531463374	0.0001905287346116	3129.38973554041	1843.8677003308244	874299.9882082873	0.1191372257919693	0.000198144199386	2076.1892572445613	3254.596647495794	675751.9143619908	0.0896562269503182	0.0001788681313471	3329.073904156532	506.66684139575136	813829.0236193928	0.1099907609237397	0.0001914751687631	633.3297349507075	2371.4040701026324	1103311.3876499156	0.155186473494438	0.0002207701744982	2001.1617145232783	2781.5159554236084	647341.4810277728	0.0855643120891161	0.0001757879279775	2299.370145178701	1053.7412156463288	681312.4071759552	0.0904607092245143	0.0001781856209027	2512.4499792999463	1965.9070810306064	644090.2212928312	0.0850979965870785	0.0001758105243103
TOI_3505.01_50.000s_R-0043_aligned.fits	43	0	59782.624752430245	2459782.6247524302	2459782.630057589	1.1865643924473812	25	475.78457666653065	20.59296474647895	8121806.764843113	1849.578799882882	1742.2829552255807	883759.3333104693	0.1088131445254276	0.0001778143897913	2719.117218781864	3166.111980072563	879678.9547398934	0.1214669193648704	0.0002021939930932	1698.4194234008205	569.2246244298681	1060886.6092763252	0.1502476427863199	0.000218966878796	657.72817917825	3305.5767271677273	799611.1347748453	0.1092037382190771	0.0001917385699714	3131.259702900737	1841.9680889165552	865644.0331828437	0.1192977700742355	0.0001996913726316	2078.017010156279	3252.5677300611337	670881.1793320664	0.0900399784741713	0.0001804659785338	3331.017786500699	504.76954653908024	810034.5779332283	0.1107849858045929	0.0001932658199284	635.1648378044084	2369.51926368299	1090633.961574195	0.1551140886577471	0.0002222977602888	2003.0210935417608	2779.5106371033553	631103.591818262	0.0842515818930005	0.0001762797774922	2301.2452218565572	1051.889662463028	674632.3511205802	0.0905890360077332	0.000179535276396	2514.343340455518	1964.072766284075	638700.3710908734	0.0853523039073899	0.0001772743781657
TOI_3505.01_50.000s_R-0044_aligned.fits	44	0	59782.62550545111	2459782.625505451	2459782.6308108456	1.1841464046677612	25	473.2364315464477	20.52653229601732	8207502.852486864	1844.3006006664416	1742.4802881401542	894183.1258216185	0.1089470380812213	0.0001762259628685	2713.7991026221944	3166.534515940786	885529.5685456935	0.1209413820845086	0.0002000129475648	1693.183144820544	569.4838959015069	1077083.157606286	0.1510546648999635	0.0002175005364642	652.3871470136299	3305.974032035595	805604.5590457986	0.1088375612725802	0.0001898080179399	3126.0040399400914	1842.262194343496	875223.596548916	0.1193658296415985	0.0001978599117693	2072.75603807728	3253.005050488854	673758.9197605856	0.0894321503062779	0.0001783728865818	3325.7092165132512	505.18920823473127	819684.1335879993	0.1109507643292811	0.0001915379708746	629.9329473685993	2369.762024230643	1102747.8995905223	0.155212657846978	0.0002204011833876	1997.710542952759	2779.9728680083026	642879.6940942035	0.0849850257750055	0.0001750495160641	2295.992179619546	1052.1960493211673	682024.2804378354	0.0906286921035156	0.0001778174405258	2509.0982456538773	1964.349187022411	642967.0432690247	0.0849975543093511	0.0001752818229522
TOI_3505.01_50.000s_R-0045_aligned.fits	45	0	59782.62625846034	2459782.6262584603	2459782.631564005	1.1817587786928008	25	475.39792295425065	19.6144182854672	8175267.004570336	1847.268933159244	1743.1370391653877	890133.7340345251	0.108881304248155	0.0001769271865429	2716.8849808898167	3167.10232152574	884684.7270489344	0.1213462372925449	0.0002011333234433	1696.1276409762218	569.950860499488	1072340.052225948	0.1509715726235946	0.0002184171069761	655.5327969022129	3306.388428320827	802543.5449500277	0.1088530648606964	0.0001905967386277	3128.983591613067	1842.843557313932	868552.5180062018	0.1188704608074298	0.0001983505841508	2075.7387823803665	3253.530722050046	673122.0912578454	0.089723952154456	0.0001793261793239	3328.795436517733	505.61090091238384	813284.7410153372	0.1104708911133145	0.0001921057511512	632.9927414545252	2370.325983084914	1102312.5908708358	0.1558489601934635	0.0002217073469761	2000.7575053637383	2780.5228320768597	637230.9928455316	0.0845354137144437	0.0001755642316806	2298.980287572158	1052.742427530757	678585.411409264	0.090518104974381	0.0001786009701105	2512.1203436970486	1964.9813651025504	642610.3349404101	0.0853099196106041	0.0001762757833024
TOI_3505.01_50.000s_R-0046_aligned.fits	46	0	59782.62701145839	2459782.6270114584	2459782.63231674	1.1794022652969365	25	488.47154593733467	20.082233689894657	7863059.231258699	1849.43573522674	1744.3076398313233	856417.3421341554	0.1089165574042181	0.0001836101850241	2718.9727180605446	3168.20552284972	849481.1946816159	0.1211195184899088	0.0002085178072727	1698.3069508081633	571.1926653837381	1031020.8813286866	0.1509097034473246	0.0002263027922731	657.4934898603586	3307.7228480374115	774337.994807744	0.1092352159125706	0.0001982875437629	3131.1653183195904	1843.991583082812	841372.4067577061	0.1198248266815146	0.0002065632594466	2077.8349393550147	3254.7043591117217	645161.8197803965	0.0893836228199121	0.0001861838406124	3330.989175854689	506.85458424691706	780577.8701904841	0.1102124849182453	0.0001993139040197	634.9843401183355	2371.654618637598	1056362.1836267626	0.1551945350637095	0.0002292608778681	2002.8941120998268	2781.6732354263004	611777.2435341944	0.0843681496002852	0.0001824411695617	2301.107199248626	1053.9289590832782	657362.4919027885	0.0912281651144741	0.0001861099163974	2514.2275515647843	1966.1359740950315	615605.14464832	0.0849408823141972	0.0001831059868994
TOI_3505.01_50.000s_R-0047_aligned.fits	47	0	59782.62776528904	2459782.627765289	2459782.633070309	1.177072708180251	25	490.2159590707837	19.270920377962263	7841378.530217497	1849.0346004993944	1743.7035386862622	852646.6755144483	0.108736833992734	0.0001841494297802	2718.5231224814024	3167.670378417949	847886.5579106769	0.121239369583633	0.0002093231444131	1697.9348518773234	570.598632319729	1027531.4156377655	0.1508004800165145	0.000227023562392	657.1026351248905	3307.138019767759	767630.3128792313	0.1085181843195542	0.0001985475705131	3130.7589733389223	1843.3652449324657	839391.1965196622	0.1198789938507886	0.0002072340125964	2077.413462202679	3254.0633593734256	644792.3124424908	0.0895969690253837	0.0001870786525699	3330.580151528675	506.2799774824789	780612.9093846387	0.1105564114862321	0.0002002785316036	634.6503253911782	2370.9237364339765	1052502.3037528703	0.1550333617292904	0.0002299685968425	2002.4113268808576	2781.1243165953174	613514.9723133832	0.0848819249835544	0.000183458657615	2300.726329759514	1053.2899145603103	650938.3958655712	0.0905283103263387	0.0001863784129212	2513.8359916595887	1965.5050367348829	616578.1535112053	0.0853418947738867	0.0001840643738194
TOI_3505.01_50.000s_R-0048_aligned.fits	48	0	59782.62851828709	2459782.628518287	2459782.6338234944	1.17477365624622	25	472.71751817351696	20.097854688939343	8075116.60279596	1853.642002583896	1742.5939422767328	877594.6671433526	0.1086788848150491	0.000178235244462	2723.172414120109	3166.6005397886634	872133.3079293267	0.121079457250841	0.0002025247289391	1702.5592610717392	569.5946786506929	1058252.155307021	0.1508155335230578	0.0002199438514803	661.8051638927225	3306.0767151884793	793094.0540719507	0.1089112329391126	0.0001922401059504	3135.2780870472966	1842.3742247439131	864293.0450600593	0.119860517753597	0.0002005841173029	2082.038096469608	3253.0313938972668	664224.292981395	0.0896281129469031	0.0001807494143688	3335.2108253346432	505.1601441646817	806030.4380376148	0.1108846999152899	0.0001938818405733	639.2932317533408	2369.9329099709903	1084850.715157563	0.1551944851019209	0.000223031107314	2007.0409607406732	2780.1067634083574	631214.8501232744	0.0847962360460548	0.0001771478254737	2305.378331501306	1052.1852632624446	668503.842318879	0.090257701318763	0.0001798507285508	2518.434527505372	1964.4356304860007	632519.9018088765	0.0849864539516145	0.0001775102106202
TOI_3505.01_50.000s_R-0049_aligned.fits	49	0	59782.62927140016	2459782.6292714	2459782.63457686	1.172503135504528	25	471.2928127044887	19.502701886587076	8078420.387235432	1847.4159745930408	1742.2932638507282	880133.0660653089	0.1089486587570995	0.0001781841639644	2716.8477813157997	3166.259397713239	873776.4857027103	0.1212796215392162	0.000202483506303	1696.252712118817	569.2394770821593	1055561.4715763263	0.1503036703788403	0.0002194271799447	655.5220441398967	3305.5192420939075	795249.5526841257	0.1091900177476914	0.0001921909206365	3129.199335232789	1842.015793027459	864214.584080912	0.1197934474925876	0.0002003730504512	2075.7970906636897	3252.6813468220894	664632.2846349031	0.089648136072539	0.0001805452380718	3328.8617075453753	504.83183684991263	801369.4841429194	0.1101228361343966	0.0001932231933313	632.9532669530641	2369.5657235488507	1085122.2629447854	0.1551660237643384	0.0002228418503578	2000.787058283836	2779.6122684915163	633704.3027606	0.0851213525902114	0.0001771743701764	2299.1318622511753	1051.9586414773944	670572.561638572	0.0905219137090661	0.0001798473745515	2512.223403780889	1964.170981909298	634217.3970695782	0.0851961449610401	0.000177453013756
TOI_3505.01_50.000s_R-0050_aligned.fits	50	0	59782.63002440939	2459782.6300244094	2459782.6353295	1.1702636118971703	25	458.9511184205507	20.11646689132907	8267904.50603324	1845.774098091297	1744.5960262697554	893555.4594985693	0.108075203196472	0.0001734033194354	2715.3767157182697	3168.570350786617	891386.9705674798	0.1208411647205821	0.0001972850863582	1694.6980883332153	571.6570211096091	1082336.6714908597	0.150626463546536	0.0002143900274814	653.9150288310732	3307.986264578644	814032.7201588919	0.1092093805130302	0.000187294766836	3127.4591381615983	1844.2920389408323	878687.9916581666	0.1189149066005518	0.0001948480890754	2074.2314179733235	3255.066578722026	684691.4402572357	0.0902904130898464	0.0001762835467631	3327.3626581771605	507.3030801865106	821227.9183891619	0.1102811312836906	0.0001884627990485	631.4573594916084	2371.827282322228	1114100.8938409216	0.1557354596570341	0.0002179166324736	1999.2414119137609	2781.919024356719	646439.2103435822	0.0848182318312435	0.0001723347525885	2297.505823423414	1054.2864075309817	686970.6422084806	0.0906182080662405	0.0001752083069912	2510.6589969142437	1966.431677684749	648030.04711846	0.085044714399501	0.000172739554936
TOI_3505.01_50.000s_R-0051_aligned.fits	51	0	59782.630777430255	2459782.6307774303	2459782.6360830753	1.1680499263543196	25	469.95449859851584	19.830819891827133	8083242.45481012	1837.390834672343	1742.7785065343364	882443.5017619663	0.1091694956195268	0.0001780714200446	2706.8669939084707	3166.7501968363126	873388.2751893497	0.1211381330926292	0.0002021158599599	1686.207243402894	569.6564938431352	1058601.7253044462	0.1506983440246261	0.0002193710736772	645.5411359031075	3306.097472023961	795084.4184940258	0.1090926424114581	0.0001919118148602	3119.2147260669526	1842.57085758132	862999.4897213704	0.1195249929807262	0.0001999067350722	2065.7570901051167	3253.2000612166157	664241.7197436206	0.0895325049105372	0.0001803005663883	3318.9984398375677	505.355805424103	800055.1483112288	0.1098495912081416	0.0001926834895989	622.9066305229119	2370.002503850428	1090778.3325090243	0.1559934113970211	0.0002231663413601	1990.8194096607904	2780.2030574028404	635758.2717383443	0.0853655081515219	0.0001771472175773	2289.050241258418	1052.3929808320777	670411.8856528507	0.0904393914575963	0.0001794765527112	2502.182014183607	1964.7181882058549	631923.188145858	0.0848068866103964	0.0001769594650753
TOI_3505.01_50.000s_R-0052_aligned.fits	52	0	59782.63153123809	2459782.631531238	2459782.63683651	1.165865056433658	25	480.49557758625775	19.816117609511856	7838913.050150306	1846.9029964170231	1742.9254444379776	849278.2835797798	0.1083413322926825	0.0001829515015944	2716.489981737113	3166.894372265162	849526.9219088128	0.1215452839951412	0.000208356933828	1695.7490641850666	569.80245024429	1022898.3621669008	0.1500727931191617	0.0002253090675593	655.0433196784523	3306.279262894847	771829.2636141946	0.1092146756607936	0.0001978788289047	3128.7023332146423	1842.71046228449	835323.9020806964	0.1192708316293705	0.0002057058065102	2075.389324433747	3253.3986041700905	645094.6879559275	0.0896734745689561	0.0001860588285088	3328.4723962240087	505.4043226499016	775626.5020124112	0.1098109919123826	0.0001986210498054	632.4403496725467	2370.25558443552	1055623.7450056048	0.1556212181905584	0.0002292778477348	2000.330108413713	2780.279804871494	614911.5604715421	0.0851206303528719	0.0001825518347338	2298.6783646073686	1052.5435219980725	651543.0228795783	0.0906511033114278	0.0001853077034126	2511.7867993144296	1964.88321815256	616535.082054637	0.0853645551061072	0.0001828780293753
TOI_3505.01_50.000s_R-0053_aligned.fits	53	0	59782.63228425896	2459782.632284259	2459782.6375896996	1.1637090631374118	25	462.51335720334015	19.53395768528891	8212855.083701074	1846.6495188761091	1745.20452617118	888933.6401041197	0.1082368592949198	0.0001747128410139	2716.1608508021995	3168.9853994069695	882526.9847648147	0.1203939268274885	0.0001983824187358	1695.4563039378202	571.9734635712712	1076592.269434089	0.1508621946044	0.0002159571150587	654.7287681856493	3308.3167933063587	805922.7675004641	0.1088065521724468	0.0001886549560464	3128.4342344696715	1844.929540102477	879219.3948205255	0.1198886107955459	0.0001967780744339	2075.044452138968	3255.4045541236474	675081.7593571073	0.0895598382053843	0.0001772763825779	3328.2353447637433	507.5813442379131	822163.1001056641	0.1112430475969721	0.0001902735554857	632.2441527577041	2372.3747148428815	1101768.788369522	0.154936776550277	0.0002190399235314	2000.053872588104	2782.4558566781634	642127.141118556	0.0848170936782486	0.0001737973791348	2298.393181984472	1054.731748570218	685286.2096385917	0.0910368567997912	0.0001767313230802	2511.4743203530097	1966.9812642842976	642166.66859174	0.0848227576385424	0.0001738694409755
TOI_3505.01_50.000s_R-0054_aligned.fits	54	0	59782.63303737249	2459782.6330373725	2459782.6383427386	1.1615814351577705	25	451.0453588475795	19.023042734822763	8405078.247508828	1847.4224803625536	1743.4881336355998	912612.5527506009	0.1085787099032765	0.0001707598651226	2716.912384764307	3167.361720548325	906288.8457824516	0.1208580208391778	0.0001939225114588	1696.2899253814803	570.3388466118945	1101560.505089963	0.1508260189048484	0.0002110786973185	655.5532765022479	3306.7688596756034	827779.1495733822	0.1092446185473824	0.0001841893712123	3129.118791867815	1843.289203835908	896266.5860461735	0.119361974498051	0.0001918365786943	2075.81477066694	3253.813677249289	691638.9632450371	0.0896667410938272	0.0001728271211426	3328.966558343131	506.0277803243516	839172.1908790299	0.1109149630722266	0.0001856239211123	633.1167852954213	2370.7300547860323	1129783.7705734037	0.1552904523872006	0.0002141705617108	2000.8016492363447	2780.7650088463606	657069.3572853315	0.0848049307370345	0.0001692973029525	2299.1152762322517	1053.1524897972176	698789.261054706	0.0906777908644506	0.0001720959566963	2512.1734198044246	1965.3720157871348	656729.6179793493	0.0847573656503411	0.0001694708064971
TOI_3505.01_50.000s_R-0055_aligned.fits	55	0	59782.63379027741	2459782.6337902774	2459782.639096006	1.1594808909023986	25	463.8057636446402	19.51953687613443	8048080.986695088	1847.9765478205911	1743.3033790925433	873073.7410224134	0.1084822260692654	0.0001777046665868	2717.565248538066	3167.161848505642	868010.8873766445	0.1208917009680782	0.0002019619879181	1696.8799155971135	570.1955315570835	1056987.4604966375	0.1511905764864508	0.0002197333473574	656.1170348378171	3306.5537240102813	794601.2715737113	0.1095475968475104	0.0001920769049202	3129.7377478982166	1843.1379577094744	858740.8121778679	0.1194464013848857	0.0001998262539088	2076.384192565144	3253.616275689163	661408.922292133	0.0895408536517443	0.0001802404216593	3329.3954900278277	505.87869705129606	794979.112590328	0.109605397302992	0.0001926418476174	633.6293473293181	2370.6231336869187	1085729.0011398215	0.1559428485362956	0.0002230885458138	2001.4052354767937	2780.6896159695107	629651.1115209891	0.084876600859722	0.0001767334482096	2299.688195232284	1052.9484119073204	668940.5171482853	0.0906529046179506	0.0001796024376748	2512.7625508572496	1965.2114659508693	629031.8903786705	0.0847860530658824	0.0001768393871744
TOI_3505.01_50.000s_R-0056_aligned.fits	56	0	59782.63454341423	2459782.634543414	2459782.639848924	1.1574088202492572	25	461.23774655602574	19.480071310964966	8095455.139013341	1847.8398673284253	1745.0127268151973	882579.3310014472	0.1090215825850422	0.0001769283685052	2717.342184484957	3169.053801225873	871739.2710966397	0.1206774030202889	0.0002005255983045	1696.7714427081626	571.9010378515254	1059467.0193942953	0.1505782842981348	0.000218037238432	655.8044657504607	3308.414994134956	794476.7049152171	0.1088178402506619	0.0001905069701353	3129.6385932217822	1844.7871781636	864860.3774334005	0.1196112361363233	0.0001986673388715	2076.1787448107434	3255.537637091227	665331.5488020699	0.0895451523415577	0.0001790576341546	3329.4502009968255	507.52774864614366	808404.7752653346	0.1109371741530741	0.0001921407440119	633.3094802835207	2372.349297254435	1089701.662097196	0.1555438206165471	0.0002215507951917	2001.203970481267	2782.420562011842	631952.8978234744	0.0846724335843069	0.0001755072128404	2299.514177480747	1054.5886976206566	674180.9927671733	0.0908443724731808	0.0001785087440045	2512.646679057113	1966.9164425473696	635339.8894185387	0.0851648893028894	0.0001759590195168
TOI_3505.01_50.000s_R-0057_aligned.fits	57	0	59782.63529641181	2459782.635296412	2459782.640601862	1.1553639852021034	25	439.79787606606584	19.727156191464875	8437249.581561588	1848.9356433687444	1744.151056359494	910836.0355578476	0.1079541415425651	0.0001688678277812	2718.463265520705	3168.137893842341	912316.2292756202	0.121239110908334	0.0001923188330076	1697.9201766720375	571.0665367073948	1104251.7374101786	0.1505866714921917	0.0002091441400973	657.1727596667957	3307.526806877423	828329.493254497	0.1088629508052557	0.0001821879771796	3130.592712220225	1843.9926538694529	905503.883775542	0.1202249677709797	0.000190583897771	2077.3929448013137	3254.569981151896	692837.6508527282	0.0894629130076906	0.0001708189870629	3330.326417214286	506.6395508794453	831934.3759268232	0.1093885464879147	0.000182849235344	634.6413197351753	2371.3796700157563	1135442.0575000015	0.1555015047655514	0.0002124937060446	2002.3429462849072	2781.5647812526927	661558.0040023926	0.0850802783782812	0.0001676854220633	2300.6598196873015	1053.806078851127	703142.1349799145	0.0909144513231051	0.0001705376364448	2513.8004835417687	1966.0023793749851	661934.0145838901	0.0851327523470777	0.0001679391251547
TOI_3505.01_50.000s_R-0058_aligned.fits	58	0	59782.63604862243	2459782.6360486224	2459782.6413543285	1.1533474917113502	25	415.7148017356055	19.52430100811135	8564604.73478919	1846.9219866394496	1743.2456663303738	934028.1248964592	0.1090567695555712	0.0001652709936691	2716.320744690837	3167.0521393016884	925660.551128868	0.1211765040918682	0.0001875540408798	1695.83295379269	570.1411002950381	1121750.159026063	0.1507150445581624	0.0002043906825295	655.0110545906892	3306.5160895257013	843310.6271442643	0.1092188194604962	0.0001776771958576	3128.593113924654	1842.9854022042289	913397.1140596286	0.1193794704492065	0.0001853181506132	2075.21251138594	3253.501593172074	707708.7184853776	0.0900748485173807	0.0001665800183761	3328.3960239435173	505.7314478502972	850311.9133022663	0.1102255168398403	0.0001788480142587	632.4842967670774	2370.3660862033066	1150080.506849225	0.1551118415009564	0.0002072651428559	2000.2321319252635	2780.4144202839007	668151.7120938253	0.0846141565299605	0.0001627976144889	2298.610080339103	1052.8614695948754	711029.4027550691	0.0905357588988592	0.0001657594537061	2511.673029898645	1965.1051622050331	673204.0299446039	0.0853085599279377	0.0001634714444365
TOI_3505.01_50.000s_R-0059_aligned.fits	59	0	59782.636801747605	2459782.6368017476	2459782.642107536	1.151355902946677	25	430.2996811926527	19.309012554634194	8190174.476211075	1847.7654628825424	1742.4750277166222	888531.0603385589	0.108487439787682	0.0001720100639018	2717.297856260154	3166.4028890880704	885543.2824172307	0.1212303891768835	0.0001956353719672	1696.7183926238088	569.532560956729	1077293.0313873438	0.1514566269301907	0.0002132406213579	655.9126017026045	3305.8002846163135	808610.6604713897	0.1095446277585776	0.0001857351216019	3129.505802213154	1842.212347016251	876877.5152286101	0.1199018062451016	0.0001935816118982	2076.139332315176	3252.8582420664043	674254.9368133307	0.0897102388176124	0.0001739654459018	3329.768780157939	505.0201780618754	796235.0357399886	0.1076875246477889	0.0001848203774505	633.3142244228964	2369.671000017305	1102733.153568532	0.155589740128865	0.0002160535462592	2001.132888036872	2779.9231985130614	640979.298988034	0.0849069713976871	0.0001704279767206	2299.5190422941664	1052.192670228732	683681.3753381473	0.0910786656499614	0.0001735563440847	2512.5770889260566	1964.330217252958	643966.1862584689	0.0853363916704866	0.0001709528891637
TOI_3505.01_50.000s_R-0060_aligned.fits	60	0	59782.63755474519	2459782.637554745	2459782.6428602245	1.149392366859512	25	421.3214725784064	19.82921125113196	8350897.142158372	1847.9389339433671	1743.7817139184954	907833.3102508208	0.1087108719933512	0.0001687688410283	2717.426732484604	3167.807370066672	900384.8256996236	0.1208487131429345	0.0001915302463867	1696.8476887057168	570.6755551260617	1096499.8173461356	0.1511496776714689	0.0002090235166746	655.9955853063282	3307.1958338032264	821431.1748390933	0.1090955425530063	0.0001817420792846	3129.6745798251413	1843.45722016766	889990.1414716243	0.1192871243924772	0.0001893671964026	2076.300688865497	3254.214907533973	688655.1467289047	0.0898764548469871	0.0001703861035272	3329.522312142905	506.30274221302034	828243.2961804385	0.110099881390032	0.0001827231999638	633.5490949813492	2371.0450149796807	1127873.3443086264	0.1561497477890614	0.0002123991860206	2001.318267944387	2781.1914559950874	647778.0130357817	0.0840929501644051	0.0001663442598963	2299.65420407779	1053.3722003015223	694284.0955422319	0.0906777045300823	0.0001697549846957	2512.785472145307	1965.5775731881208	655757.2870059129	0.085217071989515	0.0001672762930746
TOI_3505.01_50.000s_R-0061_aligned.fits	61	0	59782.638307754416	2459782.6383077544	2459782.643613338	1.1474542222349975	25	417.25545261734743	19.935080607685844	8415428.82997009	1849.465576504282	1743.525211842399	915734.4125634922	0.1088161317819317	0.0001674584690641	2718.8973138196175	3167.3363613737897	907936.6894844876	0.1209374145845939	0.0001900477001862	1698.3556583184522	570.3891365782961	1106995.785150365	0.1514682803224164	0.0002076133550968	657.601254322123	3306.687026438642	829290.4538211317	0.1093165471946103	0.0001803905448852	3131.1224374854933	1843.2471843986227	898463.2968140778	0.1195247327995737	0.0001880167250108	2077.816322415299	3253.7745740559185	691621.4875881405	0.0895441143117445	0.0001687508362517	3331.105590528096	506.136173289342	830879.5403073524	0.1095489670612055	0.0001809002908979	635.131939454279	2370.6797615955957	1131616.9077691217	0.1553605337227294	0.0002102349427351	2002.770947523111	2780.7541565461443	656457.9549939688	0.0846063177155552	0.000165213154299	2301.1632732417243	1053.133615356778	701277.4086667656	0.0909079133098327	0.0001683693780841	2514.2554950514887	1965.3725750356955	660889.3053746794	0.0852261186210359	0.000165812276561
TOI_3505.01_50.000s_R-0062_aligned.fits	62	0	59782.63906087959	2459782.6390608796	2459782.6443660157	1.1455434916183589	25	420.4625014311825	19.264390543934596	8363239.100525696	1851.429245180628	1747.714270612733	904332.09504459	0.1081317996740934	0.000168184819554	2720.945178314465	3171.6378657983096	904111.5951671004	0.1212087599411046	0.0001914009050013	1700.3553581567337	574.7564394247152	1093783.3475569966	0.1504628936093761	0.0002083465027826	659.5515203774771	3310.9109550968215	827411.8079959207	0.1097970768008616	0.0001817254523485	3133.1581234452915	1847.5092594073967	896887.5272546151	0.1201239344883514	0.0001896767690601	2079.7727952682662	3258.0663728328855	690926.5876706066	0.0900545417711997	0.0001701520221144	3332.899953782287	510.0543186566051	816956.0698858835	0.1082593995704688	0.0001813463968919	636.9671755080833	2374.9071423428254	1129482.6110943928	0.1561405353835998	0.000211986878373	2004.789525807016	2785.1213764421736	655363.6600074421	0.0850252011809077	0.0001665563791128	2303.1106789826645	1057.3765049800313	693747.6147323358	0.0904554905651052	0.0001693895466152	2516.296314004797	1969.545084324959	654568.2791604028	0.0849132482536686	0.0001667695952059
TOI_3505.01_50.000s_R-0063_aligned.fits	63	0	59782.63981390046	2459782.6398139005	2459782.645119224	1.1436575397465578	25	417.02141607432907	20.811413034601316	8272791.083264389	1848.7645826233284	1743.7232495040485	897414.2437875471	0.1084778081248769	0.0001693994437347	2718.312774986214	3167.683781542225	893072.0306257573	0.1210170772431286	0.0001925124693417	1697.6220677880956	570.6340229933362	1080218.6354155294	0.1501852978538435	0.0002093946149375	657.0190676821079	3306.9047453823923	813841.7155253587	0.1091094302161823	0.0001825312783772	3130.409856283899	1843.421843141818	884007.277255397	0.1196417841507923	0.0001904432985433	2077.2150219970463	3254.082817089784	682578.2382986239	0.0899287348379626	0.0001712065550684	3330.3625604707418	506.2660793561077	818697.9443866825	0.1098319982234548	0.0001834698181811	634.438891170912	2371.0137899043702	1114960.2158940462	0.1557678906575872	0.0002131279204836	2002.1918636087723	2781.123286106259	646077.0759427233	0.0847123774829484	0.0001675098735056	2300.4680648228773	1053.3527664577018	690282.4802405261	0.0910361618271353	0.0001707593914288	2513.554758129589	1965.6214255600707	649055.4696797442	0.0851361461857622	0.0001679914659097
TOI_3505.01_50.000s_R-0064_aligned.fits	64	0	59782.64056621492	2459782.640566215	2459782.645872412	1.141797589603322	25	417.01521807313975	19.41039392768056	8328533.932339457	1848.453740476065	1743.2919941638756	904148.6372054862	0.1085603594282906	0.000168600805524	2717.988188274996	3167.15819403026	898018.9508986152	0.120855546774563	0.0001914789399252	1697.3261584010336	570.2345232205835	1089551.8450430306	0.1505117476330087	0.0002086151857003	656.5918285065522	3306.4767049220236	821096.3955692068	0.1093710592392684	0.0001818710309825	3130.165514868677	1843.043265233988	891758.3994190883	0.1199119693033011	0.0001897206227416	2076.7998493843756	3253.446002370468	685588.4583729458	0.0897021260596723	0.0001702213934814	3330.006604032278	505.91285460643576	826310.3027993266	0.1101420516906102	0.0001827707974624	634.0596319353298	2370.5767535359064	1120898.179999432	0.155515375431607	0.0002119788444923	2001.8482409968717	2780.60874107763	650874.8823650122	0.0847751740639197	0.0001666375893812	2300.1758305811545	1052.9624065645337	692498.8891999434	0.0906882806702294	0.0001696748228858	2513.277784972194	1965.1783559142457	651937.6286728566	0.0849253501009906	0.0001669829763026
TOI_3505.01_50.000s_R-0065_aligned.fits	65	0	59782.641319224145	2459782.641319224	2459782.64662475	1.1399654658137837	25	409.6979388300605	19.481562229400133	8478305.453730682	1849.204279924106	1743.4592946747948	922149.1544128052	0.1087657385600603	0.0001657869178289	2718.6010875262295	3167.4323734366635	911890.7559952718	0.1205182100669418	0.0001879804651358	1698.1486104233245	570.3404949849569	1116360.1239555296	0.1516392847200925	0.0002057705331134	657.3533844074835	3306.78387250955	833308.2093898414	0.1090004590919496	0.0001784458944345	3130.959839865198	1843.1394425500464	900546.1689686755	0.1188406935516637	0.0001856857495302	2077.5457297550174	3253.852990882956	696592.4074166603	0.0895165888629903	0.0001669784948836	3330.7982051196177	506.0370044632437	847268.1969278512	0.111029230812959	0.0001799985285102	634.8179587442837	2370.6771685631948	1138044.6465223972	0.1550414455852596	0.0002081715939766	2002.550813956517	2780.8561084629373	663598.117453213	0.0849165667884522	0.000163676942117	2300.931253604023	1053.1575265304568	705609.6362069964	0.0907805544912984	0.0001665435966727	2514.0059883391964	1965.2562959149288	665087.1908942445	0.0851233343957292	0.000163957376854
TOI_3505.01_50.000s_R-0066_aligned.fits	66	0	59782.64207153907	2459782.642071539	2459782.6473772163	1.138158568049209	25	408.9812218253167	19.37891605650281	8472506.89789041	1849.013134345014	1743.8078943024088	918935.3049497396	0.1084608506106437	0.0001656443248431	2718.5570656610266	3167.774944083558	914634.4268585832	0.1210174464261256	0.0001882352620591	1697.8457890935383	570.8589816402996	1109848.4072319209	0.1507401719963057	0.0002052598475009	657.2060686315957	3307.0000761104748	828634.8168946427	0.1084051130257398	0.0001780676047249	3130.7057139616572	1843.579302854958	904840.0698699772	0.1195665837877099	0.0001861725300724	2077.462385004033	3254.1793380234435	697256.2178427491	0.089676364986148	0.0001670997881983	3330.5324692962968	506.5079950391514	841572.1248436389	0.1102842770739119	0.0001795676944894	634.6540084233771	2371.039085643525	1142730.8007721957	0.155902552224136	0.000208742186623	2002.4761446528175	2781.160026787758	660975.8958623391	0.0846154096669056	0.0001634544578785	2300.728918204098	1053.5270589555184	707387.7626531114	0.0910981210118284	0.000166781720506	2513.819736388013	1965.697026761171	664626.3750612497	0.0851225083578027	0.000163991066862
TOI_3505.01_50.000s_R-0067_aligned.fits	67	0	59782.64282452548	2459782.6428245255	2459782.6481302613	1.1363756776104272	25	402.017687805064	19.162934711927576	8642838.159212943	1845.8152694828052	1744.812282607566	939420.9956006998	0.1086935770744836	0.0001626748933032	2715.2690600033948	3168.84181831782	931474.3490756162	0.1207924268663221	0.0001846421493971	1694.7074824641168	571.8428594774691	1132473.254854064	0.1507880468227046	0.0002016195772191	653.8815814552182	3308.0951653628495	850516.518441398	0.1091480251522556	0.0001751010464258	3127.5229882421795	1844.6157524824007	917756.1541299832	0.1188021244986289	0.0001822032882795	2074.1631693921977	3255.2772141060495	712328.226246194	0.0898212387686547	0.000163851789361	3327.358903882929	507.5263861117983	858381.7426610941	0.1102686811677619	0.0001761922331303	631.3818855490614	2371.9930104013592	1166671.4030764012	0.1560520840601611	0.0002051511108506	1999.1741462405173	2782.1504561846796	674398.261768363	0.0846336636089377	0.0001601942231878	2297.489852407426	1054.5425583711926	719988.74912421	0.0908749758902898	0.0001633312257586	2510.590230315668	1966.641176405035	678849.4998356174	0.0852398878087672	0.0001608136539107
TOI_3505.01_50.000s_R-0068_aligned.fits	68	0	59782.64357683994	2459782.64357684	2459782.648882399	1.1346201258030422	25	418.7613346465338	19.637318300883173	8212451.162544661	1848.8277294028508	1743.989145415096	892608.3595016066	0.1086896398937036	0.0001706099515453	2718.390998942996	3167.978676590078	888444.645799391	0.1213058240415396	0.0001939209942582	1697.7708907318065	571.0043291775914	1075945.276667813	0.1507663965915182	0.0002110289220879	656.8966910733853	3307.2199020759617	807627.9979466832	0.109067830519965	0.0001836739328851	3130.5886723067547	1843.7442837624656	876828.7155766817	0.1195302405372703	0.0001916948148693	2077.1990681272277	3254.391017509683	677067.3387300349	0.0898517387515483	0.0001723657066718	3330.490481156809	506.71580130609664	813510.6910744166	0.1099496197072071	0.0001847599567202	634.3652513824105	2371.178020034118	1105453.159519243	0.1555443182970723	0.000214275701088	2002.19208918314	2781.3570023863813	639678.8143269747	0.0844708892480477	0.0001685241912885	2300.547714032761	1053.7501050378569	683306.6197815759	0.090754881368078	0.0001717122333772	2513.64437623899	1965.831766116522	644587.903121847	0.0851743591322511	0.0001691686394933
TOI_3505.01_50.000s_R-0069_aligned.fits	69	0	59782.644329965115	2459782.644329965	2459782.6496356763	1.1328869765748413	25	412.4814161818253	20.40346323229048	8313148.968766302	1842.6215396105636	1744.0528931304575	906065.2766942948	0.1089918248907258	0.0001686214818629	2712.1734982202493	3167.961085007013	898683.6612450283	0.1212068064211453	0.0001913647364389	1691.5012940562056	570.9663996195582	1085396.2152026065	0.1501706342496904	0.0002081243541586	650.7346486270332	3307.1720820139617	819331.7898612745	0.1093343712958037	0.0001815998963881	3124.299941329102	1843.8705008468196	887674.789948008	0.1195445258540074	0.0001892059720185	2071.020388998938	3254.3501491713705	684365.2645362915	0.0897083062083441	0.0001698919039646	3324.1702370704606	506.6758816432962	822683.0986667902	0.1098306985084575	0.0001823138891394	628.3008336756678	2371.2025434186667	1120196.3749368582	0.1557352645279258	0.0002119230327202	1996.015665328664	2781.338690700278	650001.9349637438	0.0848218012908469	0.0001663355544469	2294.3262823627574	1053.6384296465835	693953.7272177526	0.0910796619875974	0.0001696043360519	2507.467016419793	1965.9372926280864	650862.1121879481	0.0849435846465549	0.0001667038082568
TOI_3505.01_50.000s_R-0070_aligned.fits	70	0	59782.64508298598	2459782.645082986	2459782.65038845	1.1311798781380875	25	412.7791329107149	19.549137543383058	8340262.722801508	1847.36502103378	1742.939095275714	907629.0528355076	0.108824995446982	0.0001681499690319	2716.821567007862	3166.8947863514445	898993.5903497722	0.1208118634534017	0.000190701940821	1696.311560646513	569.9107200550861	1090755.130116504	0.1504592023901198	0.0002078507877095	655.3662801997691	3306.2404348029704	820551.777128129	0.1091201221770699	0.0001809627160337	3129.104786261163	1842.7789304714424	885702.1630190618	0.1188134640420588	0.000188304845662	2075.7057393455107	3253.289751853298	690753.1386921	0.0903003167846244	0.0001698621893385	3328.9869228727066	505.6218525251384	827262.9770933941	0.1101108751622116	0.0001820724524363	632.9390547699811	2370.1529890055467	1123839.0647862952	0.1557335209301435	0.0002114451685522	2000.7464618432157	2780.340023150754	653010.0038865427	0.0849471232134428	0.0001660265714282	2299.1179071622	1052.5902276539628	694964.1774881309	0.0909008553909447	0.0001691360945273	2512.102242910295	1964.856505547292	654430.7002415794	0.0851476714974584	0.0001664475816043
TOI_3505.01_50.000s_R-0071_aligned.fits	71	0	59782.64583598357	2459782.6458359836	2459782.6511416794	1.1294964898626416	25	403.4756578664337	19.57684597800175	8517701.880120471	1848.0493506319965	1744.0733631813205	927721.012720994	0.1089168212010577	0.0001646997712907	2717.5662599434954	3168.0243284946546	922955.2807023162	0.1215254872062519	0.0001872288128204	1696.9765168203992	570.9577999781732	1112350.283576376	0.1502089764509607	0.0002035056775718	656.0631185526065	3307.3188045072775	837717.3600578167	0.1090780011169844	0.0001771683149788	3129.930914868919	1843.8382090848304	909818.7893068846	0.1195889550938918	0.0001848424911044	2076.3654294202865	3254.4318153607883	703516.1648135964	0.0900306430439078	0.0001660063203769	3329.7719256037303	506.6449265193259	846151.860984415	0.110297379131174	0.0001782641931474	633.5806818492504	2371.365049826502	1143567.8826128177	0.1550782617998705	0.0002068141923143	2001.363943654702	2781.443119895659	663234.3588785541	0.0844403974024819	0.0001620485787374	2299.8063279479275	1053.7666235978372	710000.1975140246	0.0909358766992498	0.0001654207373167	2512.886562538039	1965.9994860479865	668389.7016736692	0.0851526460508197	0.0001627056811987
TOI_3505.01_50.000s_R-0072_aligned.fits	72	0	59782.64658842562	2459782.6465884256	2459782.6518941256	1.1278394031492192	25	397.25949181412375	19.21520219302958	8671283.055645075	1846.36191025239	1745.418886243821	943259.0140798176	0.1087796359577662	0.0001618757395204	2715.9192612837564	3169.318505845764	937001.5591896072	0.121149140953691	0.0001838391888512	1695.3696763479782	572.4751553161786	1138017.9976781325	0.1510657050988271	0.0002007929113488	654.6762610423754	3308.4828972103646	852016.565122353	0.108963745660163	0.0001740177381551	3128.141979703848	1845.2586503609512	922406.7105099572	0.119037479684272	0.000181367189417	2074.7766710995825	3255.730467112973	714673.6903463827	0.0898213871681702	0.0001628524582739	3328.1159800459495	508.1570922315959	861325.821367247	0.1102856002318292	0.0001752144690731	632.1395571273885	2372.472754125971	1165331.61529974	0.1552543504392996	0.0002035843145657	1999.780486282033	2782.692038519446	680817.6335532366	0.0852037519204988	0.0001595612019151	2298.2294659595805	1055.0891721122662	721522.144729374	0.0907602320138537	0.0001623751726991	2511.2764472336016	1967.3014058449544	678169.3178490438	0.084844197154642	0.0001595888184801
TOI_3505.01_50.000s_R-0073_aligned.fits	73	0	59782.64734074054	2459782.6473407405	2459782.652646086	1.1262077440485403	25	396.3054331888738	19.827753104442152	8618291.149431625	1848.4729253031223	1744.8446046755394	935370.5241230244	0.1085331776224237	0.000162383271783	2717.762877931329	3168.568152138379	931968.2446883618	0.1212502071846657	0.0001845721989727	1697.3184649708537	571.7995036964485	1127598.268378171	0.1505332398862935	0.0002012739072748	656.5823223073465	3307.849060743345	849641.5754133484	0.1093679882607805	0.0001749165738256	3130.1920082084216	1844.452492060686	920644.0092788936	0.119600702983201	0.0001824432123626	2076.7582528260145	3255.0074967639057	710123.715553843	0.0897962418589856	0.0001634756812568	3330.0908086253967	507.4643805292071	855752.8330002069	0.1102413666917154	0.0001759674711155	634.0029948303338	2372.0244687913955	1162299.5388146224	0.1558879890851217	0.0002047751134353	2001.7958134485104	2782.056985479789	668338.9016216814	0.0840682913291455	0.0001595044434171	2300.1941443517258	1054.461886897407	715365.1015347424	0.0905190175384615	0.0001628532371429	2513.213475568427	1966.5200288031751	676558.9611477535	0.0851903520677585	0.0001604374215289
TOI_3505.01_50.000s_R-0074_aligned.fits	74	0	59782.64809305547	2459782.6480930555	2459782.653398565	1.124599184784852	25	390.2755872206402	19.93695172144293	8733990.627336755	1847.645793731384	1744.9721418895824	950040.676341544	0.1087750968461067	0.000160363930053	2717.125641372126	3168.8478547023365	942703.5234649072	0.1209945816264985	0.0001820281987756	1696.4688866918684	571.8798408802495	1145429.959404945	0.1509416619999324	0.0001990219485014	655.753441895654	3308.1511243450595	860838.0081466722	0.1093384124230564	0.0001726637708491	3129.435164801089	1844.7976625747697	929143.1600830988	0.1190469338422629	0.0001796916627602	2076.1032530364378	3255.329515281423	718729.0202788303	0.0896700638748891	0.0001611783986127	3329.207503022448	507.62327841789465	865967.2899324055	0.1100616066827894	0.0001734335251055	633.2152101425969	2372.176066080787	1175438.4431417284	0.155511057474681	0.0002020177519543	2000.9836841286597	2782.290466563134	687254.9948743178	0.0854079251841913	0.0001581099105846	2299.330093749251	1054.6561942647563	725113.2671464207	0.0905386903226582	0.0001606619773451	2512.526259638285	1966.811463262009	683372.9608634288	0.0848845379540659	0.0001580115440033
TOI_3505.01_50.000s_R-0075_aligned.fits	75	0	59782.6488459371	2459782.648845937	2459782.654151373	1.1230140161321012	25	388.65951553381547	19.900623906708596	8669390.996092588	1847.154073351624	1745.4017955237323	942367.6225555018	0.1087005561267498	0.0001610396590948	2716.594634146295	3169.4167357037268	937761.16341728	0.121288936965674	0.0001830205883615	1696.0953260169554	572.2847865655408	1137426.119879795	0.1510132002171143	0.0001999459062064	655.2698544789935	3308.659387834301	854040.749852426	0.1092773481602173	0.0001732847905804	3128.9347183065815	1845.1388341698305	923868.1898243008	0.1192777057058865	0.0001806504959234	2075.504789821556	3255.8124551845926	713433.325243847	0.0896728407515192	0.00016189516767	3328.8744962106425	507.86273585258414	859867.4785389077	0.110104986124462	0.0001743229811579	632.679555623372	2372.6699285141713	1166344.445676729	0.1554494481461113	0.0002028213041232	2000.562070239926	2782.793510294461	675561.8725003535	0.0845104219836979	0.0001582442264776	2298.961861347954	1054.901555094027	721359.949896753	0.0907595787817182	0.0001615037279849	2511.918796671087	1967.306415227766	679727.701262195	0.0850758882044509	0.0001588567207887
TOI_3505.01_50.000s_R-0076_aligned.fits	76	0	59782.64959907392	2459782.649599074	2459782.654904503	1.1214521372584896	25	385.6294312111094	19.10580703475872	8827460.524859354	1846.4252643650116	1744.7646554606067	958991.8804524724	0.1086373456728374	0.0001586150127561	2715.8961405800824	3168.5963207091986	953415.9453063306	0.121083381694602	0.0001801023767348	1695.4244191257578	571.7719280771744	1155603.0573072494	0.1506288486451734	0.0001967956722253	654.3658964147057	3307.918922901508	871600.5914152388	0.1095545420239595	0.0001708553599178	3128.1860761386215	1844.5265497345783	938105.5478374944	0.1189077624938635	0.0001777187218572	2074.725317847695	3255.076234661647	725408.4822955199	0.0895339203555609	0.0001591978882291	3328.135919591898	507.44549061187354	876678.2371280219	0.110263142091163	0.0001717333915322	631.9737310466548	2371.9608615952684	1188799.928833866	0.1556293690352491	0.0002000282974857	1999.7375872952216	2782.032655840503	692658.4038564682	0.0851475418274925	0.0001561371922849	2298.1998789146214	1054.404558385274	734487.0034117437	0.0907561357349362	0.0001589863751142	2511.265292537474	1966.5287377377444	690703.3274674194	0.0848868057275704	0.0001561823533407
TOI_3505.01_50.000s_R-0077_aligned.fits	77	0	59782.650352071505	2459782.6503520715	2459782.655657584	1.1199141837359403	25	385.2005511344226	20.73030937235839	8686377.23782537	1858.0469312639104	1742.9509300955087	941985.6566852324	0.1084440188233246	0.0001603635145656	2727.5177495962976	3166.733164074333	938629.871148614	0.1211487451418051	0.0001822263015724	1706.9510921461745	569.8639929906026	1134227.1066688383	0.1501859850467702	0.0001987542726966	665.9710840645582	3306.0381171768327	854830.1211758741	0.1091521392188966	0.0001726082990403	3139.8299240922297	1842.7239685808695	926814.8859642454	0.119441644249685	0.0001801259338448	2086.3190621566546	3253.1793771330617	719057.5551722853	0.0902508727919955	0.0001616265431648	3339.8574538583043	505.5251456834667	859176.079707152	0.1097679824947429	0.0001734632089743	643.4468307701541	2370.0468203154205	1171173.0390180426	0.1558404812478561	0.0002024143670017	2011.378004084199	2780.2187694211025	677043.7411509606	0.0845318454315929	0.0001576509170644	2309.8467813860034	1052.5264367283953	725525.5324042165	0.0911366722118628	0.000161125924819	2522.8340149184223	1964.799405346409	679899.3054151408	0.0849186510166859	0.0001581082096311
TOI_3505.01_50.000s_R-0078_aligned.fits	78	0	59782.65110509237	2459782.6511050924	2459782.6564107756	1.1183996887905288	25	386.9579594759553	20.740217213977495	8634126.191618642	1851.31270356181	1743.496543782297	940004.2688573132	0.1088708049889053	0.0001614585117075	2720.718478488335	3167.123201462218	929673.2523101042	0.120667003826691	0.0001829127907839	1700.2443841881668	570.2745354521389	1128445.2300083498	0.1503454830787598	0.0001998428591851	659.4318668621111	3306.5220595187734	850985.8602928022	0.1093370829853506	0.0001736462122535	3133.069101646158	1843.3198077204331	923113.980160196	0.1197137230295736	0.0001812828962455	2079.5789315855604	3253.552980221289	712924.7328167127	0.0900020958341516	0.0001623629395792	3333.0029806666844	506.0841441298644	854873.4265791195	0.1098914577529833	0.0001744775196903	636.8274581497874	2370.4919258171476	1166184.138089905	0.1561587020535145	0.0002036334689379	2004.65597760484	2780.627317737205	673425.2384170743	0.0845937113296841	0.0001585805494342	2303.096480934139	1053.1401881827114	716477.5043425463	0.0904911966470485	0.0001616161059251	2516.043151077793	1965.304413248632	678022.8286018317	0.0852204650524723	0.00015919538952
TOI_3505.01_50.000s_R-0079_aligned.fits	79	0	59782.65185822919	2459782.651858229	2459782.657163474	1.116909708961375	25	389.5906714127354	19.77705695789808	8603252.832074344	1848.6002197190169	1744.8830392169723	936243.1989567464	0.1088243269413491	0.0001621005911535	2718.101709921364	3168.8113496018987	930766.723530007	0.1213122722364364	0.0001841159429357	1697.5543955390503	571.8195625682702	1126954.7069611046	0.1507369941783903	0.0002009216756827	656.6351236914833	3308.0522511981594	848789.9179354671	0.1094582471195846	0.0001744590853243	3130.3516108398444	1844.7218249648931	915092.0424539034	0.1190261321913743	0.0001816045452105	2076.9313317028063	3255.194732639411	709329.743556042	0.0898576963066388	0.000162978596956	3330.289926649157	507.5062525999488	850692.4212829705	0.1097305117543912	0.0001751142435773	634.1472909549186	2372.006086639971	1157461.7815426802	0.1554518215307737	0.0002039854288878	2001.9683127432584	2782.2129124103703	672975.2501908035	0.0848614998960684	0.0001594863293197	2300.353489722186	1054.6224532174383	714534.7998853564	0.0905767954906971	0.0001624407763855	2513.41645045137	1966.734211203751	676655.4447360088	0.0853651840343089	0.0001600712182419
TOI_3505.01_50.000s_R-0080_aligned.fits	80	0	59782.652611226775	2459782.652611227	2459782.657916723	1.1154420419538	25	386.41823299232806	19.823935565627785	8646603.489863928	1845.289283988036	1744.7475164593393	939254.1839028688	0.1086269521904085	0.0001610888230314	2714.70671838489	3168.63205726856	931118.5489819406	0.1206817920216822	0.0001826911307606	1694.1789931539415	571.6366818029692	1133459.0045758295	0.1508634642652379	0.0001999417124751	653.2696997039282	3307.825977381988	853504.0540355262	0.1095204881015097	0.000173509785036	3127.040516466608	1844.6309832724817	923288.1516433049	0.119545572232976	0.0001809219734219	2073.601540550943	3255.062432900041	708866.8635563654	0.0893033993099507	0.0001616898890923	3326.827549370284	507.3671480777021	860915.8086434795	0.1105767202452856	0.000174636604034	630.7515674368328	2371.8740961763187	1164921.663081816	0.1557031814573771	0.0002030690787058	1998.6408744300695	2782.092523821134	675574.658647024	0.0847537592639578	0.0001584142009165	2297.0209747607473	1054.308656302862	718753.5755474378	0.0906618545148639	0.0001614959077001	2510.056679428673	1966.6478780912664	676201.1611512027	0.0848390248400941	0.0001587685226422
TOI_3505.01_50.000s_R-0081_aligned.fits	81	0	59782.65336424764	2459782.6533642476	2459782.658669722	1.1139981248927908	25	384.4703772980072	19.885954623698048	8638106.904262906	1849.1239969150135	1744.0508733313268	940962.7463969984	0.1089315930939259	0.0001611784244848	2718.5684562296055	3167.997492147383	929015.3143301496	0.1205090513574055	0.0001825416625023	1698.0660975492308	570.9204490072261	1132206.673330857	0.1508422225844407	0.0001998577387583	657.207534552693	3307.2364247745886	851176.360907285	0.1093083283802462	0.0001733070470192	3130.879367448711	1843.9185410512132	920368.8046463908	0.1192536974909945	0.0001806673413572	2077.4327207236456	3254.3952846856487	709607.2047202204	0.0895008175079013	0.0001616896766363	3330.751740741522	506.7287437055616	856608.3943500409	0.110082703641054	0.0001743422304782	634.681745119082	2371.3213578564146	1164163.5431946064	0.1557629603214179	0.0002030609392657	2002.447411293262	2781.5000797707708	678176.4349732772	0.0851987888072344	0.0001586065377396	2300.878361907324	1053.8489042123829	720698.233523246	0.0910270346643502	0.0001616498021197	2513.9856589628776	1965.9446130850208	676085.9402868341	0.0849138608584133	0.000158704191102
TOI_3505.01_50.000s_R-0082_aligned.fits	82	0	59782.65411725687	2459782.654117257	2459782.659422933	1.1125769369738134	25	389.6822083795197	19.928690706809643	8457098.580117997	1847.749342222396	1744.3407568061311	919899.7263919452	0.1087724965811041	0.0001641609225981	2717.20435367595	3168.3875711797773	910412.0448544642	0.1206373208427786	0.0001862473112014	1696.6168223590207	571.2155029320434	1107027.501618686	0.1506145300903283	0.0002033063584272	655.8215296998357	3307.5741897079565	829591.750182917	0.1087631605817884	0.0001764482581652	3129.4248318780055	1844.2102657755415	901561.8121046864	0.1193246541955149	0.0001842051583762	2076.1022793581956	3254.7565868544702	698046.3203373869	0.0899654103318444	0.0001654358145913	3329.3278899515926	506.8840249543728	843983.4306408074	0.110859144262223	0.0001781294264562	633.2747667008524	2371.423976354085	1138122.831701849	0.1555030199339221	0.0002066547047116	2001.1456500824308	2781.727109448505	659294.9957384246	0.0845488077000443	0.0001615403100785	2299.4500719285043	1054.0415463809063	705713.3707763889	0.0910435169608002	0.0001648978375558	2512.5216650521206	1966.2105187455552	663344.5221623881	0.0851123242059797	0.0001621012129688
TOI_3505.01_50.000s_R-0083_aligned.fits	83	0	59782.65486956015	2459782.65486956	2459782.660175241	1.1111804211036402	25	404.03806864518106	19.640722789389976	8185208.806940292	1849.2311048295664	1742.882837054501	888679.1067016706	0.1085713422421373	0.0001695004722462	2718.639935006486	3166.8746596127576	882775.9314673775	0.1208879213984159	0.0001924383963583	1698.1896702179183	569.7864555230526	1071257.511339038	0.1505854435637513	0.0002097170246684	657.2641430879215	3306.068611462569	807116.3164995431	0.1093936295248757	0.0001826736283081	3131.031666226575	1842.7705369465505	870424.5199926494	0.1189952411236266	0.000190079732245	2077.51902365919	3253.2720765063314	674219.34583059	0.0897643844824379	0.0001710275172406	3330.9991476918717	505.5589314439107	813954.2098076945	0.1104227508468261	0.0001838269670934	634.7736769420294	2370.084314793537	1100832.532830537	0.1553887724532067	0.0002130062078745	2002.536766557477	2780.3053660708433	641584.1293833641	0.0850498476272479	0.0001676224970611	2301.0023789641523	1052.5481928513095	680783.791589196	0.0907176486135288	0.0001704985381713	2514.0661883133207	1964.8074469131136	642260.5182003012	0.0851471458659022	0.000167891374984
TOI_3505.01_50.000s_R-0084_aligned.fits	84	0	59782.65562268486	2459782.655622685	2459782.6609284044	1.1098051820289492	25	405.5344478373724	20.146279219940823	7947695.375222916	1846.6287832111784	1744.0618439382606	859286.1609628475	0.1081176517713157	0.0001731871903881	2716.070288091404	3167.923308348199	859779.5476551675	0.1213021667541734	0.0001972735621953	1695.5316476856988	570.8815441625343	1037879.699767994	0.1502036738048968	0.0002142846570386	654.4591435335584	3307.318821573502	781495.7021652579	0.1090530180317751	0.0001868611847155	3128.351429156955	1843.8279076072704	849240.3878994111	0.1196373562156826	0.0001950222831069	2074.934556225678	3254.3155692738305	658131.4748278868	0.0902840668962682	0.0001756407725292	3328.3093737984423	506.6456719764469	786382.962198234	0.1098098947293509	0.00018782619477	632.0026509424807	2371.1738435643383	1071437.4140201835	0.1558169312532274	0.0002181563226153	1999.9821399380603	2781.3836262400664	617575.665807657	0.0842517844578179	0.0001712168265345	2298.3834244703144	1053.5558572645075	662388.1448908225	0.0909210996803258	0.0001748100886218	2511.408665981704	1965.8874191922691	623384.375990301	0.0851116748122266	0.0001720166225805
TOI_3505.01_50.000s_R-0085_aligned.fits	85	0	59782.65637569409	2459782.656375694	2459782.661681178	1.1084533889133628	25	390.2834153545014	20.968737706134757	8364825.235931552	1847.361821263354	1743.4543780786744	909224.1870712232	0.1086961366706865	0.0001655095588246	2716.793164603027	3167.372647396046	904996.8684687576	0.121316044269335	0.0001881005630232	1696.4047691447818	570.3146239225421	1094614.087150177	0.15056152630913	0.0002050262775088	655.4310474862347	3306.5630591174117	821713.2167598058	0.1089355712431846	0.0001780199194077	3129.116252656356	1843.1584975708256	894439.2209846453	0.1197313256898683	0.0001859313694736	2075.679675881709	3253.7728462838877	687227.2230168519	0.0895107065856858	0.0001664710923572	3329.0104583236753	506.0405222678237	829471.0588589335	0.1100772491069785	0.0001791193051227	632.9369084161368	2370.47594336955	1124532.2334265166	0.155315846062783	0.0002082201671667	2000.6753823917984	2780.825851924787	655669.961808112	0.0850508179552349	0.0001632313433894	2299.1161048172335	1053.0220077168042	695978.9511722454	0.0907540619969656	0.0001661296434099	2512.1413107392555	1965.2144772080144	656182.4142855065	0.0851229495862658	0.0001634734494642
TOI_3505.01_50.000s_R-0086_aligned.fits	86	0	59782.65712871496	2459782.657128715	2459782.662434365	1.1071234769697085	25	378.8180764214687	19.58001210439724	8657351.21665205	1850.1439203561456	1743.6097486324106	941872.3934076504	0.1087945226937309	0.0001603251456408	2719.594263000539	3167.6517539360384	933986.9669292436	0.120930068391215	0.0001819505110392	1699.1112974643495	570.5176851016672	1133227.9747313894	0.1506126279827008	0.0001988115003521	658.1181463358583	3306.875432475946	853563.3762669826	0.1093780858379749	0.0001725643566424	3131.948921373678	1843.4747508295272	922861.086940332	0.1193176371633342	0.0001798665783005	2078.4808172763164	3254.0378355846983	712329.7017765829	0.0896573659923875	0.0001610278481324	3331.879639695033	506.2807720702772	860636.8184744149	0.110384551045704	0.0001736295857754	635.6044999011897	2370.7358761717146	1164592.7655572328	0.1554291084062727	0.0002020177843798	2003.473231758482	2780.976862916322	676136.8486545593	0.0847160366178968	0.0001575352287872	2301.9492565474784	1053.3270408674584	719478.9664277037	0.0906387686457626	0.0001606045633156	2514.9767408302555	1965.4734692931577	680536.7108936103	0.0853143457707751	0.0001581207597907
TOI_3505.01_50.000s_R-0087_aligned.fits	87	0	59782.65788171301	2459782.657881713	2459782.6631872556	1.1058165844129189	25	382.1339634089243	19.367321369658043	8565793.836251449	1846.285451226362	1744.4245604178786	932917.02281765	0.1089119164728709	0.0001619415387128	2715.762588225166	3168.476362848057	924904.456520907	0.1210467015756645	0.0001837792257014	1695.2013138764733	571.3903942836696	1119511.8343703914	0.1503450761182001	0.0002004814714797	654.3014609750913	3307.6148181529898	846286.8843325729	0.1096296550548746	0.0001743656903213	3128.0799013721075	1844.2990689950043	912174.7901679104	0.1191821522178691	0.0001815314755181	2074.61028359686	3254.8634480897344	704613.5246797673	0.0896320268398594	0.0001625630181498	3328.016414866765	507.14893311935975	848726.7132523629	0.1099804757072687	0.0001750936856766	631.7353301954369	2371.5219740510206	1152643.1983214212	0.1554862776460824	0.0002038002699289	1999.7090579272476	2781.800499876691	672034.861946785	0.0851349609399472	0.0001593749466193	2298.073283378209	1054.082528421196	713955.9722448715	0.0909285169422181	0.0001624018635911	2511.106794822875	1966.354347352613	670941.6004144588	0.0849846938703758	0.0001595303962084
TOI_3505.01_50.000s_R-0088_aligned.fits	88	0	59782.65863483772	2459782.6586348377	2459782.6639406304	1.1045312453592784	25	390.82532215518586	19.066936026985747	8405313.456385827	1846.808764443464	1744.585778199093	912721.7404679062	0.1085886618272966	0.0001649100265328	2716.3336165110823	3168.698504372428	907360.5244305484	0.121014433227968	0.0001873449166984	1695.8451454055405	571.4833704680696	1102433.8888753918	0.1509587935394659	0.0002046176099417	654.866249214333	3307.688169417826	829318.3642955369	0.1094665920733484	0.0001776868376836	3128.706072616546	1844.4304056990625	890789.7419065369	0.1185424087743748	0.0001846408243363	2075.203568465885	3255.056530629378	693505.673756612	0.0899277696364176	0.0001661690727233	3328.6472772824927	507.1615833527912	831985.609883038	0.1098573344170268	0.0001784718827934	632.3662240386933	2371.7190932872627	1134891.2789736204	0.1560970259058006	0.0002080272621691	2000.224431033541	2782.0361642101752	660659.7501132877	0.0853052667258973	0.0001628437291891	2298.6385692991917	1054.1934115243284	696511.1122578675	0.0903527008690815	0.0001654255821813	2511.6991342188626	1966.5660683156757	657857.5118933861	0.0849127141356703	0.0001628468056115
TOI_3505.01_50.000s_R-0089_aligned.fits	89	0	59782.659387141	2459782.659387141	2459782.664692733	1.1032703053714683	25	390.40027954255305	18.839767153961365	8417039.281643555	1855.5708640733983	1743.548351639664	912107.5618210252	0.1083644178553629	0.0001645879248791	2725.0915137300703	3167.5387107766824	910088.787034064	0.1212328211951805	0.0001872459739214	1704.5344127774267	570.3192336338225	1104251.4022738135	0.1510027940765301	0.0002043423081521	663.4802005116229	3306.6665691524618	826933.3345620282	0.1089488526678594	0.0001772718673028	3137.342864388879	1843.3398954793051	898118.9363199851	0.1194478588775814	0.0001849363312413	2083.862309983124	3253.9365643291235	691779.2871594763	0.0895477029450678	0.0001657733397763	3337.340705356152	506.00680478882987	835037.0060987666	0.1101341012244377	0.0001783117521436	640.9655973687801	2370.6867794874233	1135427.3877882585	0.1559307752650765	0.0002077356878235	2008.9488119010744	2780.8407635017365	655480.9995410393	0.0844522421550995	0.0001621154109167	2307.3644398817473	1053.1324116262258	697965.6558648259	0.090420909257024	0.0001651518283861	2520.3574854882527	1965.40349510159	661956.485001296	0.0853577585642161	0.0001628830418766
TOI_3505.01_50.000s_R-0090_aligned.fits	90	0	59782.66014015023	2459782.66014015	2459782.6654457957	1.1020298939765738	25	393.8506598570949	19.031146491640936	8366451.65958326	1846.3097028134623	1744.3136546222177	905862.7069127372	0.1082732254689032	0.0001656118491081	2715.653489899548	3168.3605697343105	900250.964281247	0.1205768503983178	0.000188030154718	1695.2432057939957	571.3046949331097	1097818.8904173844	0.1510351293402001	0.0002056199024685	654.1857415059781	3307.538675530658	824632.9760302801	0.1093413950442246	0.0001787049251963	3127.9242224132972	1844.155825432147	890094.7145520514	0.1190546038794481	0.0001859042958966	2074.5230278144872	3254.6894918799685	686636.419459789	0.0894079346951516	0.0001668638270325	3327.867857375262	506.9001841309896	832791.8909277411	0.1105428060864453	0.0001797231839367	631.7846414134284	2371.3672203411943	1127691.7704901707	0.155785215667853	0.0002089377163285	1999.593288357524	2781.6145644756907	653006.9415244608	0.0846582772539529	0.0001634050262183	2298.028232488676	1053.976355622981	697803.2585893815	0.0909942954874478	0.0001666738816945	2511.05563488596	1966.110497317084	655723.8333107543	0.0850404589663415	0.0001638275719951
TOI_3505.01_50.000s_R-0091_aligned.fits	91	0	59782.66089246515	2459782.660892465	2459782.6661983095	1.1008124036329243	25	402.4295704451788	19.456391692735007	8170604.09383975	1847.933256141934	1743.7587349666	886848.0733452354	0.108541310184626	0.0001695435316947	2717.439638391218	3167.7941292709643	882578.1558446903	0.1210997550438861	0.0001927932035695	1696.8875782175344	570.6425774128602	1071766.7596444355	0.1509777882191641	0.0002101291858957	656.0404885075017	3307.0664015913094	801308.3691966014	0.108736085392394	0.0001823900857243	3129.6842397902255	1843.706624363865	874089.5524348487	0.1197954924196653	0.0001907517402531	2076.2520315707948	3254.2302010403173	671145.6975782649	0.0894925556107937	0.0001710429902335	3329.597202581176	506.4138634318697	811800.8303310651	0.110316963405813	0.0001837346450223	633.5051192498797	2370.820849140513	1100871.8213620842	0.1557161967289423	0.0002133941044473	2001.3165716559067	2781.102017572892	638982.1253424563	0.0848399093867354	0.000167616016673	2299.6834006698414	1053.4988633702396	679408.7204843238	0.0906942999912717	0.0001705791169672	2512.763805848629	1965.6626124938025	638652.06162098	0.0847923697454623	0.0001677381159493
TOI_3505.01_50.000s_R-0092_aligned.fits	92	0	59782.66164478008	2459782.66164478	2459782.6669506375	1.0996171052209425	25	425.9292006811448	18.95614274010948	7710332.896108963	1849.7667206560432	1743.6762589396037	837049.5054491746	0.1085620448206061	0.000179584217228	2719.1087635347267	3167.7663280234137	832599.7751299265	0.1210572961300666	0.0002044331640414	1698.658807998252	570.5292982539554	1008335.5583763864	0.1504529929756026	0.0002216253892647	657.7847379466775	3307.0035981279257	764744.9682787927	0.1101051453419152	0.0001943400572673	3131.5072170347444	1843.4563078461547	818962.4526723974	0.1188388375569606	0.0002016130228033	2078.0190977990296	3254.207649753244	633131.8714923458	0.0894607725978285	0.0001818961371308	3331.381775149051	506.3620123771225	766613.775187443	0.1104039149391319	0.0001949707872817	635.2431740935157	2370.9307175214944	1042160.1613362252	0.1562887169826359	0.0002257672469707	2003.0694692490204	2781.137074739124	602727.7468426737	0.084800398191069	0.0001783023436799	2301.536161722772	1053.3680040415052	639267.956863928	0.0904061781862495	0.0001810533055084	2514.555551320346	1965.5022941533175	601788.6299288435	0.0846570841222634	0.0001784674163512
TOI_3505.01_50.000s_R-0093_aligned.fits	93	0	59782.662397800945	2459782.662397801	2459782.6677036607	1.0984425133199072	25	435.4717783405715	19.486574082385843	7489923.342200827	1856.6379790854012	1743.3835031231497	814620.1005952487	0.1087621412632352	0.0001847892473414	2726.1168700104154	3167.3284532356265	807550.4417402733	0.1208478565577531	0.00020982647075	1705.5983130756936	570.3634363624687	977346.3243834508	0.150070597508419	0.0002274549601977	664.618270368771	3306.5059076821217	740135.4091032636	0.1096531352450367	0.0001996632679469	3138.4781438304226	1843.1836157214948	799848.740961849	0.1195575219465744	0.0002076752296319	2084.90927160927	3253.7290107161552	620220.72901488	0.0902834902670178	0.0001877899068004	3338.4443893091334	506.108835003336	745041.6117976862	0.1104602929417348	0.0002005553185321	642.1195420670656	2370.4794510352544	1009008.0650047988	0.155689130600909	0.0002315243227653	2009.992405189038	2780.6924229740625	583830.5190387423	0.0845384697235252	0.000183436185648	2308.5085455769804	1053.0714858966212	622409.5141448128	0.090630980836481	0.0001865857283554	2521.5009542648136	1965.236155248855	584531.9870110693	0.0846486400183189	0.0001837300580105
TOI_3505.01_50.000s_R-0094_aligned.fits	94	0	59782.66315081017	2459782.66315081	2459782.668456832	1.0972894144270124	25	436.5165817827678	19.426576300369472	7498280.402952829	1848.178052416734	1743.7579716943587	817394.1799133489	0.1090108846278219	0.0001848895723346	2717.6330953936167	3167.723325183169	805904.7419683776	0.1204213246226869	0.0002096731118558	1697.080089770873	570.610138029172	984358.4448364144	0.1511160942924552	0.0002280375715747	656.1137624678287	3306.865891254485	737746.5622669132	0.1091254891480674	0.0001993555862865	3129.9315995430375	1843.5183154077176	799633.7886565689	0.1193724396432541	0.0002075213616053	2076.4760316880397	3254.0978253116327	614102.4624347653	0.0892049083769836	0.0001872174589342	3329.900587046458	506.22858845673136	744010.1037323124	0.1101540315640278	0.0002003591978486	633.667646519437	2370.755458544836	1012836.1101936572	0.1561706591674008	0.0002317847750479	2001.492800424132	2780.9758600123264	588656.0209013608	0.0851936354790083	0.0001839282337801	2299.949137941974	1053.3465963560716	623355.5374995989	0.0906708872749992	0.0001866204948633	2513.031638974686	1965.558698156772	587676.6304628596	0.0850398387478542	0.0001840267964643
TOI_3505.01_50.000s_R-0095_aligned.fits	95	0	59782.66390380776	2459782.663903808	2459782.6692095487	1.096158614268549	25	451.1579375106024	19.182993086181895	7145473.420816909	1849.0959460958015	1742.529783480717	777959.6350343951	0.1088744704819649	0.000193511602607	2718.523729684176	3166.317860516206	772547.235529506	0.1212233145447402	0.000220277774404	1698.0587625730132	569.516506801921	932528.8347889998	0.1500945038019708	0.0002377409833863	657.085243057005	3305.5756317774685	706761.9358044768	0.1097676045043525	0.0002092563567229	3130.8569680655323	1842.433623351624	761877.4297545187	0.119349255626643	0.0002174562020541	2077.371014134141	3252.771514842786	587949.2129063128	0.0896602428393702	0.00019685346922	3330.813486865752	505.27025453417673	708690.1882765543	0.1101000550544967	0.0002098983055635	634.5329463788742	2369.631934581953	964460.6645025956	0.1560360255715919	0.0002421956550546	2002.3978171471815	2779.740192221381	560021.7996716057	0.0850392398105887	0.0001931163814946	2300.794399576953	1052.266756792886	592898.7507582474	0.0904833261141516	0.0001957906255606	2513.934417410913	1964.4490498506752	557737.3688240919	0.0846629804871089	0.0001930737316517
TOI_3505.01_50.000s_R-0096_aligned.fits	96	0	59782.66465682862	2459782.6646568286	2459782.6699625305	1.0950489231548075	25	449.0076917385805	18.3437825568017	7267919.853204367	1850.9831184358989	1742.5021902403346	792070.5910829676	0.1089817454073534	0.0001907699746652	2720.3828476931085	3166.505109284851	784107.734544983	0.1209331362777223	0.0002168787563445	1699.8991472876924	569.2906255349117	947611.6235184238	0.1499312358007436	0.0002342058086022	659.0492419081255	3305.5718761416138	716791.238355329	0.1094149238240603	0.0002060085815108	3132.7545182582935	1842.3998092502352	775421.2589107037	0.1194334119058926	0.0002143567376485	2079.284749254906	3252.864998192782	597971.6218483084	0.0896516136417952	0.0001938934150254	3332.664730514245	504.9992140473646	726588.7704318503	0.11107659301108	0.0002074305464813	636.4484359373381	2369.6644224523134	979439.0037814436	0.1557512898956072	0.0002385581037309	2004.307022756676	2779.8499670342203	565104.9403529867	0.0843085998495207	0.000189652701067	2302.7176451329015	1052.1508276435509	605577.3749235852	0.0908955636696501	0.0001930879701401	2515.788661425815	1964.4446493631951	569306.2865367539	0.0849886742787536	0.0001903160104984
TOI_3505.01_50.000s_R-0097_aligned.fits	97	0	59782.66540995333	2459782.6654099533	2459782.670715713	1.0939603571265126	25	439.2524576699058	19.02729158242776	7469002.630187314	1849.4555019256068	1742.9822547399608	810930.2043556992	0.1085727565656731	0.000185511361569	2718.8779086444097	3166.8787693880704	805401.0641526844	0.1208657294664695	0.0002109927442518	1698.4744011947955	569.901131096979	978731.1708637336	0.1507997280233541	0.0002287791953794	657.5088991849644	3305.9877679281876	736074.4346532277	0.1093245632920104	0.0002002921160079	3131.292466577461	1842.8733844211488	796593.4503092413	0.1193861810381056	0.0002085388109553	2077.770526591462	3253.225551285183	615285.268094886	0.0897739482952709	0.0001884852775609	3331.2157678151334	505.7075841823885	743448.0779268871	0.1105407847263714	0.000201381262206	634.9775032487391	2370.0810714859945	1006606.869711998	0.1557637302049049	0.0002325816205754	2002.7910312508047	2780.2675123523886	581197.8524166094	0.08438070926347	0.0001843476019222	2301.2697139100364	1052.7080880694723	621751.6480667831	0.0908031047336069	0.0001875136745814	2514.297814548202	1964.940356110404	583912.7939912631	0.0848083043044024	0.0001848265214764
TOI_3505.01_50.000s_R-0098_aligned.fits	98	0	59782.666162951384	2459782.6661629514	2459782.671468912	1.0928930947808828	25	438.472065158169	18.84721390855043	7462858.48582181	1851.22937781219	1742.8372084050602	812372.9888170063	0.1088554727870534	0.0001856963279253	2720.660581109313	3166.6815668436207	802864.4342169005	0.1205503230176952	0.0002108785223008	1700.161126969481	569.5957231116904	978808.2081738746	0.1509562952570031	0.0002289246566388	659.067592481552	3305.8416024997323	735309.5573437557	0.1092982845849182	0.0002003973606916	3133.108856283326	1842.7189886994745	797505.3575790817	0.1196493782452211	0.0002088530911441	2079.5335506894976	3253.048649544776	615545.4695972957	0.0898959151040384	0.0001886791655614	3333.133033942033	505.3280281809125	742686.275139916	0.1105159587963231	0.0002014846861469	636.6117933339283	2369.976323816627	1005350.0665765696	0.1556869927695853	0.0002325737594361	2004.6041481527377	2780.147321612012	578554.3993822931	0.0840396345248478	0.0001842392677129	2302.98366986759	1052.430650018936	621788.2169574822	0.0908904882599173	0.0001876240981914	2516.091444622133	1964.7440326258356	584446.5008546403	0.0849682313493221	0.0001849915248414
TOI_3505.01_50.000s_R-0099_aligned.fits	99	0	59782.66691597225	2459782.6669159723	2459782.67222151	1.0918478925768091	25	442.1277798220787	19.12545549925524	7331209.10669333	1849.625527403021	1744.8609583582083	796364.9195735245	0.108626681899777	0.0001885228904655	2718.9766121993675	3168.978062530886	787745.5633966966	0.1203866359435428	0.0002142072639209	1698.5944932307646	571.6648200188656	961648.2670790649	0.1509755996203501	0.0002324592538144	657.4266237787566	3308.1718072729514	722517.3804485565	0.1093283527780935	0.0002037402718366	3131.461615126418	1844.6698652666423	780360.8144011032	0.119123627900112	0.0002117938462356	2077.8224659518205	3255.278415250149	601085.4319920457	0.0893126874104174	0.0001915563108078	3331.5118432429276	507.4299428431236	734099.3492984604	0.1112759035842309	0.0002052061710365	634.9069913302419	2372.105658621207	989248.9475534244	0.155984730703131	0.0002364331143202	2002.8484554002953	2782.311776386374	571271.2807925598	0.0845083631692185	0.0001877091626292	2301.3969244254986	1054.4466770672352	610484.0473073258	0.0908360395512294	0.0001907889065901	2514.449797199539	1966.755137645476	572748.024424094	0.0847453314374619	0.0001879645849744
TOI_3505.01_50.000s_R-0100_aligned.fits	100	0	59782.66766829835	2459782.6676682984	2459782.6729745255	1.0908232360995935	25	444.1344708928152	19.718506429921625	7210545.387043232	1862.1130202947545	1744.1924876444796	781824.3131575596	0.1084279026330567	0.0001910871527401	2731.480001148885	3168.127628847699	779301.5207322186	0.1211743073240401	0.0002176673364298	1710.9429157320724	571.136585614408	944040.756753634	0.1506486969131955	0.0002354488276832	669.9929351310018	3307.389871132076	710964.3328251134	0.1093861784158703	0.0002065692994929	3143.835874799209	1844.0202314721391	767458.0849052697	0.1191134077370967	0.0002148576954821	2090.288381099129	3254.5104164884906	593890.5351502293	0.0897569162127777	0.0001945725295947	3343.6995306889694	506.86192586013294	716964.7450753921	0.1104113099699829	0.000207688243961	647.4842964907943	2371.3598139481674	975424.682637798	0.1564403848587262	0.0002398683442307	2015.4032625698096	2781.5607406275058	558239.112920791	0.0839166282966178	0.0001900467485945	2313.8125221256005	1053.9066248327276	599981.4307718531	0.090761005375745	0.0001935573902979	2526.865674712205	1966.0723414169925	564280.1852709337	0.0849018460955278	0.0001909050401175
TOI_3505.01_50.000s_R-0101_aligned.fits	101	0	59782.66842129594	2459782.668421296	2459782.673727043	1.0898202769503265	25	456.7975421586961	19.138337368747095	6988079.696002407	1849.742990292144	1742.5284995199015	758020.3523678231	0.1084733410813067	0.0001973290686424	2719.1114012067496	3166.5740350062506	752150.7506754572	0.120615670459026	0.0002243415645337	1698.7452609967395	569.4993605861114	922076.3956126338	0.1520072360582767	0.0002436638110559	657.7161018614408	3305.788412291045	689280.575356157	0.1094304743100678	0.0002135865471275	3131.524775800274	1842.429118432754	740280.7824841975	0.1184866530967362	0.0002213479168571	2077.9152621351445	3253.057150683097	570782.5644396466	0.0889443877598119	0.0002007933744484	3331.6026836382384	505.23743647451465	699728.1244217763	0.1112736965255099	0.0002150130393638	635.1550068629699	2369.714347182594	940706.2231491453	0.1555561645683018	0.0002467241160816	2002.9773124447163	2779.95660193627	543501.6542830302	0.0843347152854133	0.0001969623743992	2301.514024306045	1052.2476554800955	582484.7344303399	0.0909337443164508	0.0002002469934455	2514.4956535907163	1964.42875318801	547087.8911500236	0.0849384547792577	0.0001974961099844
TOI_3505.01_50.000s_R-0102_aligned.fits	102	0	59782.66917442111	2459782.669174421	2459782.674480047	1.0888376138149904	25	455.575693543363	18.99067833466742	6982992.700071123	1851.0811269651697	1742.637747557268	758488.0877282597	0.1086193442133391	0.0001973669399289	2720.5208949164503	3166.7015169209735	751661.7475422596	0.1206261957948506	0.0002241994392959	1700.048363125681	569.5918346577168	917629.0001954576	0.1512900207804964	0.0002431501237499	658.9879971085594	3305.9507854247013	684827.7550014595	0.1087344902799913	0.0002131381004271	3132.912411609685	1842.52289724642	745845.8253103088	0.1195812508966948	0.000221974803434	2079.329004108257	3253.110123840569	570686.9694556802	0.0889987148820658	0.0002007419649979	3332.9731977650104	505.2812915415675	701766.8178133171	0.111724499479561	0.0002151374829656	636.5260105015573	2369.8127542212937	940690.3161321768	0.1556840847013263	0.000246869449111	2004.4469230745592	2780.071834750632	542769.3695871781	0.084278035362229	0.0001968501161243	2302.881671491415	1052.3068810701952	582514.1354877038	0.0910110282551375	0.0002002269365638	2515.9604405192795	1964.5745482428956	544600.763545581	0.084586457133188	0.0001971344065201
TOI_3505.01_50.000s_R-0103_aligned.fits	103	0	59782.66992744198	2459782.669927442	2459782.6752329213	1.0878759812262275	25	457.47081968023457	19.752102265644872	6905670.684643026	1848.6107640520331	1742.7148856463286	751157.9436967485	0.1087740753938917	0.0001994235900642	2718.0044463516883	3166.7225792274367	743080.7518762472	0.1205792953909284	0.0002263982765352	1697.5830443958907	569.5679661802292	906614.21186537	0.1511261339144543	0.0002453853132274	656.4932654755434	3305.8089190434384	681456.1955382719	0.109484690273951	0.0002157327465896	3130.3924478558424	1842.511016025781	733653.9741233593	0.118867788039671	0.0002236496212243	2076.8757853078405	3253.118306932508	567839.4961717544	0.0895952383844924	0.0002032018007594	3330.499465035716	505.4150207868952	690340.935360739	0.1110706854194592	0.0002169672700904	634.0025576860858	2369.796480335761	930542.9456056964	0.1557360756534418	0.0002491757048675	2001.903323548561	2780.012601023525	538312.8364372741	0.0845425762569579	0.0001990589291033	2300.4100097492033	1052.3103855342065	574282.764874726	0.0907040876585149	0.0002021431924058	2513.4601862851787	1964.6216395502524	539546.5727895887	0.0847527574564525	0.0001993577706746
TOI_3505.01_50.000s_R-0104_aligned.fits	104	0	59782.670679756906	2459782.670679757	2459782.6759856115	1.0869353503620405	25	442.8444844233447	18.480374434704068	7208905.00757819	1850.5558479541144	1743.9026505649265	779870.1159387046	0.1081814942933614	0.0001908335912043	2720.0011594678663	3167.920734544557	777213.4535902478	0.120841219928891	0.0002171593185639	1699.564678829323	570.8135994594636	944126.9964778528	0.1507039826159822	0.0002354107432624	658.5438635883414	3307.1128936448727	710932.1489375067	0.1094082976958182	0.0002065454128379	3132.3891033729965	1843.751340649027	765625.3664383854	0.1188254133112478	0.0002144259617216	2078.844500598527	3254.360727134841	591509.3909289129	0.0893870376195558	0.0001941180513793	3332.4246517894308	506.64312283027175	718388.2424467359	0.1106827496858312	0.0002077229277551	635.998390420487	2370.9646002647605	972856.4459393192	0.1560052710179099	0.0002394909068864	2003.90172801011	2781.273534162208	563531.1436770121	0.0848005176560811	0.0001904431653879	2302.3813199952806	1053.5025488822323	600845.5895266744	0.0909261784004724	0.0001935406092107	2515.438248302871	1965.7333321027895	563876.2296155435	0.0848568529131979	0.0001906096212735
TOI_3505.01_50.000s_R-0105_aligned.fits	105	0	59782.67143275449	2459782.6714327545	2459782.6767384834	1.08601518211761	25	430.1713904794193	19.503924494443396	7439414.174716312	1857.3308725570296	1743.7649112998956	805886.0585374797	0.1083265482484326	0.0001849078363631	2726.747514775774	3167.8185210365064	806938.6015690856	0.1216647679542345	0.000210750672232	1706.276938054382	570.6404877263849	975563.3687332688	0.1509260343432234	0.0002284185227417	665.343344880444	3306.8903084816575	727442.5463986644	0.1083798601486338	0.0001993201711502	3139.162881651669	1843.5753267889131	795298.3767856131	0.1196996562030583	0.000208084649323	2085.579357395883	3254.276303081967	611456.0889929895	0.0895518222748748	0.0001876716254963	3339.177829604535	506.3948667041577	743849.2603170907	0.1110958178775024	0.0002012359127253	642.7686141270925	2370.7835469382057	1001004.39561129	0.1554738561158242	0.0002319344861613	2010.6897932365864	2781.1317331105356	577040.3938356333	0.0840875784766098	0.0001835105560773	2309.1784992946596	1053.3419986709523	619181.8784606329	0.090786039472668	0.0001869867471283	2522.183135183267	1965.5782805051776	581639.264012043	0.084814574929277	0.0001841466590999
TOI_3505.01_50.000s_R-0106_aligned.fits	106	0	59782.672185879666	2459782.6721858797	2459782.6774914246	1.0851155437455502	25	423.906770733901	18.832723518405984	7620205.494193366	1848.2770211369375	1743.9082300260666	827529.6363835733	0.1085967612046886	0.0001810128264897	2717.688280284084	3167.8515474982364	821527.9731182847	0.1208364377589093	0.0002055824448737	1697.3119440516425	570.6669208622857	1002163.6665284944	0.151429031823164	0.000224014546721	656.1486274433996	3307.074646573985	751540.7256472335	0.1094158400463486	0.000195409983485	3130.152351209674	1843.796135082248	807890.9513747739	0.1185927259078835	0.0002028980673891	2076.5130924944397	3254.2699848795005	625272.9243270303	0.0893894141339776	0.000183154607197	3330.1152252299426	506.5621335948963	756851.2657231214	0.110274253743685	0.0001964630105895	633.7079475268107	2371.031499230131	1029205.3117211488	0.1561531305154818	0.0002274133337982	2001.569295106579	2781.2462039954116	595034.8323858991	0.0847004095745065	0.000179601312988	2300.146593840193	1053.4805403486785	634806.4375595732	0.0908761879475904	0.0001828877715549	2513.1439938312997	1965.8662756790216	595911.4058078058	0.0848357711550155	0.0001799290489238
TOI_3505.01_50.000s_R-0107_aligned.fits	107	0	59782.67293890007	2459782.6729389	2459782.6782447444	1.0842360058157696	25	443.0250546885595	18.618251783073077	7207499.308732795	1854.8767853449715	1742.998348803398	781467.01011444	0.1084241533214709	0.0001910098809966	2724.2946454744665	3166.9969196815423	777951.0647935318	0.1209962248167059	0.0002170904653617	1703.7913572488749	569.9970161021115	944685.9404445236	0.1508405064771588	0.0002355901111245	662.8089403807725	3306.1096540393223	713601.3034943367	0.1098879752836729	0.0002067480843785	3136.748160325037	1842.871179331248	764944.8678208278	0.118733163194279	0.0002143017336917	2083.0916774125644	3253.4014510994125	593514.9863099246	0.089736376346974	0.0001941712072084	3336.785058130533	505.7803966808988	714537.9364797198	0.110048080608213	0.0002073366266407	640.2501648877967	2370.0958524418093	975508.2813841412	0.1565323629484047	0.0002398083269776	2008.1626754684496	2780.402087801867	560223.3583408579	0.084278637222489	0.0001899428879329	2306.7116235413073	1052.6842903079728	598163.0813579648	0.0905027465360996	0.0001933139246421	2519.7408757830444	1964.90932066274	564368.4883069672	0.0849551971145423	0.0001906746026851
TOI_3505.01_50.000s_R-0108_aligned.fits	108	0	59782.67369189812	2459782.673691898	2459782.678997852	1.0833771880687515	25	471.2395343758532	18.48353022494347	6631399.465967083	1847.7093492684269	1742.8535909327893	721044.4110579125	0.1087318619181931	0.0002075446145733	2717.1236339008865	3166.994418375212	711513.5159025666	0.1201904093937506	0.0002354313161305	1696.685851482576	569.7693290183342	872821.7382358639	0.1515689775328848	0.0002555950391972	655.4660206252337	3306.166691178126	654356.1864974092	0.1094782413145699	0.0002249937846028	3129.5463679569116	1842.714461218612	703616.9721982725	0.118698176415532	0.0002329272266979	2075.9051942204783	3253.363595489671	541365.2615096587	0.0888936323400979	0.0002115145183131	3329.643187887235	505.5858907515121	661887.9102421777	0.1108780683416906	0.0002261260826416	633.0277045361074	2370.0285294559244	895106.9053432991	0.1560427568648908	0.0002594351819184	2000.9418041611625	2780.298106181267	517409.6292444095	0.0846271654127839	0.000207930832617	2299.51051779018	1052.5612545932458	552822.244686121	0.0909459935378797	0.0002111346384044	2512.549825329278	1964.8134519144855	520499.10210730473	0.0851755177003976	0.0002082946002752
TOI_3505.01_50.000s_R-0109_aligned.fits	109	0	59782.67444421258	2459782.6744442126	2459782.6797503065	1.0825394842162004	25	478.5269870827124	18.5417999078416	6457849.198320384	1850.331954879504	1744.745025093102	703365.2625898913	0.1089163343691626	0.000212994998072	2719.727864998388	3168.732025643019	695592.2368770079	0.1207152408390289	0.0002416452468672	1699.3301130159218	571.7057416381231	848485.9715790845	0.1512624405447895	0.0002618447960152	658.1627639817663	3307.86605312748	636320.2055869192	0.1093046528465606	0.0002307684144944	3132.0892282536265	1844.593577903171	688738.4600360495	0.1193838168966873	0.0002393428610132	2078.558901069788	3255.0733920079533	531206.0352165933	0.0896301701650619	0.0002176262361127	3332.153982154653	507.4972761416466	644579.3843502533	0.1108806927903528	0.0002319946975625	635.7228042387233	2371.8071766928297	869745.9237500763	0.1556424212322659	0.0002656474062033	2003.653056946962	2782.0567535003847	501328.5349207572	0.0841646597486373	0.0002131290216515	2302.165599910304	1054.4400532577688	538142.2286913254	0.0909069032390038	0.0002167882753195	2515.1480019955725	1966.6362099660512	503710.2173123177	0.084598330492285	0.0002135376384045
TOI_3505.01_50.000s_R-0110_aligned.fits	110	0	59782.67519721063	2459782.6751972106	2459782.680503214	1.081721582290171	25	462.61647940299713	18.75257675347141	6768692.4406615365	1846.7406246809835	1744.1002399389197	739337.9905223135	0.1092290714940587	0.0002034421747196	2716.12763295264	3168.13489342171	729334.4797449439	0.1207635785897766	0.0002307267873917	1695.7881460161134	571.0368453364731	888174.0945784312	0.1510367015809118	0.0002501273923652	654.6746476635675	3307.2920352839155	668242.9226869771	0.1095399479526951	0.0002201277521636	3128.5108435702828	1843.943042594713	717870.0237855776	0.1186400747414786	0.0002278572491278	2074.967565036978	3254.4720388406317	555126.1742419418	0.0893409920228981	0.00020699632432	3328.653913098237	506.8239051005853	675486.3667645808	0.1108589400345963	0.0002212641490659	632.2190411751409	2371.2064868758043	912584.2118190676	0.1558345877769836	0.0002540069880767	2000.049556443696	2781.446942136513	528079.9100217526	0.0846198842547935	0.0002031471121521	2298.561215590389	1053.844241824473	563137.7052790932	0.0907473593083032	0.0002064060494438	2511.5373250271828	1966.0246909295056	530656.5517391707	0.0850678901481669	0.000203552194289
TOI_3505.01_50.000s_R-0111_aligned.fits	111	0	59782.67595033534	2459782.6759503353	2459782.6812559585	1.0809240915981844	25	454.9806430330234	19.287069563289464	6850249.203598358	1850.535972547374	1744.6657893744168	741811.6278416204	0.1082897287082571	0.0002000890547468	2719.884374851807	3168.6585636254563	739057.9194867823	0.1209351638866634	0.0002275680465854	1699.4942726979812	571.4843801378202	896315.1524349942	0.150541666187898	0.0002462466855092	658.4019538987944	3307.77279877549	677131.4113371884	0.1096903435385703	0.0002169014331458	3132.321411248642	1844.502243449032	725555.3763127261	0.1184639423248167	0.000224540694686	2078.740253887525	3255.016735245558	563971.7219681542	0.0897147355674635	0.0002040879937613	3332.3099435006643	507.2678398750845	683680.8548187059	0.1108689332785883	0.000218096338719	635.8683017097075	2371.774639889176	925255.8709924534	0.156161504165864	0.000250697831534	2003.821269078755	2782.0340735839054	532189.6933866402	0.0842330928549305	0.0001996967917927	2302.3965109599617	1054.2612027447267	569982.582939136	0.0907577046274043	0.000203288787422	2515.422963946227	1966.4810484667437	537108.6199215775	0.0850778804625898	0.000200532904399
TOI_3505.01_50.000s_R-0112_aligned.fits	112	0	59782.676703344565	2459782.676703345	2459782.6820092103	1.0801462472505845	25	461.3281581152475	18.4935273123872	6750455.1825821	1849.598808251178	1743.1874739472332	733858.6154807549	0.1087124639201069	0.0002034317332662	2718.989453809957	3167.1652190935747	727105.7193490234	0.1207145166966195	0.0002310293460172	1698.6481761731145	570.0883974099552	886378.0451717237	0.1511538856671922	0.0002504637186183	657.5108447245626	3306.2706478765213	665240.255514655	0.1093207493059319	0.0002202070645883	3131.49946198642	1843.0981060307856	718218.0573142166	0.1190632998006227	0.0002285130349888	2077.815020630013	3253.609488385772	550218.8831133891	0.0887415989549522	0.0002069402921581	3331.5923738076576	505.8701020738504	675196.3144408	0.1111386903991094	0.0002217592161874	635.0122727634662	2370.4285709081814	913635.8632618692	0.1565297490428868	0.0002547650360423	2002.946093621775	2780.6719994220334	524960.283321442	0.0843242652698642	0.0002031173734202	2301.506997743932	1052.864177557312	562559.5033392807	0.0909128938980623	0.0002068586390041	2514.4974531806715	1965.170327847945	526942.2577557008	0.0846695851877579	0.000203543494078
TOI_3505.01_50.000s_R-0113_aligned.fits	113	0	59782.67745636543	2459782.6774563654	2459782.6827624757	1.079388513751088	25	451.7732464863995	18.076640891818823	6924473.628231885	1848.3111731031252	1743.435965815006	751431.153852365	0.1085181624186845	0.0001981551782809	2717.686460020884	3167.2677429161267	743240.3650721794	0.1202414362036633	0.000224688508011	1697.3290900090046	570.3772619730576	912563.3434837136	0.1517925751152388	0.0002447612409036	656.240782432276	3306.4140657434396	682155.1145699323	0.1092791265099604	0.0002145353989404	3130.1156519861393	1843.282416313958	738882.1220745343	0.119452136685558	0.0002227708593454	2076.515764610666	3253.6826294235493	565992.245587778	0.0890137458187251	0.0002014284212306	3330.175074829062	506.0866641031848	692871.2045540044	0.1111866832070896	0.0002158629734356	633.8032534062277	2370.4601136929455	931009.17332791	0.1553373979829211	0.0002477572583073	2001.5670508781911	2780.7303067107323	539984.0013863221	0.0845774733685512	0.0001977945416552	2300.122764562519	1052.9926012866213	576570.6047975965	0.0908285149708644	0.0002010567714509	2513.134432808616	1965.326057170068	541205.4533779143	0.084785009583323	0.0001980537223934
TOI_3505.01_50.000s_R-0114_aligned.fits	114	0	59782.67820949061	2459782.6782094906	2459782.683515158	1.0786514026843628	25	448.2619776720677	18.702899439928817	6936432.882399508	1848.102019393833	1742.1216394813414	753718.3990113027	0.1086608076211314	0.0001975022944073	2717.446228329155	3165.973566274573	743325.1146781066	0.1200245728892902	0.0002238378480449	1697.1865131371849	568.9952814050894	910451.7034960256	0.1510877111072716	0.0002434067810067	655.963734594741	3305.1533506498326	685339.3225733647	0.1096351088036547	0.0002138275185953	3129.942519019617	1841.9715626105844	736994.1774126329	0.1188807910657765	0.0002217341874584	2076.270155121996	3252.448998221102	568774.3024896499	0.0893223616423388	0.00020084424866	3330.023168879509	504.765118984692	693525.8308054011	0.1110902060648671	0.0002152454963383	633.5478091147162	2369.1519175335557	939179.1414444116	0.1566015349710452	0.000247697917784	2001.35927939244	2779.369231489789	536864.6701044566	0.0838907645476792	0.0001965779263995	2299.9421493759432	1051.8184406157802	578118.2600695752	0.0909231918218181	0.0002004450659047	2512.9351940186066	1963.9962662537037	543860.3593258848	0.085076916587626	0.00019755004315
TOI_3505.01_50.000s_R-0115_aligned.fits	115	0	59782.67896180553	2459782.6789618055	2459782.684267719	1.077934370693273	25	445.8682534415461	18.810638693808265	6909560.5998422	1850.569764111809	1743.6757432387883	750314.2087409649	0.1085907269932766	0.0001978205068407	2719.998686191347	3167.779674338408	741870.5171701452	0.1202833649593401	0.0002243590353928	1699.5936721067087	570.580217142257	907700.652547618	0.1512365600861406	0.0002440077330765	658.4882573383944	3306.831376583175	680345.4084924891	0.1092184789886952	0.0002141491821971	3132.464857992166	1843.5692656763235	736729.0485832357	0.1193502596766921	0.0002222431816892	2078.8420988305925	3254.1616063372894	563765.7703540787	0.0888408442917708	0.000200905131729	3332.475336055972	506.40840024079944	694048.3299016748	0.1116638982853003	0.0002159004589739	635.9431357856672	2370.745749136562	929144.9672068342	0.1553646141476277	0.00024738078387	2003.893145787662	2781.1164290914453	539868.9047345375	0.0847558925260373	0.0001975315538506	2302.4168959943477	1053.3584117317005	575650.6112555339	0.0908839267202759	0.0002007008528951	2515.452140585614	1965.5932800639496	540436.3895960541	0.0848525435768143	0.0001976827682915
TOI_3505.01_50.000s_R-0116_aligned.fits	116	0	59782.67971411999	2459782.67971412	2459782.685019962	1.0772375252805595	25	397.5420458798605	18.996970227068303	7917955.069481805	1862.731073057773	1743.68252388173	861823.6436673856	0.1088442200169984	0.0001732141448955	2732.052185511751	3167.700616506641	853522.3457906552	0.120819658021273	0.0001964676306735	1711.693778798196	570.561183567942	1039495.8263500172	0.1511233532986278	0.0002144585355017	670.6159524017029	3306.746992755844	776377.0439827398	0.1087122539599342	0.000186403606173	3144.502207699695	1843.5728413915297	842760.0756800841	0.1191147489812494	0.0001941521848346	2090.886755828191	3254.0877176169947	652985.8599818022	0.0898814353029781	0.0001748792832064	3344.5609059981407	506.331093927195	793963.8747072619	0.1114493060139709	0.0001882750762884	648.1432637724455	2370.6806321941467	1063777.420676729	0.1552013203016678	0.0002174452318604	2015.9786254480216	2781.0849066504034	617154.4677544833	0.0845324371149746	0.0001709285331698	2314.5582624752083	1053.4275314018855	659659.4777685108	0.0908835234709421	0.0001742748213965	2527.5675872980505	1965.6075599165492	618258.6767895218	0.0846964919538927	0.0001711967801575
TOI_3505.01_50.000s_R-0117_aligned.fits	117	0	59782.68046643492	2459782.680466435	2459782.685772306	1.0765604116933536	25	378.0960893766763	18.7878715180681	8434258.43248552	1849.9954187468795	1743.8178970910303	914638.182288304	0.1084432246900889	0.000163150096791	2719.378969416859	3167.8377050142285	907586.0370889562	0.1205826412272242	0.0001850561568651	1699.0793365881448	570.6890736269679	1104328.5479822392	0.1506601789352689	0.0002024842796971	657.8874005004334	3306.899408116812	831974.5670595977	0.1094374508749004	0.0001758275564221	3131.81138901449	1843.7163072078429	897259.8227047701	0.1190473647614048	0.0001830156407086	2078.213218617757	3254.2300210171857	693527.5148238502	0.0895945773339647	0.0001640466302932	3331.8980288363614	506.45331204700005	840030.3727204124	0.1106143199953353	0.0001771021173441	635.4078977977279	2370.879021379133	1137235.4989533217	0.1558492428093317	0.0002059174037388	2003.2509320088568	2781.132239564857	660844.4060001713	0.0850134064323039	0.0001607800456577	2301.8947737485328	1053.495282949129	701406.4638456694	0.0907047576612334	0.0001637326289087	2514.8522522551416	1965.684800645102	660065.201306533	0.0849046559145574	0.0001608837839418
TOI_3505.01_50.000s_R-0118_aligned.fits	118	0	59782.6812194325	2459782.6812194325	2459782.6865251865	1.0759026041034316	25	366.1482763562386	18.61898429773609	8708557.894670758	1847.462964429756	1744.9396125323674	945525.72604352	0.1085743170659908	0.0001583152044937	2716.851355564051	3168.978474724058	938475.978933921	0.1207807059322264	0.0001796675129774	1696.4672995026062	571.8498604699103	1140961.6721079024	0.1507693643466488	0.0001966968812761	655.2094194999072	3308.041137249	859601.2478528656	0.1095178998346695	0.0001705275264862	3129.2392250295065	1844.8524293942696	927254.575147984	0.1191644300539684	0.000177536995563	2075.6010342405752	3255.3450233203275	717245.8348561731	0.0897532006618716	0.0001588765697065	3329.333811121457	507.6369881646892	866445.2679949615	0.1104862055981769	0.0001714982995565	632.7962345986583	2372.0401862611675	1174236.473806267	0.155851656468292	0.0002000473846815	2000.761136383144	2782.369723826741	678715.3934359268	0.0845241227747062	0.0001552796919443	2299.294820052242	1054.657359946225	723588.8257233712	0.0906188639524383	0.0001584444616108	2512.297631065163	1966.853500745932	682032.6248113856	0.0849723388241865	0.0001557288413964
TOI_3505.01_50.000s_R-0119_aligned.fits	119	0	59782.681973136496	2459782.6819731365	2459782.687278762	1.075263956482858	25	365.7862593718592	18.421668192432527	8711510.039738968	1846.2676378855388	1743.7843960337527	946159.3816390577	0.1086102612891448	0.0001582442093832	2715.634422233803	3167.8461656498102	938217.39792254	0.1206975526529645	0.0001795421757161	1695.282417512414	570.6049842195475	1141970.0338360695	0.1508638613370873	0.0001966856042247	654.2255027825378	3306.802436132185	857855.4438563352	0.109230095795921	0.0001703095942256	3128.0672178356244	1843.68552813466	924700.3496853638	0.1187521445228743	0.0001772523105946	2074.4383529883394	3254.1590341229476	716695.3684530061	0.0896450259224991	0.0001587864065632	3328.134636254768	506.46880034880223	865150.527265206	0.1102613926738676	0.0001712758312815	631.6937145968017	2370.790344847421	1177497.4913347615	0.1562908853376107	0.000200287289827	1999.5362271748927	2781.1175009377907	679490.2043684252	0.0845976750924045	0.0001552470778279	2298.07441844828	1053.4547094369786	727207.3814808581	0.0910796362070158	0.0001586832417959	2511.076477869223	1965.6630121829185	682725.8415364027	0.0850347729721328	0.0001556919486837
TOI_3505.01_50.000s_R-0120_aligned.fits	120	0	59782.68272615736	2459782.682726158	2459782.688031829	1.0746454422194085	25	368.1013112507624	18.36457814982741	8640323.030951556	1850.8950164518037	1743.142200771123	939849.9637361498	0.1087748641305885	0.0001594889653882	2720.3140561363507	3167.108613804536	930885.4454307735	0.1207462198253066	0.0001809031098673	1699.9251616215531	570.094337813202	1131990.047905435	0.1507644973207073	0.0001979850740402	658.8128863516208	3306.119555017884	852789.7221131856	0.109507040072024	0.0001717638040456	3132.756518986685	1843.0359593228764	919138.8876025656	0.1190411820956646	0.0001786912129122	2079.092161616261	3253.417990125705	710476.467278955	0.089595235112583	0.0001600567848861	3332.850838036123	505.99781401158407	860883.6355825079	0.1106613975417015	0.0001727843046119	636.3049352153221	2370.116730660233	1163774.0965332044	0.1556565879179579	0.0002012679527148	2004.1829507426744	2780.464864098741	671983.6182780168	0.0843317011834656	0.0001563235633595	2302.742477102226	1052.9115576505387	719026.0825841718	0.0907712571907011	0.0001597170761204	2515.7689972048447	1965.0596272621408	679375.0276427418	0.0853384581032777	0.0001570938547984
TOI_3505.01_50.000s_R-0121_aligned.fits	121	0	59782.683479282074	2459782.683479282	2459782.688785035	1.0740464616607934	25	371.4840319525073	18.44696719847461	8569959.411030183	1847.0469471277456	1744.220311852347	932833.4692546512	0.1088492283935469	0.0001608234857274	2716.407669212669	3168.0949641391717	922552.1780944464	0.1206359423519664	0.0001823099241183	1696.0763785060888	571.0751483745275	1122906.4232209502	0.1507853408669361	0.000199529561743	654.9246495927106	3307.192999425036	845139.8739682188	0.1094057757483428	0.0001731166311124	3128.913114223408	1844.101935448355	912449.005753055	0.1191573967858073	0.0001802515706066	2075.268651291244	3254.486532783012	704977.1556589367	0.0896349327651039	0.000161437232939	3328.994094404154	506.9318796367843	853635.083164447	0.1106271648123628	0.0001742380948636	632.4572769502736	2371.1959726347472	1153907.6057581983	0.155595947285306	0.0002027488764754	2000.3143674717264	2781.4517234837695	665863.3058648711	0.0842428149918029	0.0001576772722161	2298.9389050589393	1053.863059012447	714214.3136246479	0.0909161772395755	0.0001611663054978	2511.939324047275	1966.0829827916016	674314.4659224103	0.0854033420462027	0.0001585173700684
TOI_3505.01_50.000s_R-0122_aligned.fits	122	0	59782.68423240725	2459782.6842324072	2459782.689538007	1.0734672567355652	25	380.881923920158	17.761353472769432	8336909.323835134	1846.8217760603104	1745.0793443251314	906611.2309866524	0.1087466824659662	0.0001649903358971	2716.149532290982	3169.1507289628903	895896.9561252502	0.1203998746209556	0.0001869103022187	1695.8735443101348	571.9835709650483	1094209.200359119	0.1510775238108259	0.0002047534434867	654.6491483223607	3308.1359778004485	823645.3889293419	0.109625509773825	0.000177870771309	3128.62503162567	1844.9384949205112	883617.8808415609	0.1185540492546016	0.0001846011535314	2074.9709516275298	3255.505528159506	686076.9746596277	0.08967350784174	0.0001659234937468	3328.715013890166	507.75404813526256	831803.1360597735	0.1108316278608623	0.0001789535057352	632.18412609065	2372.134734186995	1123499.708478531	0.1557515472415038	0.0002079461061661	2000.0471021993071	2782.4369918275256	652550.5100053785	0.0849193180348327	0.0001624928270593	2298.663222893333	1054.781500228597	693588.7001743806	0.0907444204325669	0.0001655295920226	2511.672357760667	1967.0050331166444	652020.8682021697	0.0848445454955489	0.0001626153793749
TOI_3505.01_50.000s_R-0123_aligned.fits	123	0	59782.684985300526	2459782.6849853005	2459782.6902910583	1.0729075317742414	25	380.08569781734775	17.90024754298429	8328367.637804135	1852.8314211690167	1742.988793231455	905529.2607078257	0.1087283006813299	0.0001650325472604	2722.1736638176776	3167.1258679821885	897462.3043379838	0.1207742884700917	0.000187292874305	1701.7574183301335	569.9895919004548	1091422.9300682629	0.1508126666909028	0.0002046414927596	660.6216678029356	3306.190797268083	823501.5436091601	0.1097290122532819	0.0001780732506264	3134.619172408638	1842.8403879354992	883052.9724923999	0.1186051916121972	0.0001847832125153	2081.0031312980436	3253.475932042343	684415.9652508133	0.0895369299243877	0.000165973126101	3334.7120635746937	505.7663266193172	829361.2734534648	0.1105961554314907	0.0001789235181998	638.1548838039523	2370.111099265683	1126658.0027303044	0.156443130842605	0.0002085196858126	2006.1134930078997	2780.405937504117	649057.2021731507	0.0845202453545323	0.0001623608311878	2304.6717471621996	1052.7252959827474	691651.3454457439	0.0905692078855723	0.0001654944864158	2517.6179086130005	1964.8886903579344	651784.0982428511	0.084905491470767	0.0001627604270345
TOI_3505.01_50.000s_R-0124_aligned.fits	124	0	59782.685738321394	2459782.6857383214	2459782.6910441252	1.0723672893156926	25	378.1030658580601	18.11347008618975	8375636.615415835	1847.1090184722043	1743.555641840214	909478.843339862	0.1085862347067344	0.0001640562401012	2716.461888262862	3167.671882733934	902927.860256964	0.1208300617408135	0.0001862596367757	1696.1453479167828	570.4904117810256	1096918.869324081	0.1507022126133497	0.0002035044292176	654.9140163574275	3306.699240605741	826611.1422890014	0.1094990532528454	0.0001767948326288	3128.8975532151044	1843.4694853658823	887715.2114325423	0.1185529552914793	0.0001837011819988	2075.277671483846	3254.0403906705433	687468.0945010628	0.0894189679415696	0.0001648922869456	3329.0202620305135	506.39610015111566	830890.0202470936	0.11012828724813	0.0001776063665707	632.4758339924816	2370.6430192869193	1133387.8304312574	0.1564966716941734	0.00020739943586	2000.3163108235497	2780.968800988441	656428.1963675141	0.0850382786332958	0.0001616867437558	2298.9679698770847	1053.2516656837563	698931.0805943066	0.0910457067063411	0.0001648554239677	2511.924128917502	1965.504017550684	654358.3099720115	0.0847474063343451	0.0001616896995905
TOI_3505.01_50.000s_R-0125_aligned.fits	125	0	59782.68649144657	2459782.6864914466	2459782.6917973706	1.0718463751199836	25	378.54110463494135	18.607744028479058	8340844.665476369	1849.1910728421683	1743.9795137461992	905627.5698544848	0.1085774410357949	0.0001646048160202	2718.5567191564505	3168.093539174597	897336.6318712604	0.1205529204536445	0.0001867684223175	1698.2172168585212	571.0157826461559	1092547.8963299356	0.150731672712484	0.000204139525701	656.9351731896797	3307.1133881016417	822774.0116055001	0.1094395157329194	0.0001774902454914	3131.0272496315556	1843.889655797922	888122.9649036305	0.1191676008558563	0.0001847055323914	2077.331815510723	3254.462854336415	684760.3159706555	0.0894400172086485	0.000165552250518	3331.0981373950235	506.89913959801106	831775.1596115832	0.1107694047793731	0.0001785680552116	634.4364980845273	2371.129743665373	1124777.883941661	0.155871324087503	0.0002077684328258	2002.4589278589576	2781.4700671360324	650652.9647442015	0.0846081593365552	0.0001620417345831	2301.047519678932	1053.8039270087738	694160.670656865	0.0907793065761769	0.0001652423530099	2514.006087806256	1965.9457411575395	653936.1658410751	0.0850714127626342	0.0001624984317473
TOI_3505.01_50.000s_R-0126_aligned.fits	126	0	59782.687244444154	2459782.687244444	2459782.6925499006	1.0713453419401755	25	378.0059312335752	18.81175200363463	8385615.941810775	1847.455522207688	1744.0334206130765	910182.0752355192	0.1085408730320383	0.0001638804500855	2716.8276550964347	3168.1460111193683	900502.0845022228	0.1203057297014877	0.0001858563733977	1696.5768138720443	570.9237679569046	1101103.6915583347	0.1511568178803154	0.000203586095982	655.2223089275618	3307.207260310685	825414.2504174039	0.109178866399433	0.0001766013228873	3129.345055618002	1843.971772977225	892509.2933960482	0.1191107153913085	0.0001838693271818	2075.609307357579	3254.5250731839415	689527.6376373105	0.0895945589999781	0.0001649715431857	3329.5701526164735	506.77631988563417	833571.6779158954	0.1103769587131618	0.000177536921168	632.7136280494027	2371.114166703601	1129623.4120189983	0.1556814463880678	0.0002067809594965	2000.6774720368524	2781.4441475720596	656743.499021589	0.0849727439394231	0.0001616070738725	2299.357703728183	1053.6438011174932	699503.2051053797	0.0910087100030252	0.0001646126163151	2512.348787684972	1965.9822358237336	657117.1902375923	0.0850252049408473	0.0001617179621608
TOI_3505.01_50.000s_R-0127_aligned.fits	127	0	59782.68799746502	2459782.687997465	2459782.6933032637	1.0708631207006705	25	378.5815047729372	19.118449442647297	8357777.342213635	1847.784622365347	1744.8487696773022	910680.3196824188	0.108962022125516	0.0001645552397657	2717.2163558365846	3168.9109908332075	901799.3802724874	0.1209498451947819	0.000186584400145	1696.841661099268	571.5703615775342	1090972.340862683	0.1501309503502383	0.0002035591529614	655.5606773506637	3307.944345739952	825104.211327654	0.1095367072207747	0.0001772210534398	3129.6668558005604	1844.6431682907837	890525.1885778421	0.1192574149440295	0.0001843926470884	2076.024929523915	3255.253632600165	689495.0172004472	0.0899151841281824	0.0001654381919907	3329.751848378396	507.3835542095685	829318.5207057315	0.1101578079083687	0.0001779748443666	633.1370705033679	2371.9301195937614	1130367.9101167629	0.1564001487305821	0.0002077802027992	2001.088795886801	2782.147853769926	649998.2715726631	0.0843301638014658	0.000161542370989	2299.651831186367	1054.4513476304687	693254.4066101746	0.0904497791232184	0.000164807525758	2512.6360547828317	1966.689800627567	656942.0949671895	0.0853079015295243	0.000162333743054
TOI_3505.01_50.000s_R-0128_aligned.fits	128	0	59782.68875045143	2459782.6887504514	2459782.694056076	1.0704005679802882	25	372.5147976578546	18.9554398001329	8590663.034936165	1847.8921684595095	1743.0829091611386	933423.0707167648	0.1086555329804879	0.0001605506642576	2717.290008781046	3167.1702818690837	925321.682467478	0.1207150001440537	0.0001820703564284	1696.9484038494154	570.0340803006006	1125941.038092748	0.1508349592347674	0.0001993388848967	655.7479933814652	3306.1173472783717	846458.102466533	0.1093021310577065	0.0001728698204334	3129.784990885452	1842.956295995836	913654.1912675288	0.1190117414051223	0.0001798724700873	2076.0949692371983	3253.4279696122	705837.6411781386	0.0895184872117664	0.0001611515425408	3329.948376831212	505.86807350069466	851149.3680502033	0.1099745287216048	0.0001735231268257	633.2282771600089	2370.09438174514	1162448.2280092365	0.1564909279313295	0.0002031546614607	2001.1380826291825	2780.38463276498	670819.7970931294	0.084701145836799	0.0001577727554773	2299.789359460255	1052.750504470599	715024.4135575776	0.0907893883826295	0.000160873372304	2512.748845478602	1964.9134028370108	674008.5727535902	0.0851380562298496	0.0001581111751036
TOI_3505.01_50.000s_R-0129_aligned.fits	129	0	59782.68950357614	2459782.689503576	2459782.6948093004	1.069957047057147	25	697.0221019822544	18.404183704710647	2475261.208286098	1850.4569913614753	1741.2733779293026	273203.8026674194	0.1103737261153901	0.0005605708034838	2719.7502228824324	3165.2138477915905	258572.09355095215	0.1166478834727561	0.0006333730008034	1699.4495728403856	567.7604895859067	342284.4349964105	0.160472649905374	0.0006846814034747	658.6799341859291	3303.8821427661687	218163.03145406977	0.0966564209272786	0.0005996154045302	3132.4181310447348	1840.859314953532	267527.664665126	0.1211775150303444	0.0006326280514119	2078.7246035859675	3251.579527564264	193328.98841201677	0.0847216173768232	0.0005878644583735	3332.548505517643	503.23840443019617	269194.75928882346	0.1220247737375185	0.0006280543726216	635.8695698628828	2368.3956609073493	323896.36710611195	0.1505538999737768	0.0006722358840072	2003.7078154131932	2778.776878654736	190219.5927597552	0.0832455704383045	0.000584058317938	2302.3815996374233	1050.657494570513	215586.36014365125	0.095405921042522	0.0005899506303364	2515.396197861401	1962.9286771065056	196487.91590918135	0.0862253022564746	0.0005838871663997
TOI_3505.01_50.000s_R-0130_aligned.fits	130	0	59782.690257974435	2459782.6902579744	2459782.6955639157	1.0695320138379625	25	896.0078681939668	19.442990350899567	1431679.8705925806	1853.7646755203705	1744.7030298907694	159328.28990902798	0.1112876510885643	0.0010506853712977	2723.1485563469237	3168.837462412293	142554.26862787502	0.110582140646818	0.0011735616110643	1702.6373336240863	570.9929138911916	203676.23766465532	0.1658596377105422	0.0012889883435543	662.2885801488312	3307.8078955981805	123197.16953541222	0.0941526926079168	0.001127569864114	3135.6695029476573	1844.2877970383092	156474.59488604567	0.1227054168195391	0.0011894338825168	2082.1431704606994	3255.486842788668	109861.1577340616	0.0831136347710494	0.0011098183898595	3335.530872096915	506.21646374983675	157346.02919165674	0.1234731622748716	0.0011798970617166	639.2422478868353	2371.825279287748	187302.48283039263	0.1505190343961698	0.0012522340905863	2007.1120937336016	2782.3682624747416	112333.96873530746	0.0851436826211931	0.0011096606918197	2305.585406122104	1053.8422468482204	123756.4759958589	0.0946205844372233	0.001112392812345	2518.6712800725263	1966.595321653187	115177.48539131507	0.0874874870611851	0.0011072384306782
TOI_3505.01_50.000s_R-0131_aligned.fits	131	0	59782.69101248821	2459782.691012488	2459782.6963179847	1.06912655563147	25	484.9945688164351	18.54243607956236	6493530.80993189	1848.6646481439104	1743.3319896321725	706167.9685686015	0.1087494599222528	0.0002128244972823	2717.9421844039493	3167.3882377414207	699225.138821094	0.1206745343635019	0.0002416451168421	1697.7619115806854	570.2825967360295	854550.2721164648	0.1515433980283824	0.0002620448458897	656.4220097211147	3306.462546540079	636070.8766161707	0.1085915881384632	0.0002304675118473	3130.489230844462	1843.1499529153552	690202.7005969493	0.1189322208900655	0.0002388457419157	2076.7567971127064	3253.7054869099356	533205.8801861915	0.0894591966832488	0.000217644048455	3330.7307274299515	506.00763339035984	643567.8013726682	0.110012285621473	0.000231430882323	634.0362183973748	2370.4332909351942	877667.0166424788	0.1562835298269223	0.000266062406129	2001.800148263593	2780.7314372296137	506198.7254544607	0.0845449556350508	0.0002134214134658	2300.568601230794	1052.9415874193946	543078.3483257298	0.0912667317031453	0.0002171703870704	2513.467701681584	1965.1671484873875	509764.0497996816	0.0851911630640528	0.0002138778686602
TOI_3505.01_50.000s_R-0132_aligned.fits	132	0	59782.69176550908	2459782.691765509	2459782.697071274	1.0687407128739654	25	482.744120946321	19.53267454325652	5954829.546287789	1861.15257041208	1744.9419926691248	643745.1987757947	0.1081047230272279	0.000227388596867	2730.5028537007356	3169.2774417142973	646324.2226164966	0.1217525806622922	0.0002589900432647	1710.1465232724674	571.9040160274158	775210.2677528716	0.1496654920112476	0.0002786566773294	668.9127660205716	3308.244275838274	594424.523266766	0.110891718202995	0.0002478005261515	3142.996056885735	1844.905063797506	632096.4710747651	0.1187541178832207	0.000255593569994	2089.2961004689696	3255.6378078258213	492734.7186244917	0.0902098433240284	0.0002335622604202	3343.057027615662	507.7637866389237	581961.7387873622	0.1083149185198553	0.0002469190326486	646.4393877496456	2372.1311904357026	810344.1070309841	0.1575170377288598	0.0002850144216973	2014.3493111100468	2782.454997407877	464341.5847225528	0.0845720067092502	0.0002287065887149	2312.973424534665	1054.7188189724352	491021.9915459632	0.0898680977736532	0.0002320318143644	2525.920378786431	1966.985851616724	466369.9208655361	0.0849728252906035	0.0002293374183369
TOI_3505.01_50.000s_R-0133_aligned.fits	133	0	59782.692518634256	2459782.6925186343	2459782.697824896	1.0683738663628728	25	523.2035248708421	19.57144662306394	5260870.514318579	1848.151610822284	1743.191815436031	573099.613094185	0.108936270439345	0.0002585933452543	2717.4591955377455	3167.167699814661	567810.4812375307	0.1209893922590111	0.0002937559821758	1697.2554008602451	570.1383589973052	685820.1998404993	0.1499044060062403	0.0003150707333374	655.9282968886149	3306.174705079429	525252.4171876011	0.1109152821055861	0.0002821665905504	3130.0603106023373	1843.031463076104	556126.7587473847	0.1182055362927766	0.0002900704287179	2076.313194849172	3253.5023338513947	433511.34267135744	0.089803001445909	0.000266563598595	3330.220107102042	505.9990699213745	514699.4435518497	0.1084451942160402	0.0002810201224398	633.4881380906313	2370.2318378191753	718122.4389705329	0.1580810617404781	0.0003224216711291	2001.3034180063848	2780.516543524129	414517.79255257966	0.0855319074674223	0.0002623913686016	2300.088858321302	1052.8908520911996	436323.86178472906	0.0904383133191534	0.0002652266268653	2513.0002112590646	1965.0896644723755	408685.77777451486	0.0842271677532209	0.0002616733458639
TOI_3505.01_50.000s_R-0134_aligned.fits	134	0	59782.69327233778	2459782.693272338	2459782.6985779367	1.0680264202615088	25	578.7461375787952	19.1585040353232	4378723.363477375	1856.0207193792503	1742.6751434032417	473131.2278356333	0.1080523222320889	0.0003119208687248	2725.3811012835567	3166.831199951927	471975.3154479472	0.1208102774086014	0.0003545136352862	1705.0299889293074	569.651339574637	568856.6375488243	0.1493114270054108	0.000378274539314	663.7389719128875	3305.865722883681	440798.5124085243	0.1119367507200856	0.0003427154662799	3137.885206328198	1842.5450158199135	462157.670266719	0.1180007451599412	0.0003503974369999	2084.2311993236094	3253.103029940588	363532.57125977334	0.0905393018843304	0.0003249822254059	3337.9734109517694	505.4273085922742	428863.8637139681	0.1085769921030499	0.0003401159942062	641.3333446189627	2369.783442508924	597743.3311435501	0.1580921681764584	0.0003875152547207	2009.3294690868704	2780.1112148784905	342831.6477641752	0.0849457002102922	0.0003190826879228	2307.956195851989	1052.4239160971415	360374.5485949149	0.0896822464143039	0.0003220654685174	2520.9038006736355	1964.4965562397033	341589.26532897865	0.0846118204212355	0.000319194309899
TOI_3505.01_50.000s_R-0135_aligned.fits	135	0	59782.6940326388	2459782.694032639	2459782.6993383258	1.067694945242616	25	554.3261964876755	19.34259820971137	4844974.390526435	1851.3219359757536	1743.969165869045	525551.9661558769	0.1084736313949376	0.0002821064797394	2720.726257518421	3168.1340069612984	525140.9997690713	0.121565105009062	0.0003208282111611	1700.4335454836669	570.8646460961481	632805.3086662656	0.1502326464983232	0.0003434583907965	659.1001578468635	3307.0918844584917	481989.4258227707	0.1104724012853681	0.0003081256292661	3133.1926163626267	1843.97516993922	512118.510542796	0.1181942175618197	0.0003166012946923	2079.455353970028	3254.5460100962578	400435.67892731214	0.0900961168101149	0.000292170065383	3333.447940398639	506.7361249107389	476470.89351278613	0.1090695918724813	0.0003074028192741	636.6445722484506	2370.980902551563	656595.0275455182	0.1567658921607837	0.000349937828162	2004.5218089038249	2781.3306247822356	378790.4665523805	0.0848130021065789	0.0002870135344186	2303.24158520802	1053.6492277527473	402235.9294778255	0.0905378367429008	0.0002905951959011	2516.171299560914	1965.9221041869	378392.149709709	0.0847162616310674	0.0002873453460393
TOI_3505.01_50.000s_R-0136_aligned.fits	136	0	59782.69478784688	2459782.694787847	2459782.7000936135	1.0673849258117054	25	521.8111329905239	18.65605415305676	5461070.975667424	1851.195493465408	1743.7843184677618	590145.2577436964	0.1080640153503172	0.0002499984852715	2720.6096910944207	3167.886466724666	597725.0840179279	0.12290408647352	0.0002853585956463	1700.3143056599467	570.6475556286764	706128.3431295234	0.1485040720149835	0.0003043617185576	658.9369709697672	3306.9098490800543	542324.1222752102	0.1102565629904691	0.0002728382607132	3133.09813711817	1843.6863070294096	581418.5295194254	0.119151627280012	0.0002812491307706	2079.363181153945	3254.264973665948	453483.44123744	0.0905592639408669	0.0002581092416773	3333.3067971015525	506.45167809461736	535497.6054090345	0.1087178212880713	0.0002720519226422	636.46539983929	2370.7880040204104	735635.4391633831	0.1556756903105738	0.0003108422737071	2004.4207174166352	2781.149311649877	431746.8072695001	0.0858458895893823	0.0002537506812969	2303.195490919496	1053.4325403108032	451283.1193001381	0.0900802852812562	0.0002563513898796	2516.1162923740076	1965.6823538351368	425828.4843458409	0.0845696081330286	0.0002530651558545
TOI_3505.01_50.000s_R-0137_aligned.fits	137	0	59782.69554155087	2459782.695541551	2459782.700847071	1.0670947292218258	25	596.3966813969805	19.468094851053493	4027094.064892876	1849.9016208054595	1741.9916360464586	435447.3259246547	0.1081294151335494	0.0003391087700334	2719.283069402912	3166.088416928466	434045.0147679376	0.12080130516249	0.0003853438193143	1698.903457573452	569.0246327534437	525062.3711082905	0.1499307879023974	0.0004111412043968	657.6161931150375	3305.1473731866963	411612.6737092149	0.1138472665667512	0.0003736809711451	3131.8389816746803	1841.9119232412625	421324.8399453885	0.1168474224668453	0.0003804146270733	2078.0705522994226	3252.4368539384113	332189.7074273161	0.0899048189856731	0.0003534503881204	3331.9445652381805	504.9003461043876	391220.0234372036	0.1075999935576902	0.0003699535687669	635.1406967266299	2369.0662690784065	555007.4417580767	0.1598483857113519	0.0004217377219499	2003.178014452716	2779.4574109132172	313193.4058551716	0.0843300439641598	0.0003473312666403	2301.812165332183	1051.80945630537	331387.60587448115	0.0896682703426884	0.0003512531394278	2514.768386634811	1963.991178966267	312050.981009796	0.0839965981454058	0.0003477390368481
TOI_3505.01_50.000s_R-0138_aligned.fits	138	0	59782.69630405074	2459782.6963040507	2459782.701610185	1.0668202043770858	25	634.7208290619941	18.538626063613822	3536119.1308075003	1850.793414664194	1744.7231675100438	381406.5375533444	0.1078602059049541	0.0003889399027869	2720.185552281888	3168.735866533666	390426.14482225385	0.1241145103993581	0.0004452776826901	1699.9539328812698	571.6451918583966	449714.60255022	0.1457082499824314	0.000465959393897	658.5300385488467	3307.8011307754136	350422.20108449133	0.1099985996203851	0.0004268800128593	3132.7052018610543	1844.5699717871307	375673.1503872436	0.1188671322701389	0.0004380902545033	2078.973362154685	3255.082421846326	295613.13194789714	0.0912243742341255	0.0004085895903751	3333.0099816537154	507.4908783576848	345229.37951988564	0.1081921991759746	0.000424963612657	636.070981726247	2371.7558408068635	477690.2045925336	0.1561881005303304	0.0004788487848215	2004.0326874115904	2781.970503101448	282983.18353113113	0.0869878136411895	0.0004029354716479	2302.7344891860944	1054.4294496715593	291539.9960748553	0.0898544877373991	0.000404771460656	2515.6631840279474	1966.5201419823293	276827.1362969887	0.0849347455715036	0.0004016043639746
TOI_3505.01_50.000s_R-0139_aligned.fits	139	0	59782.697063529864	2459782.69706353	2459782.702369642	1.066566346596608	25	610.0049171844032	18.910191138965324	3823055.0040134504	1851.438102690203	1744.866880246747	410635.7864247365	0.107410378870733	0.000357270635587	2720.7527668943744	3168.8869004507683	411751.32594808703	0.1207020437950577	0.0004062046357566	1700.4909983737505	571.6553856810951	500451.2959076939	0.1506202183205909	0.0004339665535687	659.1004127908399	3307.907711353241	379170.6516858733	0.1100997051279053	0.0003921041413036	3133.2921426296334	1844.769594109532	404979.7336664947	0.1184818067582774	0.0004025081812047	2079.50081305952	3255.149445773885	315416.2478494237	0.0899226715679139	0.0003737502872972	3333.601491060392	507.57106826726795	382995.5774032918	0.1113340003491441	0.0003929707507315	636.6480540020594	2371.9184384433424	514899.6338327369	0.1556455414621622	0.0004403682452978	2004.7020106923708	2782.2033849320214	296383.92289581755	0.0840407046981798	0.0003669983828513	2303.2881736217714	1054.584638717482	318435.76612860896	0.0908617297669107	0.0003719469371949	2516.227677778592	1966.7576136037424	298570.8486954225	0.0847133468439387	0.0003680432493687
TOI_3505.01_50.000s_R-0140_aligned.fits	140	0	59782.69782673614	2459782.697826736	2459782.7031324874	1.0663307683776493	25	566.3027671025263	19.399731125456704	4562555.964834734	1850.512877251276	1744.2074662645614	496727.0409583759	0.1088703447775393	0.000299279672746	2719.8514724286097	3168.247276093096	501344.2769073204	0.1234469698778925	0.0003414166539886	1699.587807838616	571.0482715671351	586664.2572346372	0.1475553914391587	0.0003614147352034	658.2639208965182	3307.2325969037065	453582.8837009992	0.1103883804407519	0.0003268161912427	3132.4594999593205	1844.098018469458	485281.77403995395	0.1190211281683164	0.0003360645034508	2078.6287290576743	3254.5484006142087	380968.392099208	0.0911061613496199	0.0003109491916452	3332.657121014506	506.9576681387048	446925.2231074504	0.108592157837727	0.0003255924313189	635.8093095869755	2371.3447854121064	615171.5997655524	0.1558428424678556	0.0003696144993793	2003.742118140955	2781.5886461183995	360821.8284324589	0.0858745024599324	0.0003057706555659	2302.411134916804	1053.8817842544272	376520.28481075726	0.0899467452242549	0.0003084019187353	2515.436096682703	1966.081085554467	355275.44473639573	0.0844430132574311	0.0003048227755602
TOI_3505.01_50.000s_R-0141_aligned.fits	141	0	59782.698584154714	2459782.6985841547	2459782.7038899334	1.0661160868734458	25	518.5620084206485	18.72082079138532	5444571.37261033	1853.2679334953657	1743.9559641656806	593764.4341425033	0.1090562311533866	0.0002507612465001	2722.6374254984544	3168.0540542337853	586025.2423519769	0.1206174083029269	0.0002843236604249	1702.334234709867	570.777490672479	718184.2773345497	0.151952064622977	0.0003073173508283	660.9776286411487	3307.161234105097	535840.7991063291	0.1091607679587576	0.0002722305515148	3135.0747369758683	1843.8577151226996	578510.5474447983	0.1188868302781889	0.0002813584837286	2081.39446749068	3254.436194675244	444723.5723664182	0.0889474220284711	0.000257465003106	3335.2628513660584	506.6149955758001	543962.7992133265	0.1109990302360065	0.0002738697919238	638.5795123088029	2371.023037605723	733492.1084973194	0.1556951321292233	0.0003110140693451	2006.4658443558371	2781.428501401685	423684.6864868776	0.0843844350556332	0.0002531247784169	2305.1148816126015	1053.6135070752043	453562.41200965294	0.0908758961544853	0.000256908588349	2518.124457969296	1965.837732519747	426584.92779908027	0.0850111757954592	0.0002537107483495
TOI_3505.01_50.000s_R-0142_aligned.fits	142	0	59782.69933715277	2459782.6993371528	2459782.704642847	1.0659216614344025	25	569.4145590249927	19.180154249763508	4566381.123672805	1852.182548614297	1742.915206567728	496189.8216428696	0.1086614998188713	0.0002995747762918	2721.5901124731704	3167.0869438151285	493560.2396081714	0.1211838805726225	0.0003404144893405	1701.299400231532	569.8462571277732	598766.1448136959	0.1509133693677787	0.0003645052656388	660.0862421128704	3306.0276376502834	452126.0574465392	0.1098925686834591	0.0003267987824474	3134.1303404014243	1842.8308596512884	482269.834015406	0.1180844006961088	0.0003360338622092	2080.339735169168	3253.446695584818	375822.6334759537	0.0896831852735456	0.0003106574744319	3334.2116136186205	505.6634745923161	456312.4640169663	0.1110230757203886	0.0003280889912735	637.5098365586542	2369.979467027919	615407.3732100057	0.1557609369431826	0.0003698246825147	2005.344095981539	2780.259204382686	357778.89633431425	0.0850113355950421	0.0003057602781209	2304.090008889189	1052.5540741803793	378406.9138551224	0.0903555979327762	0.0003089970592808	2517.0638913916628	1964.761559049888	355930.5668966293	0.084535030656946	0.0003056862245119
TOI_3505.01_50.000s_R-0143_aligned.fits	143	0	59782.70009537041	2459782.7000953704	2459782.7054009773	1.0657449841431643	25	546.4267001483563	19.077622853989087	5068484.861582707	1850.106874884627	1743.5113152361232	550823.5568440473	0.1086761767839324	0.0002703992970667	2719.5291408036546	3167.4990599940943	549034.9251146377	0.1214826876794007	0.0003074497703327	1699.279487287155	570.4097864989358	658522.5733125142	0.1493261235054279	0.0003287037495055	657.9166167810648	3306.5049300836567	502351.8140817527	0.1100169024546251	0.0002947934452503	3132.0613647465993	1843.3854006846095	539379.6181290976	0.1190918711612453	0.0003040311521856	2078.2905180001612	3253.86540794835	418369.5565128075	0.0899697166770618	0.0002795091082561	3332.329685588258	506.1586588951173	499918.5251972298	0.1094256903343449	0.0002946578235769	635.4703036726563	2370.524725220487	681730.0759340795	0.1554064699865093	0.0003347172237809	2003.4103010847796	2780.794275326879	395212.20729464665	0.0845686174402881	0.0002744447142971	2302.0581812091236	1053.2169886584084	421428.781387741	0.0906872596575293	0.0002782053728411	2514.9677025043757	1965.4611413280295	402536.7846181996	0.0862711667550478	0.0002760610826204
TOI_3505.01_50.000s_R-0144_aligned.fits	144	0	59782.70084976824	2459782.700849768	2459782.706155634	1.065588130871038	25	518.9831491327851	19.40137726450004	5435295.083951056	1848.488908532326	1742.7473107027831	591009.1587019982	0.1087354319450083	0.0002509710666059	2717.8426289532777	3166.8311567811575	594489.7318601639	0.1228080223476421	0.0002860812632856	1697.5743487752616	569.6670754661523	696732.3286638783	0.1470345260040042	0.0003041926550252	656.2518956194822	3305.799028919065	554278.9830163091	0.113558114039034	0.0002749329029296	3130.328486010088	1842.7128031781251	573082.7675501943	0.1178646118798871	0.0002813821223333	2076.634804045211	3253.1992288769975	453327.84485118266	0.0909937426511638	0.0002586959435004	3330.5795396214194	505.5591779128008	521922.4950044508	0.1062248965565112	0.000271626498155	633.8431808931971	2369.863586280292	743925.0812013056	0.1585730992791592	0.0003135044397423	2001.7390463851516	2780.1774542484477	430139.4340313843	0.0859392722458666	0.0002543805622012	2300.406437382327	1052.448854906605	445070.7829268055	0.0891885326347864	0.000256631484837	2513.2845362308044	1964.6880736362311	422325.63484538184	0.0842466005693942	0.0002537620740624
TOI_3505.01_50.000s_R-0145_aligned.fits	145	0	59782.70160358772	2459782.7016035877	2459782.706909041	1.0654504482190503	25	535.8502208400341	18.721057800480736	5099816.95729515	1850.798811595164	1742.5796348123176	551878.7562618016	0.1082154047651365	0.0002669880310592	2720.212842315078	3166.7192129486575	548761.9274746105	0.1205790577962424	0.0003031435303013	1699.9059699355876	569.6563937489514	668394.3928362938	0.1508306606093014	0.0003262624452897	658.5644238179564	3305.678373202534	503749.71024920023	0.1096045125477608	0.0002909408496941	3132.6456229838655	1842.6251518112845	542372.3263996574	0.1190079902941326	0.0003003258207409	2079.0047661810304	3253.0134759618977	418010.6024480085	0.0892840435434148	0.0002755550632995	3332.939363415436	505.4254731453657	509494.53945722105	0.1109931924340069	0.0002923205558108	636.1416334380365	2369.545780580194	685705.4720210893	0.1553439405209122	0.0003308377666378	2004.046579814805	2780.008659259764	399772.1732275828	0.0850570987286652	0.0002714761689784	2302.7247497907633	1052.314055076346	423588.9731059903	0.0905834733760183	0.000274594884687	2515.731073233849	1964.5252168334328	399966.8400754959	0.085102041575766	0.0002716051188847
TOI_3505.01_50.000s_R-0146_aligned.fits	146	0	59782.702357302886	2459782.702357303	2459782.7076630625	1.0653315598196609	25	502.1447647602468	18.92120373965284	5844605.7520439215	1850.5576369319697	1743.027635028741	640099.5041197733	0.1095197060804184	0.000234509890553	2719.9132699499883	3167.143787385718	624807.130686179	0.1196994704220329	0.0002650180296183	1699.5993165255384	569.8752508133007	770639.778949481	0.1518811484026358	0.0002875885099162	658.3492675220001	3306.126382995355	565398.4950088742	0.1070991282366167	0.0002529246526193	3132.383931731973	1843.034038958734	628007.6927125934	0.1203864444931171	0.0002638693639017	2078.7231035768973	3253.5176593330625	473411.2195556762	0.0881389077778132	0.000239408321906	3332.565573984378	505.76121991391346	591199.5563770462	0.1125364257697569	0.0002566744984637	635.7967009303512	2370.0786752644317	784367.7299913099	0.1550060938977615	0.0002909581334347	2003.8384476592864	2780.490812774723	453417.4922172896	0.0841034425742481	0.0002356757041678	2302.4324198151753	1052.5985669863494	491855.3039160736	0.0918883308090895	0.0002400308696071	2515.4284711720597	1964.9756900702384	461501.3526293993	0.0857314512940884	0.0002367106290406
TOI_3505.01_50.000s_R-0147_aligned.fits	147	0	59782.70311100688	2459782.703111007	2459782.7084165383	1.0652316414320733	25	499.9530305592296	19.014303001083093	5807225.2904051645	1851.85097602462	1742.9813673143872	633179.0306817847	0.10903297168924	0.0002350898519388	2721.153234964827	3167.255487790547	626934.4604606248	0.121023023811066	0.0002668400662845	1700.8811698267866	569.888810217185	760392.3467828105	0.1506672313661011	0.0002878922734358	659.4557037048078	3306.2591798068106	573616.2291009111	0.1096024220345495	0.0002551252804817	3133.6997243090796	1842.9969955058896	616718.158181897	0.1188165515375636	0.0002638474197939	2079.9661431014606	3253.630243311188	475790.8323569003	0.0892425549072732	0.0002408144899503	3333.9612840244545	505.7098904531672	578705.6214632221	0.1106824987005032	0.0002567301714692	636.9966288337058	2370.1254004545035	786992.2698713697	0.1567640917567786	0.0002931824038357	2005.088913113493	2780.5373708646457	451013.3975250285	0.0842038004740903	0.000236380751003	2303.7416333035335	1052.7662519716646	482442.55985146493	0.0906032385290015	0.0002403056183541	2516.707237486601	1965.026497090489	454619.4148109361	0.0849342218308696	0.0002371844922355
TOI_3505.01_50.000s_R-0148_aligned.fits	148	0	59782.70386400446	2459782.7038640045	2459782.7091704095	1.0651505541049844	25	478.81711330696373	18.605811894818967	6276978.241088814	1856.1980043010135	1742.6816852856068	683130.8678788336	0.1088311671063458	0.0002178955104835	2725.4438719854465	3166.749147895387	677072.131720446	0.1209077649690836	0.0002472851472308	1705.3013506525351	569.4541646526823	822408.5202577699	0.1507742246133522	0.0002674809770539	663.9027117307636	3305.6840184809544	621033.1046928312	0.1098018261698625	0.0002363394793463	3138.0511756011924	1842.557312418205	666839.8595206414	0.1188633531236075	0.0002444323030681	2084.268340836671	3253.1232320232875	516007.6245430164	0.0895695636879342	0.0002226275318543	3338.282933692544	505.30381632744	625891.3543377869	0.1107559248124797	0.0002373494645693	641.4902105839127	2369.6657989662367	848409.4333178975	0.1562860236943873	0.0002721307469878	2009.3566905857183	2780.0210838509156	485595.8882649352	0.0838480104889222	0.0002179647429749	2308.06314254351	1052.2421669814198	521164.96599520487	0.0905458431478962	0.0002219048991238	2521.0387909522096	1964.5854354227004	492555.35843828495	0.0851520313142436	0.0002190515605538
TOI_3505.01_50.000s_R-0149_aligned.fits	149	0	59782.70461712964	2459782.7046171296	2459782.7099231686	1.0650884263525413	25	471.3207699124868	19.281428576704737	6435814.638624828	1851.2344545367723	1742.868623721808	701586.6089475068	0.1090128675765308	0.0002127130595181	2720.622796245804	3166.830995779895	689467.6459556934	0.1199836429709653	0.0002408599175401	1700.3533419361722	569.7294061850207	855277.339788995	0.1532607514275402	0.0002629718673496	658.9567826377627	3305.890260543855	631196.3176031876	0.1087403654633564	0.0002299485303645	3133.1204008893537	1842.825234509629	682901.099676387	0.1187052603959719	0.0002384291796338	2079.3694230049036	3253.2001360788618	523529.7778804592	0.0885494847104755	0.0002165605751022	3333.3955706910015	505.51480537536054	645891.0091856362	0.1115543227377935	0.0002320025844801	636.501140082906	2369.840619664029	868356.5120465844	0.155970012221767	0.0002656245938991	2004.4488173703105	2780.2327550934274	499277.69740843936	0.0841025167285724	0.0002127681820114	2303.2089053091986	1052.5972559726638	539198.8224862337	0.0914420812375951	0.0002167922407118	2516.1144448352275	1964.7993914329763	500718.4165932116	0.0843656779707293	0.0002129247991983
TOI_3505.01_50.000s_R-0150_aligned.fits	150	0	59782.70537015051	2459782.7053701505	2459782.7106763357	1.0650451011247115	25	468.140077762188	19.65480712075827	6422710.760582744	1859.3258802471744	1742.702784246278	696219.4607984354	0.1083996285604594	0.0002121893719804	2728.6335333278394	3166.775146177837	691678.1965656254	0.1206899784357183	0.0002408980528508	1708.338357462472	569.6214123782433	842957.7907415754	0.1510743925936869	0.0002612368290685	666.9432408761904	3305.7954267749756	632140.2907044109	0.1091671872387546	0.0002299459501284	3141.147616456889	1842.6402992827336	685305.4552737612	0.1194451879910992	0.0002387189513763	2087.3539324998032	3253.1413374187237	527459.4201851372	0.0894719138725581	0.0002168061962089	3341.3200752661255	505.5206541164211	639833.4577992063	0.1106427517476859	0.0002313395991662	644.4675285477781	2369.6916635791176	868062.2455472847	0.1562767190754901	0.0002655979371368	2012.526982458964	2780.1287551403307	495686.68849341176	0.0836316307247049	0.0002120937833854	2311.206024176371	1052.4797117022044	535876.773303638	0.0910297070482397	0.0002163767998777	2524.136043475547	1964.6426239185448	503710.44196869375	0.085100593825722	0.000213246977185
TOI_3505.01_50.000s_R-0151_aligned.fits	151	0	59782.70612313645	2459782.7061231364	2459782.71142938	1.0650206159776563	25	451.6658442479192	19.262756943033416	6803723.759993211	1850.66409424363	1743.0071661879883	739472.632932888	0.1086864574486525	0.0002009856168329	2719.983906688492	3167.101006115416	729983.067070264	0.120186735650541	0.0002276084063979	1699.7703712635216	569.7751494446684	897169.2291593036	0.1518938366649834	0.0002481533341626	658.5531276859244	3305.8937288614543	669544.7581688529	0.1091498565610368	0.0002172195049771	3132.487209588741	1842.8305235561595	723506.0125588361	0.1189934378360263	0.0002255062422532	2078.8131157133125	3253.33486148115	558071.1887931767	0.0893535435138604	0.0002043708587557	3332.796364266093	505.61415801692783	681249.9112007371	0.1112703668526243	0.00021900122119	636.092405037501	2369.8967441674886	918313.01025361	0.1560321019725328	0.0002515863951725	2003.8685903370697	2780.3761886614548	528636.4891424165	0.0842436871911014	0.0002003484092902	2302.5873553554	1052.6529752611418	566215.8724146738	0.0907759769798839	0.0002039666123867	2515.5322235834633	1964.7731118980628	531034.221231341	0.0846581387377509	0.0002008012109471
TOI_3505.01_50.000s_R-0152_aligned.fits	152	0	59782.70687615732	2459782.7068761573	2459782.712182067	1.0650149585083697	25	449.80048681844136	20.856774551231076	6739449.524504862	1848.642192045549	1742.0995719769394	731169.0077172625	0.1084909093923336	0.0002021253026916	2718.001991144793	3166.3271545565053	726534.7437416842	0.1208290438550786	0.0002295482023612	1697.664469407306	569.0326982139854	883901.0658072135	0.1509510291037374	0.0002489315639951	656.2350545001619	3305.288144626593	661393.2564133429	0.1088165734637098	0.0002183685107605	3130.5084793174915	1842.103574187975	720852.7143640873	0.1197708929678622	0.000227412078731	2076.7472794734213	3252.604647092347	550369.8360898176	0.0889259572986305	0.0002054934007463	3330.7398088678788	504.9420746108517	675002.7768209502	0.111304922757998	0.0002203630940798	633.8554817007222	2369.2696562122237	911145.4624950996	0.1563311475861661	0.0002533403022314	2001.7791348932317	2779.6050269547477	521178.8175082009	0.0838141087877988	0.0002013906638775	2300.5837721543376	1051.8603472207035	560185.0096684117	0.0906556125447299	0.0002051105984302	2513.5078950999996	1964.0985731613473	528885.841596054	0.0851590722838128	0.0002024310511247
TOI_3505.01_50.000s_R-0153_aligned.fits	153	0	59782.70762928203	2459782.707629282	2459782.712934782	1.0650281129916863	25	428.04713337184495	21.04146351750039	7338272.010225635	1848.558534241821	1742.528745361957	797032.9007804312	0.108613158475155	0.0001867241101594	2717.935905275149	3166.628797948641	793982.7491191813	0.1213245193542899	0.000212222578603	1697.5856079599769	569.4677915729912	959290.7376946332	0.1503830622336995	0.0002302946439495	656.2232751670975	3305.6944122539717	728617.7538333798	0.110235380788447	0.0002021495192935	3130.506772706684	1842.4999363494876	779150.9574884429	0.118788927849303	0.000209398934927	2076.648601446858	3253.0317849424214	603886.8424078914	0.0896721567536326	0.0001892536394907	3330.780146700865	505.2993729370419	729498.7477320081	0.1103833826274671	0.0002028421948496	633.7777522197907	2369.5223697939737	985881.9173654286	0.1551985792675917	0.0002338463352692	2001.797155435438	2779.8826800558245	575119.8573248169	0.085037249543194	0.0001857607127333	2300.5126405527185	1052.2849921368474	609627.8375776351	0.090601883817215	0.000188778816132	2513.3509103153287	1964.4942636903093	573214.609682217	0.084731669776545	0.0001857960059106
TOI_3505.01_50.000s_R-0154_aligned.fits	154	0	59782.70838228008	2459782.70838228	2459782.7136881	1.0650601142553222	25	413.00574553625313	21.36279123795916	7770292.953730048	1849.1988616445456	1742.178105294846	845693.5923949431	0.108836770689447	0.0001773384737514	2718.630172012443	3166.3955748810813	835511.5418162055	0.1204813089538497	0.0002010538990665	1698.3544052937546	569.037621816658	1021199.3408230834	0.1513091089550369	0.0002195265541128	656.8501761327627	3305.367835112952	764762.5081167172	0.1091655391485152	0.0001910393389064	3131.1266507585033	1842.1061603377057	824467.1639642518	0.118699660619051	0.0001986508533837	2077.3724504043676	3252.749168573818	639551.6514670029	0.0896893638904039	0.0001792708925111	3331.495827555839	504.8797778557009	770121.1642307914	0.1100146092680221	0.0001921649395157	634.4644571361038	2369.2520040742224	1052008.120528772	0.1565887941115304	0.0002233195407225	2002.3982514206868	2779.6434072615384	608016.7110697603	0.0848915471101579	0.0001757128649615	2301.124184266291	1051.866845241109	646192.1050776446	0.0907050754622429	0.0001787174916501	2514.0686799671075	1964.079017790356	608462.6466358174	0.0849590985188658	0.0001759085133259
TOI_3505.01_50.000s_R-0155_aligned.fits	155	0	59782.709135289304	2459782.7091352893	2459782.7144411867	1.0651109434963435	25	404.76040600490035	20.28837263119237	8118938.268581084	1848.491605222569	1742.7836883055957	883167.3694223646	0.1087786777293372	0.0001707124471031	2717.7908980417224	3166.7817897573905	875987.8538789217	0.1209435111002266	0.0001937540989463	1697.5653132534371	569.6292535742105	1067941.3220325476	0.1514596205512903	0.0002117174143672	656.1500790963635	3305.8461914415866	799816.0410006357	0.1092775904174289	0.0001838885199957	3130.314243706301	1842.71736468367	861878.9260274017	0.1187642108661765	0.0001912415913501	2076.5581836183064	3253.2569219790594	666049.7141514748	0.0893679959504573	0.0001720169762875	3330.656663889993	505.4970031999437	810078.3833825738	0.1108351228654826	0.0001853721966285	633.6894911164509	2369.776014681571	1091556.0722237767	0.1553289748193278	0.0002145000044002	2001.6708251692585	2780.1429643815845	635535.7504241928	0.0849260411800915	0.0001687707265133	2300.4521883793095	1052.435983850192	674353.8716070149	0.0905831454985067	0.000171662245673	2513.323596343431	1964.739815881394	635740.3338525435	0.0849557020137281	0.0001688999636118
TOI_3505.01_50.000s_R-0156_aligned.fits	156	0	59782.70988831017	2459782.70988831	2459782.7151942407	1.0651806083642907	25	402.44364734569336	21.185625198976815	8110104.334396443	1847.800702974628	1742.409856684957	880973.2772178054	0.108626626846394	0.0001705293323299	2717.0936852351747	3166.55697379746	871535.2961345363	0.1204016003063232	0.0001933403791066	1696.9076035921007	569.2144595671657	1065447.1437477686	0.1512418723741562	0.0002114996212816	655.3669478897297	3305.479467809447	800468.5329120142	0.1095086752132653	0.0001838816108897	3129.6638490010932	1842.3217173963224	861994.4014562786	0.1189267835934456	0.0001912621219655	2075.870507867222	3252.867920241438	666542.3200075008	0.0895461499103556	0.0001720731579446	3329.975293733162	505.06006178465486	805797.2501928098	0.110318096008783	0.0001850406942893	632.9544790871421	2369.4157092685937	1097229.8631154478	0.1564593616510327	0.0002151021842146	2000.9875584804483	2779.7252111460994	632715.8077931859	0.0846172170326702	0.0001684800790311	2299.75157809823	1052.0774522466072	675386.4913088133	0.0908422492370371	0.000171690340961	2512.644411994309	1964.322534214073	632987.2277280885	0.0846565887223524	0.0001685948650732
TOI_3505.01_50.000s_R-0157_aligned.fits	157	0	59782.71064062463	2459782.7106406246	2459782.7159470404	1.0652690835210967	25	401.6049492196473	20.995598009742196	8135439.931401254	1856.046857506779	1743.9926332114485	883919.6778491378	0.1086505075696491	0.0001700742340209	2725.4147112914507	3168.044017406476	876760.9248147185	0.1207879455778585	0.0001930530280016	1705.1986178077282	570.7640826788834	1065628.032195242	0.1507293330272223	0.0002105741409292	663.7184663154634	3307.009494653116	801733.9513252528	0.1093218017607169	0.0001832418426495	3137.93775689098	1843.8909006547735	867375.2181254601	0.1193406019818617	0.0001909974895202	2084.1668114192653	3254.373557149822	666631.4751216185	0.0892553985048481	0.0001713521546603	3338.248125382106	506.6053189529862	808844.1616571199	0.1103983605861426	0.0001845502621337	641.3307213000213	2370.999496581937	1102960.318959054	0.1568380400289599	0.0002148275333403	2009.2699597551368	2781.3163712192995	630664.7288510242	0.0840351258804814	0.0001675970358733	2308.000132547564	1053.6528659372125	678139.5130220031	0.0909363274879823	0.0001712816982051	2520.888775176464	1965.904130851744	636701.6073297595	0.0849078311328589	0.0001683137425792
TOI_3505.01_50.000s_R-0158_aligned.fits	158	0	59782.71139374981	2459782.71139375	2459782.716699386	1.0653763262599094	25	404.7941142881232	21.006127353476753	8154980.493293135	1848.5052636404569	1742.359318538859	887146.4627771893	0.1087858473121795	0.0001701618951861	2717.8601047277	3166.4788899591317	877051.2155491807	0.1205083454480961	0.0001928872069943	1697.6876959556737	569.0813655449219	1066555.8282825206	0.1504644372602532	0.0002104408351249	656.1659130265999	3305.445744378332	807065.3217644575	0.1098359606669974	0.0001834570309511	3130.4558138429456	1842.331387407816	866487.7826588452	0.1188843588187437	0.0001907596018434	2076.623441330156	3252.8021616232736	670557.9290956475	0.0895938094547642	0.0001715094171069	3330.6864475739067	504.9883676297318	810955.363621279	0.1104238274382803	0.0001846934144042	633.7326912947301	2369.418282879276	1103694.0671226778	0.1565237887694334	0.0002144912440539	2001.756252815194	2779.8549384655335	637508.4990019832	0.0848035748568287	0.000168087993773	2300.544810984731	1052.0054013057734	676910.3357792373	0.0905193882273335	0.0001711450899346	2513.377267527463	1964.369815540198	638194.1504173053	0.0849025263332335	0.0001683647143751
TOI_3505.01_50.000s_R-0159_aligned.fits	159	0	59782.71214675903	2459782.712146759	2459782.7174525233	1.0655025357787846	25	401.0460564136967	19.60926264522169	8285344.618554292	1851.7260499503736	1743.0033887734344	900845.3979804555	0.1087275713267367	0.0001677848029702	2721.045633525769	3167.0984121745614	891596.3860959293	0.1205878747915495	0.0001902448036283	1700.8024788733392	569.9187865188901	1081940.5231100614	0.15019850459234	0.0002074566710268	659.3724561656961	3306.098238347359	825161.1541126068	0.1106086945509672	0.0001813035973142	3133.554778461765	1843.0008590641692	879602.9724409733	0.1187731107123628	0.0001880987821254	2079.7599009931023	3253.479720232991	682484.4105521129	0.0897667972158403	0.0001690493514767	3333.844487678473	505.76920713188247	823423.5563761749	0.1103500760078825	0.0001820633233093	636.9151745503219	2370.1046586027123	1120151.2823767678	0.1563323178903006	0.0002114794308123	2004.895692935476	2780.4237733474556	642380.9853555333	0.0840486774744317	0.0001651200288371	2303.6649092622633	1052.7724807223922	688662.4637753888	0.0906530574458965	0.0001687423750121	2516.5720378004808	1965.0447117809497	649940.8843587423	0.0851220062467618	0.0001660148497324
TOI_3505.01_50.000s_R-0160_aligned.fits	160	0	59782.71289976826	2459782.7128997683	2459782.718206204	1.0656477311092634	25	404.6817579998035	21.262183130763013	8270131.40726776	1846.892098607896	1742.760790710859	898816.851782071	0.1086822938499132	0.0001683215002158	2716.187905903605	3166.860431697427	889239.1049144567	0.1204785368065775	0.0001908468339362	1695.965233554949	569.560715157113	1086877.8899977785	0.1513071879455049	0.0002087671706127	654.425640187239	3305.854454330142	816087.2132949905	0.1094824758290092	0.000181212302895	3128.7450462720494	1842.7654618519791	878020.2614399467	0.1187780113311081	0.000188715688823	2074.977696416475	3253.2433250501012	679051.9377757455	0.0894539360976005	0.0001696007234307	3329.0523927224494	505.4327263328687	819694.4527075009	0.110019648204094	0.0001824372652919	632.0531215337487	2369.7082731849123	1117768.7918133775	0.1562796591713865	0.0002121019945992	2000.0669614972771	2780.2462420273064	647515.8428010975	0.0849466744485366	0.0001663828404044	2298.8389169550105	1052.404550624848	687523.2226898111	0.0906710733238393	0.0001693390037856	2511.7411907274245	1964.7063350192464	648352.6898330563	0.0850657981384266	0.0001665766364944
TOI_3505.01_50.000s_R-0161_aligned.fits	161	0	59782.713652893435	2459782.7136528934	2459782.718958702	1.0658115679691462	25	416.7711823088567	20.978882451587396	8115044.307919676	1851.513455213031	1743.278441966187	881660.2704241105	0.108645157927687	0.0001719341660773	2720.8573925174805	3167.5070359594974	874728.2626142694	0.1208135469696022	0.0001951921287072	1700.664976026388	570.1873249623654	1060648.127122725	0.1503527871045797	0.0002124488997226	659.1375853402942	3306.433418470012	800135.659707646	0.1093842313264188	0.0001850437781934	3133.4506220384023	1843.2394029474444	863097.2115963665	0.1190159277408341	0.0001930651184212	2079.6412758380466	3253.765528875486	670284.7157330203	0.0900344339441787	0.0001737943224453	3333.697614669829	505.97802930551006	808367.5187519646	0.1106340874349862	0.0001869417503576	636.7091527747801	2370.296139129019	1097364.8711867223	0.1563714730887729	0.0002163892078394	2004.6774328170764	2780.7335940669823	631601.5076261637	0.0843998577234253	0.0001698811670477	2303.4675449808783	1053.04683484846	674688.6680025241	0.0906796261704013	0.0001733127022693	2516.390845541279	1965.1816666387024	634127.7655782748	0.0847660526606815	0.0001703346087997
TOI_3505.01_50.000s_R-0162_aligned.fits	162	0	59782.7144059143	2459782.7144059143	2459782.7197117265	1.065994407496882	25	406.46028940425833	20.42944852815502	8601143.094214333	1849.550789587997	1743.7428435166885	935606.6406688069	0.1087770114298127	0.0001637123598242	2718.8390697116292	3168.0684566657765	926207.3322554424	0.1206794898331559	0.0001857585666509	1698.6501842258822	570.5516561019044	1128304.550947258	0.1509874118669197	0.0002030063159263	657.2453354395586	3306.9181283998237	850737.8815465452	0.109766890659606	0.0001761582682671	3131.4360144750335	1843.761882823526	912929.8870472776	0.1187440907851296	0.0001836530797177	2077.5885182858183	3254.425237365653	706629.380156809	0.0895089179335435	0.0001647205327239	3331.8746251139864	506.3089448717333	853055.2895101693	0.1100988154770583	0.0001775810898469	634.8094274781827	2370.8885255991245	1163302.2354830843	0.1564032166831708	0.0002063708829606	2002.638592714412	2781.4192819859218	670828.0417565595	0.0845903393899408	0.0001613135275411	2301.509999695521	1053.4796696491794	716329.9711417301	0.0908493276835693	0.0001646822946151	2514.420252400171	1965.8134440863005	672818.5243694575	0.084862636291216	0.000161759609251
TOI_3505.01_50.000s_R-0163_aligned.fits	163	0	59782.71515892353	2459782.7151589235	2459782.7204649015	1.0661961991150744	25	419.7100486538587	20.25186734057121	8354577.20058023	1849.730153248028	1743.2544333506394	908077.5656628252	0.108692222701558	0.0001685466993183	2719.093279109706	3167.363603823368	898174.3743451027	0.120456793346103	0.0001912097184363	1698.8957854047692	570.2335172730809	1097530.826191939	0.1512365733344858	0.0002089040811392	657.3927498260347	3306.203056580336	825796.5115971763	0.1096852924412546	0.0001814566075094	3131.6995376506343	1843.2059492796188	889645.4231950361	0.1191766314449374	0.0001894342663084	2077.7454362326716	3253.600752130116	685381.7979125684	0.0893681490595695	0.0001699116899708	3331.9858132415743	506.1735274069915	826866.643317008	0.1098430441801716	0.0001828731922645	634.9863546571371	2370.3040739840626	1131520.9899451365	0.1566540473932774	0.0002123526464247	2002.906776845764	2780.6894077715765	649487.660865545	0.0842933307287166	0.0001663304030068	2301.6893796739328	1053.050663574461	697895.4181172914	0.091148546843852	0.0001700781111262	2514.616205125609	1965.202087760741	652277.5550934254	0.0846860788486242	0.0001668709064607
TOI_3505.01_50.000s_R-0164_aligned.fits	164	0	59782.715911238454	2459782.7159112385	2459782.721217446	1.0664167322480518	25	427.4213918178308	20.105192207933193	8217716.680763998	1851.997383019868	1742.6901369522411	895770.6416661657	0.1090048095431402	0.0001715534977778	2721.353702610296	3166.9767031807123	884011.1158612575	0.120540851829655	0.0001944570026592	1701.2427900688922	569.5482161594664	1075137.7282016934	0.1505251443970391	0.0002118442457911	659.5629560960895	3305.8829355907533	816066.2451492436	0.1102546320240351	0.0001847332240849	3133.9357514069557	1842.628428085543	870113.282890101	0.1184213730346247	0.0001922554371158	2080.0577825370615	3253.2766069730155	678083.5545298737	0.0899358819158567	0.0001731991528428	3334.304264360394	505.47836743620064	810855.5229251267	0.1094735685799885	0.0001859461472205	637.2943615100287	2369.779862214772	1116358.2993454128	0.1572034869084309	0.0002159617440999	2005.136890571375	2780.3130289704295	637716.8927434101	0.0841315185458522	0.0001691652028186	2304.037327421845	1052.367642347392	685295.7619779409	0.0909794831391851	0.0001730767431107	2516.858961366055	1964.6613672353496	644078.2771399381	0.0850421214764809	0.0001700925405782
TOI_3505.01_50.000s_R-0165_aligned.fits	165	0	59782.71666423604	2459782.716664236	2459782.721970246	1.0666562711906638	25	425.4971695365542	19.768251207026	8319847.488970266	1848.7493753029423	1742.637163110307	903839.0429938572	0.1086364917376297	0.0001696187640387	2718.0201908068957	3166.8320584246526	897707.5988640363	0.1209499702451967	0.0001927019583935	1697.925090894408	569.4591714810108	1090174.422183623	0.1507916626537264	0.0002099176497212	656.2910297793265	3305.7181477275753	822728.4205582654	0.1097392762540894	0.0001825630968546	3130.591591738357	1842.6382912841627	882523.7069538488	0.1186614611411442	0.0001903817710053	2076.7623712223535	3253.097726127311	684220.6689616392	0.0896089718749333	0.0001712024015049	3331.0071859461104	505.3505877988209	828249.8257760806	0.1105571685790372	0.0001845700554117	633.9165789186843	2369.647370608044	1124467.6088759766	0.1562763367069428	0.0002133363271294	2001.885527489825	2780.082488811204	648575.8322560029	0.0845460650175696	0.0001676752238431	2300.6527777018555	1052.3423866319545	689593.8829618712	0.0903762730007892	0.0001708082960438	2513.5710643027032	1964.5816901057292	651605.5215789208	0.0849745644894654	0.0001682331384506
TOI_3505.01_50.000s_R-0166_aligned.fits	166	0	59782.71741736075	2459782.7174173607	2459782.722723369	1.0669148788803475	25	421.74827299055625	19.856468294158304	8478317.633044723	1851.8593249409764	1743.1439852139488	923517.1339631196	0.1089269326692432	0.0001670369024022	2721.175661626336	3167.346449753654	910807.5176454752	0.1203576214311307	0.0001892791062022	1701.010602416614	570.1079503266142	1111522.2005821527	0.1508827292372083	0.0002067308050309	659.4097209135211	3306.10878203365	837412.7464529318	0.1095960176028913	0.0001794808398047	3133.768707893905	1843.0497610785185	903834.807044854	0.1193262732001169	0.000187745992176	2079.8924307263787	3253.6179814253087	697438.2689795279	0.0896348903956204	0.0001682630747613	3334.1981707784485	506.0891869070406	842688.4069138502	0.1103626671695867	0.000181464126179	637.0595529139666	2370.2565205984893	1149965.9809973894	0.1569201418815814	0.0002104104660822	2004.991048488732	2780.687459819884	656699.8326781089	0.0839595911535499	0.0001644420463092	2303.842881107908	1052.9558555692984	704332.0381458155	0.0906011504070679	0.0001680495147062	2516.6849708304567	1965.051980068628	663615.8336046174	0.0849188939816185	0.0001653431510412
TOI_3505.01_50.000s_R-0167_aligned.fits	167	0	59782.71817038162	2459782.7181703816	2459782.7234762423	1.0671923837239297	25	429.3418444833836	20.68299666578172	8371938.281007422	1844.1677288625783	1742.30046816286	909673.5874486266	0.1086574646055755	0.0001691937949503	2713.4151690977455	3166.528963337516	896198.6157164527	0.1198809289570908	0.0001916554437007	1693.329273532251	569.1726868557962	1101506.9229692826	0.1515050302691413	0.000209825317066	651.701479308147	3305.4637193575736	828990.0623867121	0.1099026585308178	0.0001820895794158	3126.1112174064133	1842.3230963204655	885076.338513583	0.1182172644977033	0.0001897194357875	2072.125113377865	3252.9114856595825	685614.6384302587	0.0891992934869937	0.0001705373522481	3326.4127774425683	505.14814605358833	831646.4395446853	0.1102936672784478	0.0001840313060634	629.2475934631298	2369.377533652905	1133423.1470869042	0.1565822722087784	0.0002128298145132	1997.3243417189592	2779.775962811064	656208.2138917105	0.0850481040917251	0.0001676144430614	2296.1333764468113	1052.0192246473484	698309.0411452843	0.0910011442197108	0.000170791988425	2509.068602843827	1964.3091993361256	654964.8613225488	0.0848732820112907	0.0001678085577902
TOI_3505.01_50.000s_R-0168_aligned.fits	168	0	59782.71892350679	2459782.718923507	2459782.7242292752	1.0674889559800391	25	427.0071053784329	20.247502196232944	8514476.21868709	1850.7769414459824	1743.4138244456672	925277.0909260887	0.1086710523537952	0.0001668630273383	2720.0791962960993	3167.6420384309413	914808.1973325664	0.1203747577870534	0.0001893780380054	1699.8689119553696	570.3962007050272	1117953.0712239454	0.1511457544221139	0.0002067725388098	658.3445297841398	3306.4051313292366	838869.2045173423	0.1092902754099743	0.0001791500424399	3132.7267797309573	1843.4540859511112	904791.0140305152	0.1188999268296734	0.0001875895172887	2078.806934671988	3253.892892770879	697806.7144724296	0.0892716155002051	0.0001681045956861	3332.9489649035354	506.36867645071607	844975.0585251932	0.1101734051380412	0.0001814339795904	635.9563717238245	2370.357758128487	1154429.4799546646	0.1568508354545429	0.0002101844069404	2003.9697654818297	2780.858344404546	663121.3671511117	0.0844594824320523	0.000164774327802	2302.7221838445116	1053.191610317302	709669.0573796167	0.0909271738189534	0.0001683412707148	2515.6615378847646	1965.3508084715877	668053.0540997053	0.0851410942395733	0.0001655677118751
TOI_3505.01_50.000s_R-0169_aligned.fits	169	0	59782.719676492736	2459782.7196764927	2459782.7249825085	1.067804650301099	25	427.0354617601582	19.598645295014833	8686051.28673929	1848.5890986341071	1743.0092978916364	943000.5164479786	0.1085649261463177	0.0001643703317133	2717.878759881193	3167.2343636209393	934742.4878273824	0.1205915687372173	0.0001867522800333	1697.8172213907576	569.8475406640127	1139806.3189463215	0.1510428463177333	0.000203749853492	656.1480932150309	3306.1330876925604	859226.8354634676	0.1097797504993751	0.0001766016494928	3130.5264728626125	1843.0122103928788	919557.0691696128	0.1184005348371153	0.0001845583410614	2076.622151484427	3253.531767205424	715364.8585372843	0.0897494669977443	0.0001657940320063	3330.9443402323604	505.72848895789593	857295.8842227024	0.1095060249228276	0.0001783683406938	633.795465817625	2370.0403332136884	1176908.3390558036	0.1567300485894826	0.0002070042941008	2001.78096096368	2780.4874512421957	677285.1311743036	0.0845679743943684	0.0001622979270977	2300.6238790196476	1052.6149797755234	723980.5872156031	0.0909286810601812	0.0001658097458062	2513.5246400037577	1965.0034506839124	681883.7751268077	0.0851910925324249	0.000163088311727
TOI_3505.01_50.000s_R-0170_aligned.fits	170	0	59782.7204295136	2459782.7204295136	2459782.7257356197	1.0681393609043437	25	429.3399306370153	19.195515052666295	8729785.297027163	1852.4900073050696	1743.8271395591887	948988.168929018	0.1087069311145815	0.0001640490197815	2721.69145851906	3167.957169670667	938753.4355737492	0.1204915410779266	0.0001862544146498	1701.6894561446445	570.6655218249416	1144932.230990795	0.1509498234207857	0.0002031938330307	660.0113264825324	3306.87956425634	862950.8332213792	0.1096948000103086	0.0001761962283404	3134.388874831021	1843.8213599091976	929860.146087187	0.1192139832233042	0.0001846340482675	2080.4966847391383	3254.294477957524	716690.9450751997	0.0894399733232414	0.0001652484525183	3334.7437256091384	506.48920267672474	869026.0100157228	0.1105524260807273	0.000178586329539	637.6258039835016	2370.881854988495	1181830.0832012466	0.1565761917925052	0.0002064565471578	2005.5946443732205	2781.2925867772	673621.881844477	0.0836157172004438	0.0001613383736193	2304.509409424792	1053.4720287829275	728569.6126710139	0.0910573644571914	0.0001654495572085	2517.2913775068964	1965.776654213412	683550.118346395	0.0849527888716854	0.0001625592729602
TOI_3505.01_50.000s_R-0171_aligned.fits	171	0	59782.72118182853	2459782.7211818285	2459782.7264877493	1.0684926923330638	25	429.454462120026	19.16850918510201	8794865.928803744	1849.0502502088364	1742.919888514668	956178.6047113712	0.1087200887940572	0.0001631570295259	2718.266227144869	3167.009870386456	943532.35829388	0.120174789393467	0.0001850998360177	1698.2555296217006	569.8081477517521	1157275.208394013	0.151523595693791	0.0002025133035005	656.6560293226732	3305.903286781341	873289.531749001	0.1102418872175104	0.0001755661043537	3130.9556247031965	1842.849266150174	931830.0222250678	0.1185076646343996	0.0001832557641415	2077.075440711369	3253.396810649979	720862.4381815974	0.0892819081659885	0.0001642099164661	3331.302652210607	505.709417107862	872495.7447904067	0.1101306458199881	0.000177423707023	634.2945037306795	2369.842455271876	1191338.990561185	0.1566824185983018	0.000205411792259	2002.2116301798744	2780.2829948667268	684012.4796223773	0.084332984673939	0.0001608824229937	2301.018618187913	1052.645975451789	732573.8695146578	0.0908642187764225	0.0001644639013729	2513.856349924952	1964.9809951029663	687655.2854715564	0.0848202070630941	0.0001616012111137
TOI_3505.01_50.000s_R-0172_aligned.fits	172	0	59782.72193413181	2459782.721934132	2459782.7272400553	1.068865187505295	25	430.9336448084733	19.413660429137295	8733490.240923135	1848.2709316848784	1745.0504649357608	950744.0648011884	0.1088618683451685	0.0001642109969641	2717.5688150856076	3169.2493011770266	937857.3027021864	0.1203054723246392	0.0001862568852656	1697.545966726645	571.8114707894911	1147016.5690733753	0.1511923218463771	0.0002034909067687	655.779686842185	3308.1033306122495	864232.7891552892	0.1098239312225244	0.0001762918654532	3130.238495919339	1845.0613283719008	927420.028667863	0.1188075438024941	0.0001845373339389	2076.2128247363175	3255.5842610233294	717365.3483727878	0.089490290881004	0.0001653799758875	3330.594900982416	507.641100862244	866333.7040660124	0.1101203083995208	0.0001784764004264	633.4044555321426	2372.031484294029	1182219.4768662518	0.1565590102388422	0.0002065127161614	2001.3771901461469	2782.473877906106	684980.2297684837	0.0851064642796183	0.0001623911939045	2300.241651559752	1054.8165498102735	723089.5945451638	0.0902688425293834	0.0001651104606694	2513.1406234342726	1967.0762497123576	682975.1977057211	0.0848362116012851	0.0001626280051139
TOI_3505.01_50.000s_R-0173_aligned.fits	173	0	59782.72268714104	2459782.722687141	2459782.727992862	1.0692570639917698	25	430.293118290333	19.37976501102657	8733998.531949703	1851.883417871369	1744.363277165853	948428.0052248648	0.1085903554661058	0.0001640047674349	2721.095331744118	3168.5526912430196	938005.257616192	0.1203188900514262	0.0001861310628413	1701.065948453002	571.3187947288216	1145738.5561649264	0.1509883108672004	0.0002032629282747	659.3561356056175	3307.4307524586266	866231.2285208617	0.110098735144766	0.0001763831092304	3133.7721093654745	1844.3850100918603	927462.4431190806	0.1188058868319418	0.0001844658732749	2079.814513001544	3254.8481435796507	719741.6066372743	0.0898076532041323	0.000165439324643	3334.1728122392446	507.2754624837471	865037.311227183	0.1099303055337406	0.0001783037010127	636.9827865320381	2371.3673507449175	1186209.569928264	0.1571598750173024	0.0002067949848045	2004.954009062263	2781.830114721852	680376.8787097266	0.0844808594200611	0.0001618458019709	2303.8464165068117	1054.1839104221726	724678.8145247198	0.0904794464563722	0.0001651626941593	2516.722158496913	1966.372292052591	680516.8655014735	0.0844997100243722	0.0001623118304017
TOI_3505.01_50.000s_R-0174_aligned.fits	174	0	59782.723439467605	2459782.7234394676	2459782.72874574	1.0696681530799033	25	431.19822852075697	19.63986118004808	8704827.24986745	1847.7232932272368	1745.5227600375856	947020.2334903833	0.1087925361763846	0.0001646028588769	2716.996545221841	3169.6713642292993	931717.8946899436	0.1198642463545615	0.0001865220955607	1696.9640616618706	572.3609411410871	1145078.5910908892	0.1514704579181345	0.0002042065052623	655.3520222754474	3308.445897682909	860887.4636455772	0.1097519214971223	0.0001767623060886	3129.660985079962	1845.5437758126463	923265.154632642	0.1186477911932389	0.0001849741905654	2075.7591494681337	3255.9277956531732	710688.6673700777	0.0889012193166231	0.0001654766141524	3330.0654371718692	508.35964856539886	866204.4325850263	0.1105046706259724	0.0001791975180448	632.9533097539244	2372.4261978175064	1179205.5072486158	0.1566921043308065	0.0002071345723919	2000.9169152293491	2782.936300887955	681574.0231375671	0.0849498331757582	0.0001627553076845	2299.7125041029544	1055.3110271710034	725980.8740662688	0.0909882005333598	0.0001660493042563	2512.590629393935	1967.610423721476	680224.6414008432	0.0847673928031216	0.0001630668421028
TOI_3505.01_50.000s_R-0175_aligned.fits	175	0	59782.72419247683	2459782.724192477	2459782.7294984516	1.0700983560958284	25	433.59439025997176	19.690180741172178	8659890.23811205	1855.266713530494	1744.4493408506803	942176.1991719112	0.1087977068145053	0.0001654686523871	2724.515824377728	3168.4794065989295	934439.6844553426	0.1209560112986604	0.0001881462046896	1704.4651368521068	571.2290293459473	1134172.7787463446	0.1507062661959059	0.000204694161133	662.7965327328958	3307.308015238477	855189.4290358385	0.1095736338850203	0.0001775576136908	3137.1528246623648	1844.461928272088	919198.589373798	0.1187488962337919	0.0001859607730457	2083.269150118416	3254.811498718514	713958.9073677984	0.0898521366029633	0.000166977176401	3337.475962163018	507.3210811468048	862555.9296020602	0.1106218991611876	0.0001802097994893	640.4276405912116	2371.3389825087656	1172213.6054371037	0.1565523810579323	0.0002080532299602	2008.403654916777	2781.7694576939502	670479.7937646614	0.0839210600625775	0.0001629954131825	2307.2789147526546	1054.099306402842	719352.9322917907	0.0905924756205753	0.0001666870598438	2520.1343633446972	1966.42530769445	678328.5880373104	0.0849869508971291	0.0001641333233308
TOI_3505.01_50.000s_R-0176_aligned.fits	176	0	59782.72494560154	2459782.7249456015	2459782.7302514496	1.0705479726191522	25	432.2417036207128	19.535255646671317	8749196.24740886	1847.920315268037	1743.4040034931013	949129.1599075184	0.1084818688560804	0.0001639230958079	2717.0704261288774	3167.7651725262995	939441.409844835	0.12029076832556	0.0001861182146179	1697.1721373210346	570.4245518146104	1147225.8165773307	0.1509116388988431	0.0002031735745702	655.4044148945617	3306.6047303057785	864494.0837160033	0.1096419453478902	0.0001760346160407	3129.8187849832684	1843.4097635993865	929568.3548272682	0.1188762902272039	0.0001845012340008	2075.8142559540547	3254.08741975988	718995.0265163473	0.0895363648728637	0.0001652746438078	3330.2395319943575	506.36659253856214	870219.1120578867	0.1104482342198246	0.0001786028724628	633.0388465789389	2370.5748578008997	1185341.8595740153	0.1567113536030563	0.0002064061469128	2000.96424358459	2781.024694668018	683082.1395655305	0.0846854049462696	0.0001620278220412	2299.926487470481	1053.3334123873417	726262.8433606545	0.0905233543374793	0.0001652271514901	2512.7706305912907	1965.461328186731	684565.6013689878	0.0848849291945122	0.0001626199165424
TOI_3505.01_50.000s_R-0177_aligned.fits	177	0	59782.72569849528	2459782.7256984953	2459782.731004524	1.0710169291363711	25	435.6968216110771	19.57486510417368	8635465.00090653	1849.5084442818456	1742.745474001933	935364.9670483376	0.1083166878622223	0.000165767593763	2718.7063216421543	3167.0404027331806	926931.7475644372	0.1202474864024954	0.0001883535698647	1698.7446112720506	569.5511366619048	1129018.1642176006	0.1504064691032445	0.0002051816473429	657.0064015843072	3305.8277652158927	852080.4672340347	0.109474286352905	0.0001780950483625	3131.3889287457437	1842.777594232845	917735.5203719804	0.1189126313233275	0.0001867215991053	2077.4826648372555	3253.2812734904096	714954.529117245	0.090266218530197	0.0001678331435942	3331.7177154935735	505.5161453609362	859529.8619070066	0.1105371696834391	0.0001807842417274	634.616687299515	2369.799237681757	1173047.968923394	0.1571941053275143	0.0002091119674023	2002.6312545948124	2780.24666062704	668662.5755064144	0.0839311106014823	0.0001636413200415	2301.508174237173	1052.4189668489707	717005.3105844825	0.0905485837682305	0.0001672626766682	2514.3300737994045	1964.705215963641	676498.8554799354	0.0849983330898658	0.0001647446280824
TOI_3505.01_50.000s_R-0178_aligned.fits	178	0	59782.72645081021	2459782.72645081	2459782.731757289	1.071505015895991	25	431.1309140114002	19.225345436860177	8807540.724568969	1849.7268253483712	1742.6428196878596	956208.3342618644	0.1085670068597566	0.0001630517087182	2718.9428432348514	3166.974463935758	943779.2105434692	0.1200162554345247	0.0001849475533135	1698.9601478990423	569.468969459509	1156923.3490076517	0.1512196064991121	0.0002023229686198	657.1913672577531	3305.8052323606566	870487.5499569665	0.1096738966977527	0.000175105418468	3131.667229021125	1842.6811438275624	935053.2722276924	0.1187748189995029	0.0001834357875083	2077.639799373723	3253.275836417401	724387.4720246458	0.0896169414821662	0.0001644484285059	3332.1555116045283	505.3610175939257	875244.7030930102	0.1103393898466933	0.0001775357436748	634.8320893449602	2369.6952326525397	1191246.1405214774	0.1564075716053014	0.0002051387819969	2002.767096780136	2780.2147947156486	691061.3287440647	0.085142990580318	0.0001614092947899	2301.7965651145655	1052.333441038189	732592.3996614335	0.0907240975650234	0.0001643900425681	2514.593082942585	1964.6330909780727	686765.2987885561	0.0845689312634277	0.0001614595687776
TOI_3505.01_50.000s_R-0179_aligned.fits	179	0	59782.72720393492	2459782.727203935	2459782.7325102086	1.0720125695561071	25	433.1490998697376	19.53431366366246	8744332.536685858	1848.5302056619475	1743.0006299004012	950757.8950973356	0.108728469681195	0.0001642021583218	2717.7549649503067	3167.2488852355796	938399.3844853926	0.1202161696991808	0.0001862656191183	1697.6992420891104	569.8371452642441	1147146.181140625	0.1509961882537363	0.0002033772751633	655.9944742741377	3306.0288535235745	867820.89354559	0.1101783292990348	0.0001765401504913	3130.392019679881	1843.1076633683335	926966.5156218496	0.1185778576983762	0.0001844813094904	2076.4854466623924	3253.5057764571716	717186.2707095394	0.0893451105717843	0.0001653768283553	3330.758364030188	505.77821292871977	870705.5403182808	0.1105850633666	0.0001788573071414	633.6251096481836	2369.919746629821	1185708.2476465437	0.1568682609831431	0.000206664409671	2001.6173145601404	2780.4829827778713	682093.5131337331	0.0846034843597593	0.0001621421791007	2300.4776911969075	1052.728861608015	727730.0702695523	0.090777866723242	0.0001655066572616	2513.344479134258	1965.0705784210563	680575.9198147525	0.084399362747487	0.00016246778615
TOI_3505.01_50.000s_R-0180_aligned.fits	180	0	59782.727956932504	2459782.7279569325	2459782.733262666	1.0725392049460976	25	430.9338345853725	19.14689818048845	8861783.898758588	1853.6581152831704	1743.8750008222896	962123.0861788676	0.1085699106602732	0.0001623021073587	2722.8225096663095	3168.00225742205	952974.8988140102	0.1204953740595693	0.0001843698598198	1702.8648943842254	570.6976273448222	1163960.345688757	0.1512064205764471	0.0002013382210259	661.1020990303476	3306.7631757022273	874478.4924708442	0.1094835426954427	0.0001741465381033	3135.4511583941817	1843.950546029529	939747.518284535	0.118624489102422	0.0001824576205901	2081.5354990749024	3254.2743569397053	729505.0354783123	0.0897048721204398	0.0001635952168643	3335.8686176192227	506.6929024458954	880659.3017513886	0.110342758222522	0.0001766673610445	638.7416849655328	2370.923612610007	1202698.6094654654	0.1570290137840293	0.0002045648888965	2006.7099817850635	2781.298070823315	685836.3396916576	0.0838846304647688	0.0001597605256561	2305.635590905721	1053.6198745478227	736579.360983695	0.0906536392480046	0.0001635028117753	2518.4302650181376	1965.8250668153655	695343.9961299228	0.0851465270571698	0.000160989636689
TOI_3505.01_50.000s_R-0181_aligned.fits	181	0	59782.72870995337	2459782.7287099534	2459782.7340161237	1.0730860112451177	25	431.2326896476736	19.672560783833617	8846564.559026876	1850.38360259465	1743.7545729365888	957803.9188112149	0.1082684597416846	0.0001623941214327	2719.6321441933474	3167.9665690563406	950494.445841025	0.1203756339819944	0.000184663198136	1699.631748919537	570.7089430200831	1157239.7888338242	0.1504995332385694	0.0002012605812876	657.8781136552419	3306.6747853048155	876180.8709693181	0.1099295724347807	0.0001747004525536	3132.379348076246	1843.696272038685	941969.2394524442	0.1191672946393362	0.0001830887586613	2078.3464514426732	3254.1452423330893	725136.8899130707	0.0892868741133782	0.0001636272270845	3332.7280031103683	506.66242397860606	878273.6609981102	0.1102210840740492	0.0001768926247827	635.5797648162596	2370.668323124288	1201000.1700466764	0.1570845668081374	0.0002049447278895	2003.4673531674227	2781.1970589992957	684774.9695180844	0.083900100830619	0.0001600496839251	2302.4679787841465	1053.481207564539	736513.109637261	0.0908148504646901	0.0001638938955022	2515.2941072344024	1965.6421994564255	694981.4138170626	0.0852572318084568	0.0001613519297382
TOI_3505.01_50.000s_R-0182_aligned.fits	182	0	59782.72946307855	2459782.7294630785	2459782.7347689266	1.073651847167112	25	433.32035926224546	19.70043236000473	8761910.863152737	1850.63548857872	1743.2378900526778	952109.3825951362	0.1086645821288971	0.0001639283026235	2719.8336308301436	3167.5286051724256	940526.6326848622	0.1202506621553101	0.0001860872811715	1699.812925672722	570.2037313717819	1151484.405039408	0.1513035322497378	0.0002033339101637	658.2257265021946	3306.276231115593	867479.6571133416	0.1098850106451878	0.0001761477033154	3132.530637401923	1843.2186477896023	932195.0516999076	0.1190586062314484	0.0001845419124055	2078.5544734793966	3253.811190320808	718878.7228696634	0.0893790687804416	0.0001651666576119	3332.933216850153	506.1833440614855	871735.4663061134	0.1104836613206989	0.0001785398396676	635.8260574499038	2370.1883644978248	1186185.1389303312	0.1565770966519626	0.0002062332811356	2003.6830800803712	2780.810700978993	679024.8038174084	0.0840077169012136	0.0001615590345357	2302.616847043636	1053.0158561710955	730563.036949384	0.0909639393982943	0.0001653905377296	2515.4635473679577	1965.2136508807105	683837.9477423164	0.0846535993055682	0.0001623864130456
TOI_3505.01_50.000s_R-0183_aligned.fits	183	0	59782.73021608777	2459782.730216088	2459782.7355222134	1.0742376099588458	25	430.750311643029	18.75371115810252	8903278.023073092	1848.6831141391351	1745.3415773150227	964144.8502997422	0.1082909966195747	0.0001615819300028	2717.9728069015277	3169.3889199909418	956021.3317861868	0.1202957660640727	0.0001836537360601	1697.9490355745063	572.200069113539	1168253.8972270256	0.1510342926175735	0.0002006042970554	656.2603829198749	3308.2706091689274	881107.1960550505	0.1098340106505274	0.0001737149106552	3130.587895670796	1845.3993313808623	945002.220355826	0.1187445928970149	0.0001818876936149	2076.7005213842804	3255.7173994275568	730617.1984427779	0.0893977144188933	0.0001628340263814	3331.073609997501	508.3672338128954	883846.1866051297	0.110213068036302	0.0001759594198248	633.9594020104337	2371.997070576199	1204422.948448667	0.1564418263201847	0.0002034935822449	2001.8307224026064	2782.6054603351795	696402.0358958532	0.0848559228851442	0.0001597859133122	2300.7754369352974	1055.073762370011	740518.1672097105	0.0907190925968243	0.0001629830323522	2513.5984767151604	1967.3115080420075	697086.8410468666	0.0849464539131961	0.0001602978756251
TOI_3505.01_50.000s_R-0184_aligned.fits	184	0	59782.73096910864	2459782.7309691086	2459782.736275309	1.0748428357921618	25	429.0259581690484	19.430003655506184	8907903.173515705	1852.5910267573856	1743.646070864687	966137.211162674	0.108458432062342	0.0001614568160944	2721.7520304195464	3167.8693405486665	955149.182723428	0.1201029459517172	0.0001832331659639	1701.864509143884	570.4206600390585	1170120.2031325488	0.1512216364314244	0.0002004309732679	660.3654103658018	3306.4550782600627	879751.4474482707	0.1095833110118877	0.0001732651070676	3134.469695745761	1843.7501988619103	945646.2085067148	0.1187661001977782	0.0001816250853446	2080.5267661243493	3254.18331071028	733137.2193247656	0.0896829613756599	0.0001627565085314	3334.8265087905684	506.46888037203735	885416.7806550259	0.1103668784584004	0.0001758222268788	637.9033207411277	2370.486273014876	1213490.457419639	0.1577106014707424	0.0002040566230305	2005.697639061587	2781.0918782734643	690515.847819282	0.084031069785403	0.0001590038036877	2304.653434462013	1053.3064840516677	738467.1757469825	0.0903938994012165	0.0001625023074998	2517.3975647782877	1965.6789365895904	696208.650739048	0.0847825803563423	0.0001599260823507
TOI_3505.01_50.000s_R-0185_aligned.fits	185	0	59782.73172223382	2459782.731722234	2459782.737028593	1.075467881913733	25	431.4162267727812	18.910112129065812	8913702.82867284	1850.101370984714	1742.5979933938147	967909.6542773916	0.1085867088999088	0.0001616310554775	2719.3573064561565	3166.8141944094987	955375.4444547408	0.1200472660058337	0.0001833516578925	1699.3560279285048	569.6763432929774	1174525.184344465	0.1517635643375121	0.0002008891196482	657.6233007665251	3305.6059306559528	883246.2571663796	0.1099870535755464	0.0001736763387333	3132.084879867012	1842.585746648905	939940.6321323492	0.1178791903952382	0.0001812141007113	2078.023562644246	3253.1845179802413	733329.6446234154	0.0896450110678697	0.0001629103791182	3332.487733776062	505.6630481096877	883217.1733154026	0.1099830335574008	0.0001756954598942	635.2637945339542	2369.4738170809023	1206266.563454562	0.1565068489632719	0.0002034112573574	2003.1588502489028	2780.1001157312194	699152.0861613394	0.0851114209500375	0.0001598287365754	2302.1794598734086	1052.4882271775275	742273.982957728	0.090837722138027	0.000162953887674	2515.015891355536	1964.6422598744032	696375.8600624572	0.0847448157682619	0.0001600262460993
TOI_3505.01_50.000s_R-0186_aligned.fits	186	0	59782.73247454828	2459782.7324745483	2459782.737780814	1.0761117278972496	25	433.17618576740193	18.647151814999763	8873223.38948188	1849.330227417615	1742.6871260646358	968773.6704424724	0.109179452372498	0.0001626568557611	2718.4724880837207	3166.942164146049	953741.2643237406	0.1204297514977592	0.000184384857656	1698.5854133721216	569.7224917674012	1162791.664222208	0.150807594912339	0.0002011621232775	656.9245280802925	3305.576460712497	877631.0589184714	0.1097643579905517	0.0001743404342422	3131.1570147924467	1842.724202572285	941763.3365642112	0.1187377015430815	0.0001826280944112	2077.2622957617536	3253.113952714729	731045.6199948302	0.0897850232077266	0.0001637339035899	3331.5723871524892	505.7643131291811	880676.977319281	0.1101872834894168	0.0001766195225977	634.6004308524698	2369.4259968120077	1202355.2726223124	0.1567430510217863	0.0002044297870507	2002.4246741243528	2780.0843549422125	691776.9212746867	0.0845543540452055	0.0001602529914554	2301.3207158478544	1052.6027383500405	738946.2050465627	0.090843499464281	0.0001637109431717	2514.135783303074	1964.676683717512	692495.0691955753	0.0846495620051761	0.0001607415492012
TOI_3505.01_50.000s_R-0187_aligned.fits	187	0	59782.73322754633	2459782.7332275463	2459782.7385334913	1.07677570578288	25	434.07845503428865	18.126516390671352	8861491.675728248	1849.2492740482949	1743.9794161199488	960049.2884994032	0.1083394673979091	0.0001624715902553	2718.3568048071843	3168.1566001890337	950059.3723591064	0.1200868990504433	0.00018450875401	1698.4735675348688	570.885964614552	1164788.7259822916	0.1513360634530838	0.0002018025157186	656.6448673684337	3306.926044791565	880842.9069206872	0.1103723434570219	0.000175026374494	3131.082060316635	1844.0562646570288	936871.5673252606	0.1182228995850331	0.0001825925408079	2077.119117948576	3254.3825443524997	728332.0844206747	0.0895509397355352	0.000163867697081	3331.496780970666	506.69356229295454	878757.541630467	0.110082275930612	0.0001768260670396	634.374109479837	2370.83617365605	1200710.5249040343	0.1567347377851737	0.0002046975947245	2002.2885563285863	2781.334211484039	690551.5295302899	0.0845131058574223	0.0001605140913545	2301.254124918388	1053.7817535589847	738061.1631669758	0.0908558474188596	0.0001639968624624	2514.0587065415725	1965.9761891603916	692516.2594884613	0.0847739433897366	0.0001610752627897
TOI_3505.01_50.000s_R-0188_aligned.fits	188	0	59782.73398056673	2459782.7339805667	2459782.739286782	1.07746005334689	25	434.61351385954526	19.17204295849547	8798993.190677457	1852.2502966089676	1743.8210369100257	956667.9510521472	0.1087247063750132	0.0001635603930263	2721.501377836149	3168.047307919698	946136.5306391438	0.1204831020861302	0.0001857585290929	1701.616512756165	570.6950500192761	1153362.4785003276	0.1508524962712856	0.0002025700215323	659.7196271875132	3306.741384265315	871072.6289026719	0.1098740359612873	0.0001756809277476	3134.191586797767	1843.810444366296	934674.822621067	0.1188500743328967	0.0001839477253713	2080.2115629341465	3254.273062489434	722820.7701183022	0.0895004133738216	0.0001647900879539	3334.698510994435	506.7920559758499	872216.4884855453	0.1100341943837474	0.0001778142343858	637.4034186167826	2370.6304632584374	1196169.6504419772	0.1573322916297658	0.0002061748338892	2005.4206243754095	2781.146657183306	680917.4232936484	0.0838767021649868	0.0001610228384219	2304.339850550959	1053.6529553239798	732336.4907542266	0.0907856275526385	0.0001648906134128	2517.1200116329105	1965.820114859443	689285.9069205482	0.084995164782474	0.0001621969093127
TOI_3505.01_50.000s_R-0189_aligned.fits	189	0	59782.73473424744	2459782.734734247	2459782.74004014	1.0781643590053556	25	436.01212184845326	19.027454092684895	8767133.366312247	1849.2991285170388	1743.0583338022184	953449.6674689332	0.1087527276740842	0.000164161007645	2718.5603175141355	3167.1982388840784	941223.4727473352	0.1202701648176763	0.0001863057769644	1698.6193869607262	569.918991163006	1149368.1405691537	0.1508799636781975	0.0002032716894382	656.6754482374688	3305.774092981128	868180.8707759515	0.1099108864455839	0.0001762821183932	3131.213581889381	1843.0522655926336	930320.8158751228	0.1187116330635254	0.0001845423213707	2077.20397011598	3253.4820824107474	720215.6721160167	0.0895020552571907	0.0001654154985983	3331.660984666001	505.9338151555903	867643.192214064	0.1098353403943712	0.0001783170086234	634.3571697797659	2370.0199026442187	1194993.3006994026	0.15781447389308	0.0002071639718348	2002.3898594119569	2780.436799617849	682435.1369424355	0.0844107123829692	0.0001619665042899	2301.3792552860173	1052.8706759484098	730783.1361092215	0.0909347048318923	0.000165606865639	2514.1806518147805	1965.011078567852	681969.6282635417	0.084348276715065	0.0001624066311456
TOI_3505.01_50.000s_R-0190_aligned.fits	190	0	59782.73548656237	2459782.7354865624	2459782.740792903	1.0788880444450792	25	437.6244981764881	18.66425757958693	8766799.216347925	1849.2109145424583	1743.1558600315157	954677.3678403432	0.1088969125767252	0.0001643931838024	2718.361654813705	3167.460186423251	937591.7535673594	0.1197556404048043	0.0001861475555343	1698.4992282893502	570.1241210540315	1148514.2083163643	0.1507575795740834	0.0002033444643788	656.6960202736191	3306.137361088828	866458.073047918	0.1096735010971937	0.0001763083330599	3131.0804422934643	1843.1597313483917	929231.3777898503	0.1185611910391843	0.0001845985821178	2077.109316445471	3253.6443091151227	723521.8351948417	0.0899536098170865	0.0001658618340452	3331.612006056356	506.0767578161731	870082.3077350394	0.1101827908742743	0.000178670510919	634.3528634570051	2370.1563958862	1193791.7302542282	0.1576377327562909	0.0002072192658563	2002.2171225324344	2780.7327213948693	683545.1962828366	0.0845631220528354	0.0001622847466502	2301.286514239718	1052.955093364692	729160.5576838119	0.0907182555286706	0.0001656569373312	2514.034291729681	1965.212301527436	684902.1764756739	0.0847452241839621	0.0001628584199884
TOI_3505.01_50.000s_R-0191_aligned.fits	191	0	59782.73623887729	2459782.7362388773	2459782.7415451775	1.0796312298679605	25	442.5964086512097	18.575520762834365	8654758.090704016	1851.1453306255028	1742.994369309683	942960.9995248272	0.1089529007792432	0.0001664579582863	2720.281435671871	3167.3287995898477	931136.6603554918	0.1205570040883625	0.000188945477041	1700.4220589481772	570.0500926894165	1139923.613309105	0.1516897832863872	0.0002063707100446	658.640415223383	3305.904959567987	858854.9118448107	0.1101674677250788	0.0001788395282178	3133.0056447869074	1843.1245891321976	917978.6550244094	0.1186512634431555	0.0001869658361474	2079.0088663428523	3253.5754611073594	712459.0247207884	0.0897043814142232	0.0001678820777036	3333.5352841386757	506.0435994730892	859793.6914142249	0.1103011697516619	0.0001810281374114	636.3156780672891	2369.923057709264	1171020.3125223946	0.1564753265322086	0.0002089041688903	2004.2074911043808	2780.531308273852	667963.1810071795	0.083633446026791	0.0001638630154517	2303.1691994024163	1052.9706257311	721665.8455185812	0.0909690475308109	0.0001679473228841	2515.9560155822824	1964.984282016432	673962.1949870313	0.0844479928811014	0.0001648133230857
TOI_3505.01_50.000s_R-0192_aligned.fits	192	0	59782.736992002	2459782.736992002	2459782.7422982855	1.0803952994270014	25	441.0832046239222	18.46604622839817	8734233.698332518	1848.1231254721235	1742.995626598061	945390.1540753898	0.1082396220123899	0.0001648212151237	2717.256030751816	3167.339878666051	938822.9075209248	0.1204327690629864	0.0001874488184285	1697.483721569783	569.7505411321963	1144733.799352619	0.1508312556281189	0.0002043317321301	655.5068683153216	3305.959875940405	864854.1484337149	0.1099011863578033	0.0001773365719314	3130.099954118772	1843.0879602677269	924731.9123201328	0.118411127580049	0.0001854449665776	2075.979794088836	3253.585635389604	716463.1324887961	0.089359395683007	0.0001663712453945	3330.6565145571935	505.75847594927063	867117.5876897989	0.110220514797888	0.0001795649006721	633.199978542063	2369.939305972018	1185654.7363180912	0.1570699256488516	0.0002077902288643	2001.120988926882	2780.543705479751	684848.7295602732	0.0850808766405332	0.000163435824006	2300.2489845511	1052.645413799823	724193.5637632675	0.0904107284853463	0.0001663294809427	2513.019286297858	1965.0261936426991	682813.1808849009	0.0848065480377318	0.000163729360923
TOI_3505.01_50.000s_R-0193_aligned.fits	193	0	59782.737744316924	2459782.737744317	2459782.7430506404	1.0811787124186565	25	439.1713604031132	18.68784343619166	8757872.239957578	1854.1871324897904	1743.1185602127098	952537.0540269702	0.1087635247384682	0.0001645757492251	2723.3183994707574	3167.3086704762127	941976.200661319	0.1205205642354135	0.0001869012820219	1703.3712931987714	569.9801768791704	1150033.8183222138	0.1511643327034547	0.0002039548342916	661.6393599808378	3305.925086337149	867411.3701895864	0.1099316484177801	0.0001768174312636	3136.0573437958124	1843.164291203349	929089.2792120927	0.1186760807996166	0.0001849756263003	2082.0278609572056	3253.5273543989033	724012.8233407551	0.0901201758451541	0.0001662757800734	3336.4913969945387	506.12799360407826	867084.6403871129	0.1098856900462398	0.0001787892050577	639.2670061276779	2369.9407655830005	1184926.5621132911	0.156468382650619	0.000206749449352	2007.2085693283036	2780.568261006292	677986.4578168958	0.0839104012231804	0.0001621438629031	2306.1997339042205	1052.943081042571	728710.0850958701	0.0907579235592635	0.0001659563719013	2518.9681015085657	1965.0088346528037	686641.0028184418	0.0850726466191325	0.0001633218177368
TOI_3505.01_50.000s_R-0194_aligned.fits	194	0	59782.73849664349	2459782.7384966435	2459782.7438030676	1.0819823682474785	25	435.6213039019222	18.783374808631315	8912371.112200541	1848.606718107719	1742.6578402313037	966816.3426961076	0.1084802608110192	0.000161991018523	2717.764309521838	3166.704723502705	957414.873554286	0.1203545116820423	0.0001840248807381	1697.7868570519363	569.6287890576946	1168531.039136253	0.1508981368560027	0.0002008496584361	656.1332241740894	3305.2958658289863	884187.6748601949	0.11013545987847	0.0001742455042362	3130.520647606157	1842.7501284093328	945511.2230852968	0.1186805386620525	0.0001822274751377	2076.5049587511025	3252.905754535353	732995.2957304416	0.0896150650339935	0.0001633788052593	3331.046436561468	505.66240926821456	883508.234014908	0.1100415148968846	0.0001761968211707	633.7741232330347	2369.3326149875475	1206813.2778963458	0.1566159522577018	0.0002038925444462	2001.6615739299712	2779.946589299904	695691.735427313	0.0846682343957442	0.0001600653072334	2300.6814993036764	1052.4437472222126	741025.1291694054	0.0906858099887388	0.0001633138895504	2513.446095506421	1964.7239147146809	696692.6293260964	0.0848003765943799	0.0001605564983182
TOI_3505.01_50.000s_R-0195_aligned.fits	195	0	59782.73924964107	2459782.739249641	2459782.7445556736	1.0828064602457166	25	436.8086526967853	18.748301858239323	8920627.99537912	1851.0003230228936	1743.2342074157896	970057.6026378038	0.1087431964588472	0.0001621037409953	2720.101645163994	3167.4886754851204	957021.6461722448	0.1201744039329064	0.0001838792374717	1700.2449284070888	570.2667575036012	1170150.350578601	0.1509778370064208	0.0002008595755005	658.411900208063	3306.1293628758103	885166.8810511287	0.1101575713524134	0.0001741981321348	3132.870702741841	1843.250832207761	945612.7321635558	0.118571902492169	0.0001821405223654	2078.8251163428645	3253.7446337042707	731872.5016356135	0.0893753027788886	0.0001631803107095	3333.371796515812	506.20054225013473	884668.7568367332	0.1100887561243031	0.0001761848382243	636.1025926656988	2370.0996874000266	1212199.356665679	0.157256350610518	0.0002042728230026	2004.0361310956248	2780.6304443166846	692654.4228715792	0.0841828691800826	0.0001597032779016	2303.030169377002	1053.1316417908297	743043.4915651052	0.090863443993584	0.0001633828421589	2515.805282800404	1965.238114219379	698237.855838879	0.0849190860551797	0.0001605694275451
TOI_3505.01_50.000s_R-0196_aligned.fits	196	0	59782.74000266194	2459782.740002662	2459782.7453087107	1.08365136070667	25	436.0750555636701	18.224826144585748	8951009.993146552	1848.8615618811684	1742.7030460324854	973413.985073483	0.1087490669565545	0.0001616470475619	2717.9621459457658	3166.9878728383137	961977.6027636902	0.1204122797050756	0.0001835309187257	1698.1291860945655	569.6461117637673	1174268.3471935126	0.1509974743477036	0.0002003607553714	656.2689182948577	3305.682106785603	887399.3359472845	0.1100498738930315	0.0001736515171949	3130.7586239791526	1842.870111525987	948672.5080862072	0.1185494250720236	0.0001815881729329	2076.6528057836445	3253.2369474302805	734085.165606591	0.089338186853824	0.0001626757661145	3331.3014894418	505.77797414738416	886986.989230111	0.1099931124699582	0.0001756164487531	633.9752355259716	2369.5903875843087	1216500.5881442537	0.1572821913381449	0.0002037548228639	2001.8589568883192	2780.167258502432	698398.8159590778	0.0846276167583961	0.0001595191711195	2300.9212274148704	1052.4835910085312	745345.1535837267	0.0908329999039342	0.0001628889756663	2513.706934858594	1964.759564648887	697375.4866320993	0.0844931388810194	0.0001598643852625
TOI_3505.01_50.000s_R-0197_aligned.fits	197	0	59782.74075578665	2459782.7407557867	2459782.746061389	1.084516259076739	25	437.34518583291305	18.743402991884956	8922987.94501583	1849.6558911352224	1743.046566844711	970336.7591206972	0.1087457211754617	0.0001621345104004	2718.7552271461864	3167.273420792293	957813.8458208786	0.1202502084565465	0.000183997424331	1698.9448035659325	570.0756977512283	1174637.344329799	0.1515983729783468	0.0002013209901014	657.1089114955363	3305.962725951564	885359.3784860619	0.1101518154462709	0.0001742289811129	3131.510789146663	1843.2385874613256	944661.8630636312	0.1184035163968234	0.0001820532009823	2077.525624930556	3253.572523087033	733094.9267676088	0.0895121493204088	0.0001633239724431	3332.0146784241892	506.1422266946725	882563.1245679695	0.1097657330646877	0.0001760252090106	634.795207509391	2369.8636192229533	1212521.937620839	0.1572566348723835	0.0002043341790536	2002.6821892549915	2780.4115796074993	695122.8132922738	0.0844839824381833	0.0001599807623395	2301.6844495663145	1052.8755575259183	740076.4991057196	0.0904417094084057	0.0001631745034915	2514.469516081402	1965.083862707296	697136.2119610502	0.0847494259056088	0.0001605746078907
TOI_3505.01_50.000s_R-0198_aligned.fits	198	0	59782.741508784704	2459782.7415087847	2459782.746815371	1.085403180438138	25	438.6055026208627	18.375430562074087	8927993.12357304	1849.7167234142937	1742.8176042832351	969255.5335269468	0.1085636514400724	0.000162099156049	2718.7333034599465	3167.200479226584	959852.142054838	0.1204612398652557	0.0001841704022666	1699.004968599747	569.7680504539658	1172431.2740558218	0.1511729642293814	0.0002010878252573	657.1301145273047	3305.6799110480256	882977.3695483281	0.10975458551546	0.0001740288246349	3131.5336733977742	1843.0005385511913	944907.3270029172	0.1183636692729634	0.0001821170272357	2077.5224025368225	3253.354763725246	737904.4747778866	0.090097251253372	0.0001637088832465	3332.0727896234916	505.7697041681349	884788.400830898	0.1100044610737261	0.0001762172498006	634.7565312113946	2369.7526948897957	1212074.9498205895	0.1570875847211229	0.0002042085228473	2002.65254455826	2780.378104012763	696923.9946535483	0.0846699236439331	0.0001601137734553	2301.7110603592605	1052.604968403111	739276.0224361902	0.0902798342286798	0.0001631263795099	2514.50168499011	1964.932077185143	696857.1683920218	0.0846611175160326	0.0001605738720693
TOI_3505.01_50.000s_R-0199_aligned.fits	199	0	59782.74226180557	2459782.7422618056	2459782.747567907	1.086308960356989	25	441.01003043152343	18.331249637402507	8885979.757133776	1849.3554469087965	1743.072283188343	964311.3404859648	0.108520542117126	0.0001628464614851	2718.416121950908	3167.3923273699547	951502.1364220527	0.1199199470848975	0.0001846918574466	1698.737187042498	569.8417249641316	1169291.5210539312	0.1515276353380246	0.0002021929969699	656.7973448181868	3305.9277485304688	882001.6888119265	0.1101954154900441	0.0001751285799395	3131.1731404159596	1843.2173729783972	941669.4339631738	0.1185338179976019	0.000183048715678	2077.2246987551225	3253.48523800372	726448.6025120716	0.0890306794282657	0.000163939007555	3331.803754788964	505.90368812339057	883368.683513714	0.1103850575002533	0.0001772392440932	634.4236402259729	2369.9427919813807	1205301.318075242	0.1569264131597967	0.0002050122848599	2002.3168910095224	2780.5193531013756	692783.9498596063	0.0845560103963989	0.0001608906802932	2301.410993195912	1052.79643383617	739481.3613593909	0.0907729094678227	0.0001642391956377	2514.2022772069245	1965.0797354369447	694131.0615626659	0.0847343606258188	0.0001614201290983
TOI_3505.01_50.000s_R-0200_aligned.fits	200	0	59782.7430148148	2459782.743014815	2459782.74832092	1.087235952898229	25	441.6974861576872	19.184806419930815	8841269.74040849	1859.3949879991344	1743.2810859726656	955188.8690464632	0.1080375214298496	0.0001632914794187	2728.4323608402733	3167.546857013403	951704.841199459	0.1206283050279329	0.0001859174979649	1708.637291807841	570.350273732292	1157316.4066787558	0.1506147104770355	0.0002024503722544	666.6964649079425	3306.151450426303	878016.4789457187	0.110258514970857	0.0001759461240016	3141.253032363823	1843.342855586116	936769.4998779312	0.1185109078844249	0.0001838014541625	2087.1551852001458	3253.7631098218453	729613.8861470978	0.0899463561146768	0.0001652010876936	3341.6749068957197	506.4290975361041	876153.8754404106	0.1099988864310038	0.0001778226952357	644.466124352996	2370.1466504915725	1200197.303836571	0.1570718395617025	0.0002059694957484	2012.3331435981836	2780.6970862329754	683673.5755606052	0.0838082152811929	0.0001611484181346	2311.4008977136	1053.1600284559186	733006.9401113831	0.0904024645186049	0.0001647390751455	2524.1401666318775	1965.2792874761503	694816.9326105566	0.085290733157561	0.0001624865031437
TOI_3505.01_50.000s_R-0201_aligned.fits	201	0	59782.74376724521	2459782.743767245	2459782.749073596	1.0881832431935972	25	441.8102143557017	18.889549215049165	8899430.305182515	1849.0700747167036	1743.0384942329715	966173.7647503376	0.1085657993397278	0.0001627618642972	2718.146146844783	3167.2763623012092	957577.079747126	0.1205735050202505	0.0001849647899323	1698.3656137512296	569.8827419589493	1169676.2141313534	0.1513212710719353	0.0002019750661664	656.4615808432382	3305.835971577827	884107.0540144603	0.1103021083879083	0.0001751445521426	3130.9384672899546	1843.1467297408708	940383.5070314578	0.1181527802110569	0.000182709880797	2076.8872561977664	3253.5118540514713	729170.3010485745	0.0892468906350145	0.0001639390398979	3331.569568514112	505.9741227594727	883602.934094633	0.1102322808599499	0.0001770792388759	634.1982119534142	2369.8221445978647	1207530.4179383218	0.1569872769588202	0.0002049471763657	2002.0484425634704	2780.486973717524	692510.2404630334	0.0843812581336143	0.0001606981613678	2301.1551747083995	1052.7432572217367	738589.6533483254	0.090504114080738	0.0001639989543356	2513.9026837323067	1965.0662326833683	696282.903365228	0.0848799697553864	0.0001614422276101
TOI_3505.01_50.000s_R-0202_aligned.fits	202	0	59782.74452025443	2459782.7445202544	2459782.749826342	1.08915141404258	25	443.69110997961735	18.999892243108512	8857132.47479961	1852.5324905637767	1743.336120785612	966536.467304908	0.1091252129348755	0.0001638009185286	2721.6309007358514	3167.5241767242023	951516.0376059812	0.1203594994982775	0.0001857277464486	1701.9342333606385	570.2160374649593	1162748.4965544278	0.1511165156095589	0.0002027499372334	659.9179186914681	3306.0148203083554	876162.007606732	0.1097813870140659	0.0001756342680974	3134.364377109649	1843.451980072427	941035.779024185	0.11887623600232	0.0001840695243043	2080.301447311887	3253.6495898991716	728839.9571461697	0.089667043301313	0.0001650605222352	3335.083299723333	506.17845979446975	876700.7228158957	0.109856302273116	0.0001777423859326	637.6364418683102	2370.2321938860605	1203510.3380913408	0.157247159135159	0.0002060450380181	2005.490840103535	2780.7644255205087	687149.4177605273	0.084106590302962	0.0001613343159408	2304.575406069399	1053.0526946934338	737374.8599741894	0.0908124226058001	0.0001649732978429	2517.306251618936	1965.3685218416936	692094.858220161	0.0847632173567497	0.0001621742863596
TOI_3505.01_50.000s_R-0203_aligned.fits	203	0	59782.74527245341	2459782.7452724534	2459782.750578894	1.0901402066422308	25	442.9243651987293	19.663209540881297	8899745.084402794	1847.433001248138	1743.297139904597	969280.5132724082	0.1089110422916625	0.0001630305861728	2716.560815294851	3167.495859562975	955968.692203434	0.1203418430989797	0.0001849318527412	1696.8264565819295	570.2115475960732	1168742.6244537556	0.1511760771657366	0.0002019670497509	654.7670771926988	3306.0237395378726	883291.259146628	0.1101847872389388	0.0001751347073413	3129.4470554727286	1843.3166741620316	941938.0661380392	0.1183665379137875	0.0001829431325363	2075.2791005504982	3253.6936255103124	730032.2412913677	0.0893583722354353	0.000164076475454	3330.0687101244635	506.1412657767728	881517.9547811064	0.1099392597054928	0.0001770099602545	632.5168660764381	2370.0619260195663	1204951.869218733	0.1565931449387117	0.0002047845422791	2000.4418124784936	2780.6532331724907	699593.0663618034	0.0853146459751774	0.0001613693812387	2299.5621590955125	1053.0537202682117	737105.1577703268	0.0903022997946233	0.0001639879977556	2512.3301038332947	1965.311471959939	696604.1530375994	0.0849191984955534	0.0001615653287656
TOI_3505.01_50.000s_R-0204_aligned.fits	204	0	59782.746025578585	2459782.7460255786	2459782.7513317387	1.091150351906297	25	443.040352615735	18.996984673571205	8945820.510421174	1851.476700266448	1743.428421633068	975565.7574482932	0.1090526862585535	0.0001624889146713	2720.501266044779	3167.684189762768	962071.9402260542	0.1205037873834924	0.0001843705399255	1700.861625592171	570.2623047873808	1169758.0651418334	0.1504306419056557	0.0002008024464787	658.8946378954256	3306.327050242193	887724.7810860684	0.1101655789288218	0.0001744619488101	3133.323946417536	1843.5621453660883	947277.1230193876	0.1184312039253809	0.0001823393081221	2079.2503198099	3253.9750438984884	736496.4487302069	0.0897146273183547	0.0001636931585858	3334.0613997995906	506.2340246792155	887428.9721735348	0.1101248267674164	0.0001765181533438	636.6265888377848	2370.3448538308985	1216034.9697394646	0.1573180734885201	0.0002045448848418	2004.437672877876	2780.9134164701327	696081.7095853596	0.0843762119492604	0.0001601845320701	2303.557596029093	1053.2372396933392	743754.3444374679	0.0906789008264805	0.000163579260749	2516.2453991158436	1965.5382102581148	699192.1562817955	0.0847852147879124	0.0001609050222577
TOI_3505.01_50.000s_R-0205_aligned.fits	205	0	59782.746778008994	2459782.746778009	2459782.7520842613	1.0921811107150063	25	443.3021163803757	19.079113706535065	8955643.245395675	1849.0143624513776	1743.9220489336371	973677.0425598508	0.1087221783941028	0.0001622284559884	2718.05771516051	3168.2208659313624	961440.2387565048	0.1202671783488649	0.0001841365087313	1698.3008597764406	570.9062730588712	1173927.3945791435	0.1508571396186311	0.0002009231271639	656.2988506969356	3306.6916454127404	886604.7514159738	0.1098773728837046	0.0001741636707221	3130.846251534761	1844.1664635029936	948896.053747919	0.1185120537760654	0.0001822674831608	2076.7863551487894	3254.442572643213	737014.4912515593	0.0896760899292271	0.0001635474210627	3331.5020442195114	506.76831574982	890402.0589193963	0.110399929565952	0.0001765471893604	634.0455412557033	2370.692225832645	1214546.5574824484	0.1568959291490073	0.00020411775458	2001.9757239339683	2781.3874244838507	698082.6045294636	0.0845385986116398	0.0001601659836787	2301.0678130367237	1053.7507258190867	745343.1464361454	0.0907814741790743	0.0001635727824805	2513.8069439048654	1966.0102908221104	699385.9482771195	0.0847098053159276	0.000160707702478
TOI_3505.01_50.000s_R-0206_aligned.fits	206	0	59782.747530902736	2459782.7475309027	2459782.7528368193	1.0932330522881522	25	445.0837377881831	19.511739289966865	8924322.49478712	1849.1191192607353	1742.7235477822978	971493.453991154	0.1088590707651615	0.0001628623422373	2718.1857215381724	3166.9385258123693	961227.251946674	0.1207102543211329	0.0001850145805166	1698.450563449746	569.6120256554873	1173040.099146702	0.1513349713340929	0.0002019263463288	656.423678135495	3305.633393785938	882974.611462855	0.1098043044865553	0.0001747452677251	3130.9150854725644	1842.920868326148	945916.9649091972	0.1185596497153323	0.000182967845453	2076.923283367474	3253.2040087475684	733718.7913395073	0.0895805508244366	0.0001641389673098	3331.590684820629	505.85368511052593	884577.277952431	0.1100255361451238	0.0001769885490111	634.1891932551499	2369.638140853051	1209687.852677504	0.1568042958346381	0.0002047607248681	2002.0683612099615	2780.175563178019	692477.9022065701	0.0841218386011208	0.0001605294195442	2301.1199525193633	1052.7524043803323	742651.6741892134	0.0907701728013229	0.0001641466888054	2513.8937472845505	1964.867715296576	698050.0689564671	0.0848561818551713	0.0001614495284227
TOI_3505.01_50.000s_R-0207_aligned.fits	207	0	59782.748283217195	2459782.748283217	2459782.7535894997	1.0943063978393683	25	446.2075759060865	18.902046703201883	8930950.078395542	1850.240193981316	1743.3843325463854	970450.6264408372	0.1086615217778913	0.0001627806904622	2719.3391078283817	3167.563736793553	957153.9149422022	0.1200374194827263	0.0001845663389994	1699.6532476667028	570.2702307274776	1171953.935025312	0.1510445311957917	0.0002016936152297	657.6789577031429	3306.052586154893	888198.515325604	0.1104346576368171	0.0001751455745697	3132.147224592007	1843.382537565124	948319.80689813	0.1187979117965889	0.0001830800317168	2078.0667035462957	3253.67595433869	734809.0251063829	0.089653047736593	0.000164159845931	3332.882231783402	506.3585512255131	886448.5154919302	0.1101930938244448	0.0001770418826264	635.3953649313804	2370.0210128333592	1213865.6404102044	0.1572958868293921	0.0002050653681112	2003.286706125878	2780.615863423208	692037.363325545	0.0839962003796596	0.0001604633930424	2302.39912816225	1053.0792550834783	741809.0139041288	0.0905844713214986	0.0001640711680212	2515.0772327968043	1965.4613400226012	696354.3479661032	0.0845644851019041	0.0001612704991511
TOI_3505.01_50.000s_R-0208_aligned.fits	208	0	59782.74903635401	2459782.749036354	2459782.7543420116	1.0954008259287469	25	447.3636503506337	19.062200521368524	8934877.458722461	1848.852991631836	1742.8021208957266	970699.6315397226	0.1086416278258075	0.0001628067821485	2717.877363129433	3167.0152066796763	960136.4564590967	0.120397196120425	0.0001848847545576	1698.2403728263491	569.5304146188928	1170235.0571809488	0.1507133228632168	0.0002015915744264	656.1705661606957	3305.447005513005	886662.5823767921	0.1101688506084452	0.0001750155097092	3130.616323845495	1843.0467939558343	945892.7289062194	0.1183996165840683	0.0001828967665423	2076.6124488100663	3253.0793444037813	732231.9143307533	0.0892677746914705	0.0001639797894861	3331.2974447776614	505.7261257654409	888841.8882154317	0.1104695449611865	0.0001772978520374	633.9005227520843	2369.5987631838534	1212744.440914447	0.157047856870341	0.0002049574336565	2001.8650448113117	2780.2147871085876	698310.6247717405	0.0847817590568608	0.0001609739352985	2300.97252443708	1052.6352587858396	743977.8548754599	0.0908298100157445	0.0001642578970493	2513.6596826290556	1964.851797948833	695843.9106915697	0.0844569823189851	0.0001612514898362
TOI_3505.01_50.000s_R-0209_aligned.fits	209	0	59782.74978923611	2459782.749789236	2459782.755095478	1.0965180993491612	25	448.00049115134107	19.218871865712195	8906697.426954549	1853.4811705356208	1743.5056172514678	968594.8578704369	0.1087490470866514	0.0001633148147884	2722.4197203684353	3167.9340018131024	957523.943320776	0.1204557864150509	0.0001854443587505	1702.846445787487	570.2104673432095	1168103.384572992	0.1509451688737904	0.0002022287533441	660.8036952128133	3306.3829047162003	884911.2124351719	0.1103134873918092	0.000175602836726	3135.2671436898504	1843.66411712128	947132.4777074415	0.1189929956909304	0.0001837544404149	2081.1568122280505	3253.9869617747763	734146.610471787	0.0898307795151457	0.0001648282637299	3335.897417987407	506.39554372100974	882791.0146418298	0.1100201035853538	0.0001774525659868	638.5717514269639	2370.2911989584113	1207846.5837468682	0.1568866066307145	0.0002053602332198	2006.3644349245228	2781.0748408326076	687044.5404110162	0.0835855905224152	0.0001607098619255	2305.5364961326595	1053.024360945415	740721.9728337169	0.0907083271307071	0.0001646780279484	2518.2207365973723	1965.5185530804808	696475.686812949	0.084830313827911	0.000161913895988
TOI_3505.01_50.000s_R-0210_aligned.fits	210	0	59782.75054236082	2459782.750542361	2459782.755848472	1.0976562222559527	25	448.35865486953367	19.09256445599835	8913506.668434918	1846.9404411721405	1742.5839947971149	969159.958719312	0.1087293693458898	0.0001632388494763	2715.9270192350455	3167.003726523002	957626.8046354676	0.1203671776132299	0.0001853246781418	1696.2811204607403	569.3797751006764	1169785.5868874963	0.1510624639716155	0.0002022334573748	654.2894124978332	3305.390481556674	882772.0540712452	0.1099241970332739	0.0001752876361653	3128.7401061153896	1842.868394309029	948517.7775236404	0.1190858883188122	0.0001837715437234	2074.663250263213	3253.1907367751637	729118.3919066576	0.0890864860355749	0.00016431471733	3329.387212344404	505.4979109077344	882518.5208291862	0.1098891574248295	0.0001773339706835	632.0196246930541	2369.429160533464	1212665.3881106465	0.1574718065166489	0.000205690951957	1999.879859193448	2780.0350193192107	697024.6295091282	0.0848324898912888	0.0001614621022712	2298.976300163816	1052.390915015436	738949.4849727231	0.0903962708179079	0.0001644364347574	2511.7269882032633	1964.635395932973	694528.0299887266	0.0845029608350494	0.0001616813921902
TOI_3505.01_50.000s_R-0211_aligned.fits	211	0	59782.75129467575	2459782.7512946757	2459782.7566008535	1.0988150381756778	25	448.635648794059	19.004613426122983	8924138.477938123	1851.254267876961	1743.2583289507852	969450.26786285	0.1086323649346639	0.0001630869996785	2720.161641676724	3167.463939001316	955945.9198193522	0.1199702332551366	0.0001849891346767	1700.632114400354	570.0878997132604	1174788.8016065457	0.1515983728537428	0.0002024973020126	658.5049640702468	3306.056417229144	884357.0267972333	0.1099976451066015	0.0001752247503041	3133.027076076065	1843.3981801604364	944465.3625752385	0.1183589037948063	0.0001832501167174	2078.8976978095807	3253.573280319815	733920.6992808823	0.0896094242076682	0.0001645670864832	3333.596627076702	506.3119339734517	882374.6800799691	0.1097240235176991	0.0001771799132826	636.275973244189	2370.08254415205	1213456.9444130254	0.1573735005313166	0.0002054896148707	2004.103004550088	2780.7235339940926	691805.0652705327	0.0840351125971174	0.0001609490865545	2303.3611802904747	1053.0652572670224	741478.2000511158	0.0906157869042788	0.0001644776928992	2515.921600031088	1965.2427051537368	701545.7780442288	0.0853192908428119	0.0001621055192473
TOI_3505.01_50.000s_R-0212_aligned.fits	212	0	59782.75205995375	2459782.7520599538	2459782.7573540136	1.0999968009122891	25	450.3140305704145	19.125486961740627	8920450.81831553	1849.5491264933196	1743.126353242238	967842.3869629272	0.1084970262910644	0.0001632101032909	2718.6065850198556	3167.51178552748	959467.4974044976	0.1205212294421311	0.0001854823001212	1698.8799228050857	569.8352184075075	1174005.699734036	0.1515541234414653	0.0002026670900635	656.8498308104427	3305.874602111882	885271.1690599362	0.1101744089992998	0.0001755181081577	3131.504965747822	1843.246820393412	942522.4199714466	0.1181412483179316	0.0001832602362123	2077.2692666994585	3253.659510267571	730641.0975373107	0.0892134399268904	0.0001645067969775	3332.2066006899095	505.9700935768787	883197.2747794813	0.1098879449298687	0.0001773983132375	634.5926510148184	2369.868721877789	1205969.8086253756	0.1563254620901338	0.0002050413459018	2002.5278858634151	2780.524754703387	700056.5714631319	0.0851609485434576	0.0001617385106648	2301.667294206225	1052.879674940671	742810.0175027892	0.0908342681704685	0.0001648165437064	2514.395516070758	1965.1557682248824	696509.2622375238	0.08469287597536	0.0001618936604047
TOI_3505.01_50.000s_R-0213_aligned.fits	213	0	59782.75281226821	2459782.752812268	2459782.758118466	1.1012186400596948	25	452.09155672249534	19.658056135716546	8848426.040756159	1857.9720359339267	1744.5142125558596	965216.896174943	0.1090834563942921	0.000164654695592	2727.0975243582907	3168.8081247503355	950615.5754168648	0.1203644452584399	0.0001867083385083	1707.3758917474468	571.3098062370045	1160576.6613575309	0.150962460901948	0.0002036519291147	665.228214853895	3307.3490746651573	878244.534763787	0.1101912841136027	0.0001768063676142	3139.8213041494614	1844.745051240844	938363.5117775452	0.1186290890040172	0.0001848784077891	2085.756441192077	3255.0490958150913	730150.4331535851	0.0899391038744504	0.0001661890955978	3340.5878653015457	507.4324382591658	876949.8274320171	0.1100109696076387	0.000178770616893	643.0303940932658	2371.2783065749027	1200570.9179674764	0.156981388728204	0.0002068812092406	2010.9479640420689	2781.909964139414	685169.2940659409	0.0839333265297263	0.000162248556537	2310.08007630554	1054.3560722454615	734285.0295160008	0.0904944871550579	0.0001658323769883	2522.7576278683855	1966.5993862881487	693500.255305411	0.0850406580698366	0.0001633282706938
TOI_3505.01_50.000s_R-0214_aligned.fits	214	0	59782.75356526626	2459782.7535652663	2459782.7588714752	1.1024443204030987	25	453.5260230308421	19.184204802981675	8909444.505944418	1848.8701656879207	1742.5035983431508	968547.2971461036	0.1087101778904268	0.0001637421457661	2717.8732017039856	3166.684534695587	955009.1023519378	0.1200599481794302	0.0001857819103109	1698.2176988106417	569.3241427471867	1170166.1870801782	0.1511983597007923	0.000202954291598	656.0766571560625	3305.3483340637968	885227.8704855972	0.110319537806818	0.0001761498504705	3130.708808157533	1842.6685047654785	945568.05450771	0.118732135069364	0.00018415249056	2076.594735440122	3252.982717831129	730502.2272524241	0.0893149997103597	0.0001650832460686	3331.347473113209	505.5303128590681	884671.2484948074	0.110242522762066	0.0001781545084694	633.9232865915417	2369.3502719666203	1208985.3051495836	0.1570017155632477	0.0002060006211663	2001.7912341588328	2779.906753936488	696178.8248044847	0.0847627304207528	0.0001620429179624	2300.9546440179747	1052.2997744603454	737913.5761020478	0.0903029777941846	0.0001650053361316	2513.6568311771503	1964.5210649858536	695222.1097156453	0.0846363874972302	0.0001624251967336
TOI_3505.01_50.000s_R-0215_aligned.fits	215	0	59782.75431758072	2459782.7543175807	2459782.7596239583	1.1036911961097853	25	464.8931763720147	18.745569964156665	8637682.797648657	1849.1269972874827	1742.9750030075347	937386.6694865456	0.1085229327640649	0.0001685486122575	2718.1456999335273	3167.262462959028	925668.1442102127	0.1200293549490986	0.0001913394980791	1698.6196131010176	569.7246772130552	1134430.913350892	0.1511919006377678	0.0002087757410496	656.3667546970628	3305.791984371189	855074.4677283452	0.1098699088377611	0.0001812483388854	3130.9493619342616	1843.1974155029288	917037.7538511314	0.1187773493858321	0.0001897410809185	2076.8299765532115	3253.4575369249305	710602.5293061293	0.0896424036658215	0.0001705818838199	3331.600104935195	505.8872266106987	856712.5666990818	0.1101035656570723	0.00018346656151	634.2226042354342	2369.673479609558	1171843.2820053217	0.1569606846691431	0.0002119041192791	2002.0649356292456	2780.3949389610225	672913.1754956929	0.0844862070616673	0.0001671174726523	2301.241391056423	1052.6989458574826	719796.9067916065	0.0909077140935778	0.0001705415531076	2513.9656042410084	1965.098926812064	673603.0582102449	0.0845801499041425	0.0001675861702344
TOI_3505.01_50.000s_R-0216_aligned.fits	216	0	59782.7550707059	2459782.755070706	2459782.7603768315	1.1049608928968244	25	469.012223770984	18.652586019760925	8564955.933117542	1851.4183334546565	1743.10005089061	932307.9664409606	0.1088514609673668	0.0001701931330766	2720.417320866021	3167.522721569153	923219.4521214984	0.1208127831177402	0.0001935395812746	1700.8210006539423	569.7978615289171	1124120.2205716064	0.15107445776235	0.000210490059303	658.5950092210081	3306.1113091841835	847632.1252616015	0.1098349824843095	0.0001829485654283	3133.281773338306	1843.3050838996544	910024.9369603026	0.1188808804961316	0.00019146483016	2079.0858938761025	3253.745559967507	702393.5466618541	0.0893339234893475	0.0001720233647143	3334.024897029982	506.0203164769655	849389.0583552801	0.1100877060807605	0.0001850735899193	636.4247867183725	2369.989486750951	1162855.5655841243	0.1570980543150375	0.0002137919065684	2004.324088025672	2780.648563904654	663999.0439098284	0.0840403324838812	0.0001684112882963	2303.575717313777	1052.8319528259094	710396.5656373652	0.0904438469939616	0.000171842736379	2516.191637133693	1965.116940180159	670925.4180540817	0.0849914903133217	0.0001693907817041
TOI_3505.01_50.000s_R-0217_aligned.fits	217	0	59782.755823726766	2459782.7558237268	2459782.761129851	1.1062531369325477	25	486.0595410132826	18.60708941369012	8198734.101895191	1847.2552229335645	1743.5026451708604	890632.9172708449	0.108630540544664	0.0001774746362658	2716.3202479989154	3167.813962344086	882012.8029539572	0.1205475467654602	0.0002018240813212	1696.6778234889225	570.3967578428119	1079434.69687475	0.1516209159729322	0.0002196381479417	654.4380960587401	3306.4418614715987	808769.2523840433	0.1094415560633612	0.0001907540202383	3129.159845998342	1843.6952069011888	867568.0597682651	0.1183397095063701	0.0001995069209332	2074.8939872302885	3254.06007939491	676053.3686466519	0.0898686774860256	0.0001802948484735	3329.8738590463763	506.4947361287973	810989.0126649983	0.1097749046386634	0.0001931052370475	632.3546865848206	2370.308029288385	1109497.7617681548	0.1565045526114133	0.0002222632839654	2000.163878407717	2780.953787699201	643591.1906789844	0.0851858394000096	0.0001769610914097	2299.40231279792	1053.309722519065	677977.287221049	0.0901474816867116	0.0001795500099844	2512.103844571548	1965.5693849755355	642840.6689343367	0.0850780486302376	0.000177300357595
TOI_3505.01_50.000s_R-0218_aligned.fits	218	0	59782.75657685147	2459782.7565768515	2459782.761883038	1.1075680952596163	25	498.25395543869735	19.53587660322184	7798640.117867938	1854.761470060571	1742.8619493715496	854119.6209839977	0.1095216099313356	0.000186149862041	2723.7504349444735	3167.064370043836	831971.7750774983	0.1194217571643807	0.0002107706268335	1704.1689107664915	569.8006980947871	1030234.55123639	0.1522122959527542	0.0002299040285233	661.9808443863718	3305.562620009036	767914.2996553669	0.1092226207522049	0.0001999902855188	3136.63579300918	1843.00699625045	833001.604324771	0.1195872571775266	0.0002096711408928	2082.481504542791	3253.2887102237924	635848.1678811734	0.0887709949305938	0.0001886657264986	3337.337135003293	505.98800388696463	780524.8603771803	0.111215736952181	0.0002031564914566	639.7417850078434	2369.686599200642	1053230.4019146506	0.1561403156021345	0.0002321848995693	2007.674103598892	2780.2716207657904	603312.6622249582	0.0838478395798104	0.0001851074454361	2306.852834540598	1052.7740687014748	651861.3662492736	0.0912105144015595	0.0001889579015306	2519.5299940650225	1964.9553387954631	610740.4289266765	0.084967856447178	0.0001860586594866
TOI_3505.01_50.000s_R-0219_aligned.fits	219	0	59782.75732973358	2459782.7573297336	2459782.7626361796	1.1089055220340784	25	489.4248736884	18.775697373175145	8156688.615516322	1851.0610432059725	1743.4843246697196	881291.7853157414	0.1080452898053845	0.0001781686912963	2720.0382573044776	3167.785078784643	882646.6549884137	0.1213419801230231	0.0002032978272752	1700.580072007023	570.121680696534	1063808.0609160326	0.1499825145407347	0.0002198033184859	658.2024068417716	3306.3057008623973	814366.8608925674	0.1109140797840585	0.000192644157579	3132.992969527113	1843.544241195661	863105.9633560377	0.1183377229708084	0.0002007056600011	2078.7399837909775	3253.950570113153	674712.3439363015	0.0901783592256458	0.0001813705887822	3333.6858611078655	506.38768076689166	802388.6899225817	0.1091047003848978	0.000193945673618	636.0267160669396	2370.29777798296	1106077.011294452	0.1568767467821003	0.0002236744867352	2003.9504608029629	2780.942089689174	638513.8995536286	0.0849293776317711	0.0001777765189133	2303.220114444371	1053.2080223215517	675614.9257093585	0.0903098878213017	0.0001808332105775	2515.946372433408	1965.4339461157397	635454.2049469495	0.0844880202183254	0.0001780110425857
TOI_3505.01_50.000s_R-0220_aligned.fits	220	0	59782.7580820485	2459782.7580820485	2459782.763388629	1.1102643564020749	25	468.78181231008995	19.255954520961183	8670357.008999536	1853.8257269891697	1743.384105430728	944527.788854088	0.1089375890604851	0.000168621118785	2722.8444143169845	3167.692666747905	933918.2980087048	0.1207168224162271	0.0001915959831769	1703.3360553805169	570.4294454738342	1136388.109024668	0.1508352535180307	0.0002084569489554	660.9888486656342	3306.1091956654527	861415.5561621835	0.1103114373906838	0.0001814178779939	3135.744704878301	1843.5832745539176	920081.3980361876	0.1187159585311603	0.000189543141163	2081.609525883856	3253.8746671912154	715923.9585429425	0.09000314089033	0.000170684425619	3336.5297310056512	506.5520815068075	854498.24369424	0.1093287723528692	0.0001828796545039	638.890471842768	2370.1624014775257	1177439.261040585	0.1571402890898297	0.0002119050635663	2006.7765749556256	2780.846804388768	673584.0924723903	0.0842319895167056	0.0001668441647814	2305.9182133495633	1053.2933935901142	719216.8721801272	0.0904545586927394	0.000170234436111	2518.700387650062	1965.4807262262943	677891.219837507	0.084816280447111	0.0001675652025501
TOI_3505.01_50.000s_R-0221_aligned.fits	221	0	59782.75883517321	2459782.758835173	2459782.764141624	1.1116469518632033	25	465.99569021376686	18.773473009782556	8810996.399396155	1849.5283878754915	1743.352116694722	956659.9969699436	0.108575688106683	0.0001661687828177	2718.5826450028526	3167.5617293274486	946538.0399669522	0.1203564182944763	0.0001887266098162	1698.955866034582	570.2220489570655	1156252.0918947966	0.151050387243074	0.000205802209685	656.7965993085974	3306.0864934009624	873113.7981091018	0.1099932868706744	0.0001786721642078	3131.379937428213	1843.5466941305297	931437.192371138	0.118209301802151	0.0001865946844531	2077.23167349933	3253.7714348986487	723635.9864107529	0.0894774004691139	0.000167883166435	3332.1143428416935	506.5019158475793	875287.7021862877	0.1102973578773162	0.0001809192405973	634.5713934216783	2370.020014570871	1198732.6798801878	0.1574738768977397	0.0002092596592907	2002.470093742481	2780.7989672706644	684775.9018701246	0.084267452757232	0.0001644385539242	2301.67611169303	1053.1673151796804	731482.5003809708	0.0905354591283185	0.0001678441566272	2514.3606349511138	1965.4197379180891	689740.5063258427	0.0849302762291215	0.0001652322740538
TOI_3505.01_50.000s_R-0222_aligned.fits	222	0	59782.75958819408	2459782.759588194	2459782.764894705	1.113052618894996	25	467.2301626144752	19.998788681380844	8789948.684928307	1851.0587308314848	1743.2695797030983	955688.7316917692	0.1087251775804382	0.0001666528241868	2720.034234239729	3167.5631739011446	946800.4172663286	0.1207168836996329	0.0001894197693065	1700.4049083824964	570.2535179470083	1148766.3122718683	0.1503388161997896	0.0002059780712424	658.2237853213592	3306.073532913009	873551.3566832353	0.110347083460108	0.0001793791764923	3132.924427423841	1843.4560363940427	933171.308946357	0.1187727823113644	0.0001874280660108	2078.7735781208985	3253.707968001621	724902.1080418158	0.0898819493639755	0.0001685789033139	3333.665699446557	506.38600748435374	869936.5205388428	0.1098403010604346	0.0001811483088315	636.065203163948	2369.986366930775	1192900.0143911417	0.1570215048137627	0.000209473798859	2003.90369719201	2780.7604486125147	681444.5465763977	0.0840407225487221	0.0001647534855469	2303.1004505229007	1053.1773319431795	730862.6888540735	0.090688036982121	0.0001683746658304	2515.800096846579	1965.337649625922	687613.4113582474	0.0848660772655573	0.0001656333398845
TOI_3505.01_50.000s_R-0223_aligned.fits	223	0	59782.760341203306	2459782.7603412033	2459782.765647528	1.114480837159134	25	469.6883948532098	20.859679979425145	8734872.36201687	1849.1124140427023	1742.7526457610488	947598.8074163484	0.108484562583528	0.0001675382950652	2718.163840620378	3166.911928170598	938927.650589316	0.1204379565715756	0.000190438876197	1698.5740095725664	569.5794661069663	1143044.7231124584	0.1505625229496665	0.0002072236477552	656.313980013176	3305.4484083389725	865742.770609277	0.1100176023984397	0.0001802784521203	3130.9834593095534	1842.9696909214383	926870.9446409676	0.118707835090592	0.0001885896196369	2076.819981773422	3253.103389173894	720468.0990887417	0.0898966505123005	0.0001697139368919	3331.7940765315566	505.90149448615375	860861.0361057102	0.1093294129858384	0.000181899249048	634.1371185354054	2369.4396651470324	1187816.9338840782	0.1573881290783039	0.0002109579117063	2002.0247068410724	2780.1433720715313	682115.3064188298	0.0847058096636162	0.0001662602839895	2301.2143926039957	1052.5802205905106	725119.2372613786	0.0905295364248213	0.0001693492429804	2513.9470583396205	1964.7830676882936	683905.6603061134	0.0849470238351364	0.0001667629964824
TOI_3505.01_50.000s_R-0224_aligned.fits	224	0	59782.761094213	2459782.761094213	2459782.766400767	1.1159330255815538	25	472.02596982418487	20.27114110961192	8759457.120308457	1847.1687818076027	1742.577136867951	950637.2747212565	0.1085269625348404	0.0001674325304602	2716.277536037549	3166.9100087081297	946532.3285837388	0.1211495507529121	0.0001907171722782	1696.681940042227	569.4633063361703	1145936.4683676348	0.150513346026784	0.0002069783496134	654.4271312698032	3305.3953547685455	865696.3006089593	0.1096684229966211	0.0001798905737304	3129.132239762322	1842.8527847725984	926141.1676936836	0.1182310496979936	0.0001880928369324	2074.89966482463	3253.0683713292033	720537.8759881704	0.0896311872391615	0.0001694070386711	3329.958627519577	505.710631222134	867106.4013579155	0.109866683860853	0.0001821019492964	632.2988104072323	2369.267890375858	1185573.782883169	0.1565344658828875	0.0002102030607237	2000.1724193969465	2780.0765684251573	686932.5362889142	0.085095130914655	0.0001663267259512	2299.361411810465	1052.5432646502086	730174.6922501788	0.0909389722920429	0.0001695294316457	2512.072475244062	1964.707464556048	684825.5662860923	0.0848119894640824	0.0001665252111043
TOI_3505.01_50.000s_R-0225_aligned.fits	225	0	59782.76184733771	2459782.7618473377	2459782.7671540114	1.1174085432397802	25	474.07440094354047	19.996565905134933	8748317.963520836	1849.19754812436	1742.9147844179006	948965.6709725184	0.1084740718078106	0.0001677428622932	2718.1380782540987	3167.212785053157	941775.7344100506	0.1206392928866952	0.0001907863023138	1698.5791089540835	569.7942912544354	1150241.3674952667	0.1513858610081582	0.0002079785311169	656.3937608538089	3305.624229673459	866072.8153337435	0.1098764119932173	0.0001804053504292	3131.018207549566	1843.1171049131908	926732.5511259472	0.1184839776418412	0.0001886168600324	2076.8692442433403	3253.3520057787796	718530.0779569184	0.0894830708104635	0.0001696560340897	3331.90150415993	505.9752084489619	865055.7994715155	0.1097332273708338	0.0001823743065333	634.1323109088404	2369.5581677593477	1187196.200168472	0.1570132365706152	0.0002109296603042	2002.075798003668	2780.378234527513	681479.5648864957	0.0844791393121084	0.0001663441643861	2301.2809708422474	1052.739372727743	727129.1517774719	0.090651045480057	0.0001696578767855	2513.97047992972	1964.9396301646848	684104.7008949561	0.0848321688199249	0.0001669105846763
TOI_3505.01_50.000s_R-0226_aligned.fits	226	0	59782.762600358576	2459782.7626003586	2459782.767906488	1.1189059787180775	25	475.8625751580986	19.796833608318153	8753251.525385594	1848.02499499768	1743.9484652454912	951614.7148138068	0.1087155683866729	0.0001679291642474	2716.9832620776056	3168.457221894781	940914.172327429	0.1204395214652508	0.0001907274623271	1697.4750440900991	570.8365810837345	1150509.2329891897	0.151328190374127	0.0002080487347707	655.0974196855566	3306.9434803397307	867228.3994860947	0.1099703089429092	0.0001806140312878	3129.922213279702	1844.162512107046	927815.2295168734	0.1185640256258548	0.0001887706739902	2075.6750514877094	3254.700606164952	721959.7678882156	0.0898933558495433	0.0001700243957907	3330.754762338438	506.89656546571587	862635.8958709305	0.109324282967765	0.0001822520975909	632.9692969582314	2370.8818597470017	1188405.1531566305	0.1570957418936282	0.0002111456687694	2000.9155006385688	2781.5139992098466	682462.3929214377	0.0845595618619601	0.0001665028787814	2300.1436228687567	1053.7252750296343	725156.0442431287	0.0903272819744706	0.0001695635124174	2512.8584036813772	1966.035051874524	686165.2369856631	0.0850573816189787	0.0001671496219125
TOI_3505.01_50.000s_R-0227_aligned.fits	227	0	59782.76335405093	2459782.763354051	2459782.768659885	1.1204288366523678	25	477.14193065421927	20.22928718010899	8698831.69845078	1847.338662036044	1743.9591810815305	944847.3830221304	0.1086177334814287	0.0001688065052706	2716.2804262343957	3168.539662667545	934958.52023139	0.1204242391354747	0.0001917840054689	1696.8349527632076	570.8440583630804	1141856.695625463	0.1510997052654744	0.0002090246531639	654.4406181103512	3306.885045672528	864614.3067588045	0.1103638389809951	0.0001818680762013	3129.2387911451365	1844.264435374436	926495.2163598464	0.1192042082190706	0.0001902315000187	2074.9206342469024	3254.7825121152937	715429.854865294	0.0896146616295068	0.0001708833549562	3330.015691939357	507.0316731598682	862303.6867238566	0.1100364454045807	0.0001837433275718	632.2689252860658	2370.836457377053	1181963.1771330617	0.1572414328893784	0.000212353091044	2000.1778312444144	2781.69367793509	673354.8196848439	0.0839021568258987	0.000167135982408	2299.450240071446	1053.819860012749	719095.9250537991	0.0901152551255064	0.0001704484671903	2512.1402658625016	1966.0457217424205	678759.4960144215	0.0846325916876691	0.0001678918114189
TOI_3505.01_50.000s_R-0228_aligned.fits	228	0	59782.76410717564	2459782.7641071756	2459782.7694134377	1.1219757639230936	25	479.0929509912326	20.620174210647107	8674190.297825465	1845.355910905197	1743.3319293131444	942380.5395444316	0.1086419028391246	0.0001693628059034	2714.3638617047272	3167.665353071229	935288.587350632	0.1208554679128036	0.0001926482527363	1694.91453939216	570.0247642785325	1132889.2604836526	0.150224643582585	0.0002090650925994	652.6384392155222	3306.005439919109	859354.5461463841	0.109964505135216	0.0001822447325034	3127.2875051842066	1843.509803032774	920546.2175810912	0.1187243324627919	0.0001905309077666	2073.1003788327507	3253.778484557677	713874.7153503684	0.0896791977596953	0.000171498533965	3328.163251538283	506.3440337096263	852474.838108269	0.1089882190804076	0.0001836592215102	630.4507788057015	2370.008297927908	1173268.4756525452	0.1564165716518113	0.0002124704634683	1998.3282375249703	2780.773165284547	676707.6295056145	0.0846150792156428	0.0001681000542911	2297.6690900036	1052.9705547129383	717449.7689497782	0.090168802959716	0.0001710181752991	2510.1533300350807	1965.368040106068	692336.2586971303	0.0867387771441555	0.0001697791280656
TOI_3505.01_50.000s_R-0229_aligned.fits	229	0	59782.764860196505	2459782.7648601965	2459782.770166432	1.123545421504413	25	481.5328340109199	20.93883812752115	8587819.63936462	1846.036627839256	1744.1693113736956	934333.496269552	0.1087975220144097	0.0001709464497966	2715.087680324152	3168.45312405955	925384.2113137085	0.1207689408939134	0.0001943801297216	1695.6068190198966	570.8133365596759	1122496.651550334	0.1503614315660013	0.0002109586004089	653.2813957843241	3306.810865540739	852856.0495014843	0.110259866073471	0.0001840973704618	3128.0082888797547	1844.3314264601831	912401.714437424	0.1188732292314986	0.0001923814107852	2073.8046001398193	3254.5502170451496	708439.2543321738	0.0899105284570237	0.0001732787016619	3328.7281784737397	507.11239597774875	846503.8210289849	0.1093488291775934	0.0001855470466814	631.069014984907	2370.8598772455	1167040.055036247	0.1572665030370756	0.0002148488829745	1999.0305293407137	2781.5861678875513	667509.310235112	0.0842781762957103	0.0001694907867213	2298.280286821107	1053.8765679903736	712795.0484262712	0.0905133743006304	0.0001728615808644	2510.862350069189	1966.2434715222844	672393.5235028802	0.0849472300872684	0.0001702454578121
TOI_3505.01_50.000s_R-0230_aligned.fits	230	0	59782.76562477974	2459782.7656247797	2459782.7709195474	1.1251393499906497	25	484.63602891410216	20.4233053655086	8598572.447752226	1848.7697143112896	1743.519709237204	939224.6262883516	0.1092302974703524	0.0001712896239769	2717.7974912255586	3168.0394555940284	925390.3076595356	0.120600591874958	0.0001944652476667	1698.22568435939	570.3333419871269	1129832.3770532496	0.1512748290017157	0.000211724238985	655.9557109787337	3306.3140963613905	854071.5980263005	0.1102810387136216	0.0001843028016497	3130.690245899803	1843.737722636756	912242.8351851784	0.1186838037356183	0.0001924302663079	2076.548228682859	3254.097966143866	706374.4546252167	0.0895028805968083	0.0001732200435741	3331.654017301343	506.5695420806637	848308.3721419623	0.1094554151788906	0.0001858573380065	633.8066278282496	2370.212407707203	1165386.0907781683	0.1567814978410658	0.0002147203104188	2001.647728691852	2781.1169084197595	670970.0551995117	0.0846371982315648	0.0001699314940932	2300.962255575947	1053.334419168882	712860.5630764549	0.0903990119727491	0.0001729927787199	2513.6819326464374	1965.6213420710849	673135.7940066486	0.0849335908436696	0.0001704434849156
TOI_3505.01_50.000s_R-0231_aligned.fits	231	0	59782.76637789328	2459782.7663778933	2459782.7716841977	1.1267824227622965	25	493.2112644089991	21.000582042251885	8380399.810985612	1849.2747471742505	1742.0511786434115	911074.9184080954	0.1087149705213103	0.0001752243524012	2718.2161194811065	3166.710645009108	900628.4369240814	0.1204085515297025	0.0001989989047942	1698.7415135392744	569.0484073216385	1096353.6151549108	0.1505143687559876	0.0002161865657495	656.3165910273773	3305.098581958339	829489.7758626537	0.1098529544126858	0.000188625695219	3131.1690625236406	1842.4250655401493	889302.3811623591	0.1187145661224355	0.0001971529676085	2076.8513557496553	3252.8076675206757	688862.1638828049	0.0895610468918761	0.0001777332828482	3331.9838821617345	505.2780664048664	827972.3055700909	0.1096299573847465	0.0001905526091797	634.1606096696463	2369.0076429476485	1137889.722911831	0.157112618287628	0.0002199362983902	2002.0127225428976	2779.6838901501787	653158.2659685471	0.0845267049261244	0.0001742868713076	2301.39903131742	1051.9501970839697	699237.7334255404	0.091032805500656	0.000177778112121	2514.1583877649323	1964.112595405547	657505.4101227915	0.0851371747423263	0.0001749977363142
TOI_3505.01_50.000s_R-0232_aligned.fits	232	0	59782.76713089086	2459782.767130891	2459782.7724372265	1.1284250296279543	25	497.2389951430563	20.802016238759823	8380499.003628867	1848.8849507001164	1742.1312064818137	912672.1520154522	0.1089042730773255	0.0001756983904608	2717.8371842537317	3166.51780672173	907806.6437001964	0.1214832084575286	0.0002000979441393	1698.3035146987295	568.8932208728447	1097759.8234905018	0.1507344690421339	0.0002168012472753	655.9718909118944	3304.872390320444	830277.5044819654	0.1099673042142907	0.000189071311775	3130.704601069025	1842.2861628379064	891851.0583814483	0.1190937355984869	0.0001977631014686	2076.4731946469938	3252.622006236371	688623.446041644	0.0895260773378464	0.0001780698423747	3331.473421318683	505.1378429012848	825845.0655040604	0.1093160682498514	0.0001907545587613	633.8599695557	2368.7258538635497	1134800.6507045596	0.1566171534378826	0.0002199595937508	2001.730630416126	2779.536716865037	652800.8867288617	0.0844754643431562	0.0001745788621898	2301.030834420063	1051.798809606014	696333.6345185641	0.0906192931919147	0.0001779515743947	2513.690878277189	1964.1555814916487	654400.2900770664	0.0846999649291601	0.0001751364582844
TOI_3505.01_50.000s_R-0233_aligned.fits	233	0	59782.76788391173	2459782.7678839117	2459782.773190157	1.1300918941966918	25	499.33802273020353	20.97598545326271	8349458.385617143	1848.0234812001356	1742.532134054887	906117.2210027712	0.1085240717605896	0.0001762147151204	2717.042595325292	3166.949773557255	899243.7997708006	0.1207003891510927	0.0002004551909581	1697.534981889312	569.2475693445931	1093389.6980567423	0.1506862386696006	0.0002176166489458	655.1552911166959	3305.25091316374	830193.446441719	0.1104088568706238	0.0001901597240363	3129.928702340016	1842.835184237332	890472.4177552244	0.1193825034115829	0.0001987609706112	2075.769399732259	3252.990766247359	687787.1959706737	0.0897698659921753	0.0001789697475705	3330.7136466671222	505.6543633071001	822090.7143108821	0.109213572421157	0.000191489985197	633.079973448709	2369.109246743131	1130138.48920559	0.1565436225879585	0.0002208064884957	2000.9230495756335	2780.0011880344946	651989.2216300655	0.0847017646631731	0.0001755198018763	2300.1741748733098	1052.3290268004598	692200.6195992486	0.0903979780687497	0.0001785519067364	2512.81317728308	1964.639902119295	651952.7828761975	0.0846966298594247	0.0001758639780639
TOI_3505.01_50.000s_R-0234_aligned.fits	234	0	59782.768636920955	2459782.768636921	2459782.7739435956	1.131784534865447	25	502.27720158341634	21.827536772349045	6236837.977461818	1848.050491676424	1743.7636333337414	680859.539523202	0.1091674245801538	0.0002223687493995	2716.963447453148	3167.95181476714	668773.3168829842	0.1201087554923368	0.0002527766974948	1697.471137180614	570.5879677769822	809687.1099338359	0.1491919295589144	0.0002712685845574	654.9965667854228	3306.7003373151656	617540.88269236	0.1098964643224111	0.000239513308833	3129.892728877725	1843.9490391173888	679192.5462383343	0.1222086861501731	0.0002530898276964	2075.666489137183	3254.1796329469244	508717.81729767506	0.0888106050629876	0.0002272136645066	3330.3853906574805	506.76157128364594	612411.1003248148	0.1088841785487929	0.0002417394512015	632.9604456810437	2370.4975132750405	848285.2196176322	0.1574235713629736	0.0002768222189274	2000.8173807556225	2781.2982129732673	492539.1067182643	0.0857439903113031	0.0002243376599821	2300.0306972217213	1053.5684521412636	514199.3788894776	0.0898535474558463	0.0002264021719256	2512.8126349556464	1965.8612223167156	485491.498866439	0.084413537016641	0.0002237336628799
TOI_3505.01_50.000s_R-0235_aligned.fits	235	0	59782.76939072879	2459782.769390729	2459782.7746966756	1.1335011752465352	25	521.7351774663668	19.55459632572916	7862026.464766974	1848.28445193745	1742.0927566579544	850020.0304370527	0.1081171672782263	0.0001866299800624	2717.236071556992	3166.3723937805603	848766.494556075	0.1210231045421451	0.0002131544355433	1697.5922065138718	568.865889730047	1029573.363462145	0.1506886835806487	0.0002302320537551	655.0594520119754	3304.8907657087734	771770.253419724	0.108849416779126	0.0002006362445117	3130.025330077568	1842.4226025349635	831345.8760434296	0.118245433788703	0.0002103286268462	2075.9190335624667	3252.530682575063	646607.6526082987	0.0896147083685153	0.0001905806984087	3330.6095895715157	505.25031717470847	777036.1601845175	0.109673567186386	0.0002038083847088	633.054968418558	2368.669732935018	1073280.060733992	0.1580969440980135	0.0002345728438721	2001.26144819	2779.399523447014	618191.698984603	0.0853403920675757	0.000187335626107	2300.3619279253076	1051.9237142539878	654518.9448964602	0.0908107196686239	0.0001902370877889	2513.099519166296	1964.114017965514	610935.9598777276	0.0842543558745801	0.0001870962931599
TOI_3505.01_50.000s_R-0236_aligned.fits	236	0	59782.77014455991	2459782.77014456	2459782.7754508555	1.135245338724299	25	513.3069003786496	22.208119050037688	8092967.407276454	1845.6600331373772	1743.5316165262348	875754.9131799826	0.1082118423450691	0.0001816946831551	2714.3352869631062	3168.085348095994	870345.2415565955	0.1205026680874218	0.0002070405761184	1694.7814367358608	570.6714145456563	1058917.6221803683	0.1505416729384015	0.0002241832191933	652.3339853994174	3306.825666390934	795916.4767024306	0.1090737181739555	0.0001953852298067	3127.2442120302203	1843.998004187109	862212.4987115875	0.1192423902641607	0.0002052962360176	2073.1414901907465	3254.2447833042465	663630.4810920346	0.0893256676451291	0.0001850598897131	3327.8745160433264	507.07697674346537	798407.3584438151	0.1094524348417127	0.0001981263062355	630.3022755968102	2370.454270953735	1103408.9310058192	0.1578653265083715	0.0002283789674454	1998.4064636710468	2781.1796727941555	637913.1117233299	0.0855678693183817	0.0001821309713905	2297.54474328668	1053.6907799537344	671724.9593182942	0.0905138140990272	0.0001846999526208	2510.3045984993764	1965.642750437129	630490.7265421782	0.0844881335669568	0.0001819190387939
TOI_3505.01_50.000s_R-0237_aligned.fits	237	0	59782.7708982639	2459782.770898264	2459782.776204678	1.1370138620284589	25	517.9543053974696	20.460439412822424	8105525.439098893	1847.7607650355044	1744.466176880083	879714.374092131	0.1085326769623871	0.0001820970906158	2716.6195111798625	3168.833368242551	871203.962823899	0.120426492751396	0.0002073236054307	1697.041923514885	571.3963572978619	1062331.276675439	0.1508308946448109	0.0002246907756833	654.4043005498323	3307.5272423909696	795840.3320167369	0.108874776458656	0.0001954929603625	3129.387709848867	1844.8353360408764	862620.8468190646	0.1190987449618662	0.0002055613973061	2075.2417989472756	3254.978454584854	663989.4590578637	0.0892274741180789	0.000185359836896	3330.047822919752	507.83847351463874	798193.8255253978	0.1092319149773823	0.0001982991688967	632.4298982036463	2371.124899426235	1103614.806869774	0.1576162371724572	0.0002284864905859	2000.5871489835224	2781.8854389757407	637561.2741110756	0.0853728352233082	0.0001823692704908	2299.7143432652665	1054.343470194784	676825.6916514223	0.0911095770001988	0.0001853877130658	2512.530847492602	1966.4456535271777	633343.963548221	0.0847602491481975	0.0001824212299092
TOI_3505.01_50.000s_R-0238_aligned.fits	238	0	59782.77165196743	2459782.7716519674	2459782.776958206	1.1388070269188797	25	538.8662920853055	20.528976442409164	7608983.04422111	1849.0661402138076	1742.9717241042026	828007.6156167807	0.1088197477645371	0.0001936051275757	2717.9168495405984	3167.193721583988	818919.316145818	0.1206055420009951	0.0002205451585178	1698.2824060489577	569.7034451645236	993259.1246002126	0.1501361206525574	0.0002376571132278	655.7965221577315	3305.757296547678	751870.1569254423	0.10964821044706	0.0002081814502248	3130.780471142296	1843.2649649372693	806981.9345118792	0.1186389007434866	0.0002181670699744	2076.5789646602943	3253.456475396993	628873.2250964008	0.0900950330857775	0.0001980266174303	3331.3449657483284	506.2867229481103	746176.5380367704	0.1087276083573626	0.0002104520491233	633.7547933876738	2369.5556901561577	1042762.4376353598	0.1588070977373949	0.0002428409818299	2001.917958424056	2780.3396192078435	598840.2428177521	0.0854248279646843	0.0001944722790922	2301.0409598473457	1052.7951285025952	631649.9862425507	0.0905288569420175	0.0001971246812595	2513.7463005679233	1964.914543749857	589650.0822089238	0.0840037202110288	0.0001941370826212
TOI_3505.01_50.000s_R-0239_aligned.fits	239	0	59782.77240717597	2459782.772407176	2459782.7777132667	1.1406294201306082	25	565.3913330557289	19.75685361124317	7194368.122612083	1850.0613138247256	1743.806115826906	778058.0856009973	0.1081482170971403	0.0002049475120481	2719.039069801828	3168.005487863459	772453.0785084174	0.1202839142535296	0.0002337927244629	1699.3934841296766	570.5753083310146	941186.9472152096	0.1505133020802767	0.0002516609299963	656.8322849034672	3306.576377590963	715707.0242098661	0.1104714405243972	0.0002214645456948	3131.7257061903465	1844.1831788925888	759845.7323967246	0.1180889095284185	0.0002311896839652	2077.707651364188	3254.2211258847915	591005.7080753641	0.0895007226582502	0.0002103867602396	3332.3422352924704	506.89263367021704	706324.6587154395	0.1088655867744803	0.0002233872530842	634.8427977273278	2370.37086500898	983540.2194047532	0.158358955477875	0.0002565078343253	2002.9922191917349	2781.1196274812755	565238.1160956318	0.0852658064542408	0.0002069009441017	2301.9978908900725	1053.6775392788943	597391.7870377137	0.0905553933574481	0.0002097119873302	2514.795679298341	1965.762466189184	561674.8509529626	0.0846827718316098	0.0002071240854245
TOI_3505.01_50.000s_R-0240_aligned.fits	240	0	59782.77316526603	2459782.773165266	2459782.7784713698	1.1424850956268051	25	554.1094787381422	19.811083334448995	7568370.600981912	1844.1560991244703	1743.1558348710828	818270.5772349725	0.1081171391275172	0.0001956002415542	2713.145582220082	3167.434313629088	816488.0077915646	0.1209274593451964	0.000223606353149	1693.4624395084238	569.9486518120398	992714.0608117254	0.1509680523529948	0.0002410381966351	651.0152086520985	3305.8342359277895	746216.3465363409	0.1093813359687783	0.0002108035557562	3125.858080326477	1843.5907083698116	803972.6725251656	0.1188535448429165	0.0002210824267526	2071.7564160493507	3253.5333193088436	620038.9530859881	0.0892356589331407	0.0002002243780734	3326.391748548695	506.50946789747786	747096.4349800867	0.1095244695930445	0.0002135855705762	628.8917685350946	2369.680637663985	1035177.4637745728	0.1584489302603209	0.000245440420399	1997.0186486340529	2780.552258534307	594235.3204632346	0.0852055913115354	0.0001969423922252	2296.169946529879	1053.0393058182035	625477.9579108087	0.0900889571632691	0.0001994006008854	2508.9417862376104	1965.1031234456564	586953.383102423	0.0840736722623064	0.000196833421506
TOI_3505.01_50.000s_R-0241_aligned.fits	241	0	59782.77392268507	2459782.773922685	2459782.779228662	1.1443649199436	25	599.9693535195576	19.66506151159534	6577012.026168739	1848.6750071644376	1744.0377177304836	710674.7371681745	0.1080543466152302	0.0002244444925189	2717.5371968661325	3168.344413639763	703415.0420575808	0.1197588196739425	0.0002565342436445	1697.868172117542	570.9187797610448	865589.6893294097	0.1515541380552891	0.0002756953716269	655.3589207027135	3307.073394437813	652675.4039601833	0.110168521065042	0.0002427979712076	3130.298840007809	1844.4712837251045	696013.8934831871	0.1183496198740252	0.0002539697010619	2076.2666149746974	3254.5201330505706	536071.5803815769	0.088739755869539	0.0002313637739983	3330.921820151505	507.35910616271394	648647.2637306487	0.109414195941595	0.000245655897788	633.4138772104359	2370.5590777174166	903430.6871687188	0.1592346409063645	0.0002807028538538	2001.518588641346	2781.3386558145035	514153.11811770825	0.0848037412572723	0.0002277306414846	2300.636044448061	1053.8851453640418	546425.334086187	0.0906089841646052	0.0002307715107349	2513.4877317975975	1966.0201202445296	510590.01385353855	0.0841665833364395	0.0002279921494139
TOI_3505.01_50.000s_R-0242_aligned.fits	242	0	59782.774682187475	2459782.7746821875	2459782.7799883364	1.1462770835017326	25	651.3582748473124	20.233195956386787	5366192.389538539	1848.7761852473063	1742.6981650201192	581597.1293454824	0.1083817140956991	0.0002736197202873	2717.648252448707	3166.969123255928	577950.361788946	0.1207019942683588	0.0003135148101051	1698.0563095611146	569.3705062070035	702567.7335299512	0.1506484302129175	0.0003333136533124	655.3810515696707	3305.542433913767	531435.7796901544	0.1099198620686761	0.0002965728480765	3130.5140938671443	1842.8425871599911	569748.5601453776	0.118785621266717	0.0003099922148396	2076.303742946011	3253.119340869292	440969.20592507976	0.0895328372919654	0.0002848925967763	3331.14890779197	505.42908841358576	524415.0504798442	0.1083104434087416	0.0002990273372143	633.4421058207096	2369.142666061811	736842.3160441581	0.1591675514588954	0.0003398927106252	2001.6239102578984	2780.113688739246	422084.0135156524	0.0853711086841472	0.0002804335935021	2300.81650410666	1052.3367000449944	444554.2368129138	0.090326477286169	0.0002829238987816	2513.557371229414	1964.565914943165	415625.1316064617	0.0839550520075298	0.0002801832103888
TOI_3505.01_50.000s_R-0243_aligned.fits	243	0	59782.77543959487	2459782.775439595	2459782.780745573	1.1482096432443183	25	684.6679836310072	20.33504045437201	4679134.051211057	1849.02845746998	1742.9613788683591	504943.9488243445	0.1079139736750338	0.0003130227993209	2717.8935202607104	3167.1924836120133	500028.9308927674	0.1196497614912074	0.0003572226285845	1698.2510801304163	569.7363849736735	608359.9693481787	0.1494457705375237	0.0003792334025888	655.6852184605345	3305.809960423842	468907.40378583944	0.1113734349842191	0.0003411308670579	3130.7122205090177	1843.264339164944	498467.0728168383	0.1192314708138503	0.0003554112865096	2076.633208245242	3253.4209203275295	386621.4055508815	0.0900687866212262	0.0003276834910837	3331.214446588785	506.1179639753436	457481.1525589009	0.1083654112598789	0.0003434785457399	633.676277028567	2369.542962391742	644635.9417291663	0.1597809502535496	0.0003883144253082	2001.8237252210356	2780.3310875160505	368353.4384733124	0.0854493586114961	0.0003227042786022	2300.9374938078645	1052.7867082057542	384652.92780546704	0.0895691276203425	0.00032487441882	2513.8799491135233	1964.859046613969	361625.80824970664	0.0837579890760486	0.0003222617296929
TOI_3505.01_50.000s_R-0244_aligned.fits	244	0	59782.77619409701	2459782.776194097	2459782.781499937	1.150161399978477	25	693.5781982714942	20.956791033501037	4466276.823059488	1849.5029204010689	1743.602399165119	477626.6794289157	0.1069406797543131	0.0003269616197832	2718.2630835153495	3167.8009735124733	481324.1804049893	0.120785420447146	0.0003747998445467	1698.7532031263631	570.3038213137779	584290.4584651284	0.1505132691330776	0.0003975349915066	656.0989561754313	3306.544637932716	441090.6819182541	0.1095826792728633	0.0003557204397469	3131.196366779046	1843.9448328141248	474058.3251606878	0.1187455860470052	0.0003712344559557	2076.8915570095883	3254.022884127997	368076.57270010654	0.0898141989688837	0.0003430824292061	3331.7965303051697	506.67245960697346	441912.79234978184	0.1098093485026625	0.0003605912370189	634.1671825971433	2370.076872605852	608458.223198486	0.1577207967270438	0.0004039163208934	2002.3917220897729	2780.8883410742164	348344.26757284184	0.0845920283732465	0.0003374349468367	2301.443157309814	1053.3555405037314	370403.6022838652	0.0904333660536795	0.0003412595526549	2514.264560796834	1965.5958748216835	348317.719005347	0.0845850359860124	0.0003382921104209
TOI_3505.01_50.000s_R-0245_aligned.fits	245	0	59782.7769484953	2459782.7769484953	2459782.782254858	1.152141298403108	25	691.3649230784073	28.616301970618387	4364257.223399587	1849.9330787452225	1755.203832809601	478808.2360396888	0.1097112776654158	0.0003351024126718	2718.474863354038	3178.567026702484	464572.27528144093	0.1191307199074191	0.0003813852338256	1699.053119460118	582.0706114508207	575004.8866440293	0.1517462643135457	0.0004060909055504	656.5354872419673	3316.3441060640143	414930.635001448	0.1050636420447936	0.0003594158900928	3131.525341738028	1855.1548803670976	479172.97909828625	0.1233365736666185	0.0003830289593832	2077.1988314851997	3264.515499946183	350531.1736678735	0.0873331087684233	0.0003485577682477	3332.1063829771283	518.4019292933822	439223.8508450328	0.1119032143564094	0.0003694474430272	634.4310719743149	2380.683725049409	588972.9104345881	0.1560075643606365	0.0004102827427612	2002.5844664102483	2792.020307855862	337784.035358354	0.0838907946442024	0.0003442968538893	2301.8127830879853	1064.9503530163147	369312.5881874063	0.0924449828245971	0.0003496900702015	2514.5198350737373	1977.129876572295	344751.8888811269	0.0857697303995315	0.0003462590110906
TOI_3505.01_50.000s_R-0246_aligned.fits	246	0	59782.77770231478	2459782.777702315	2459782.7830085154	1.1541447229905597	25	659.050221705568	18.9308903146694	5519864.92899905	1853.7965656701251	1742.2805124008428	599206.5731111071	0.1085545716822033	0.0002683041648358	2722.5297988726356	3166.5404331398013	598554.4413067265	0.1216250108184899	0.0003068133071839	1702.9925147092465	569.0545577465459	716634.7815052879	0.1491985100649851	0.0003257714904724	660.4690976944449	3305.1004042219647	548922.9662796273	0.1104263478423979	0.0002910038586882	3135.4443819795765	1842.6329868338405	585939.8010864602	0.1187573353660426	0.000303503411235	2081.2592200080217	3252.6562183883307	455082.4956759319	0.0898523286374104	0.0002786628275562	3336.1408836271553	505.5057763441305	537452.4743154005	0.1078699283135774	0.0002933740261885	638.5388032845245	2368.8702816164805	755776.1149632579	0.1586402236533913	0.000332746846535	2006.5867319602569	2779.6378214978545	434497.3196907404	0.0854406904420109	0.0002743494548733	2305.7961011724465	1052.1085761277377	456652.8333358827	0.090190342554882	0.0002775829175318	2518.498288026949	1964.3815028102115	430351.70083973487	0.0845565541432686	0.0002746677750487
TOI_3505.01_50.000s_R-0247_aligned.fits	247	0	59782.778458217625	2459782.7784582176	2459782.7837648145	1.156182327392847	25	628.3901899750879	19.014066726776456	5896094.722793272	1851.449120802915	1743.2080535516002	632761.1502718809	0.1073186880505391	0.0002489517889627	2720.209199998483	3167.442005613708	630311.2697536901	0.1196994284658352	0.0002835950996399	1700.694531210661	569.8785507252342	777458.368449636	0.1518877909328117	0.0003055096257169	658.2984577038661	3305.8315929333194	571128.1868984294	0.107254793630821	0.0002685891969162	3133.147018996486	1843.4880749774616	628480.5046841241	0.1193102757076471	0.0002822413939335	2078.9839441636313	3253.5910481429883	486150.42526922864	0.0898623716868441	0.0002584791432796	3333.687806842953	506.47149437569624	595470.2571666255	0.1123396424380025	0.0002752958586038	636.2216744209788	2369.7541111179635	795349.5581092886	0.1559281109779897	0.0003085548427369	2004.2812693529104	2780.5634626899146	460015.2156281643	0.0846226062407355	0.0002538678034871	2303.5060607786304	1053.045462113275	493870.6030035862	0.0914198656058003	0.0002580244000992	2516.172891494538	1965.2367189722377	457860.3338305	0.084192828238473	0.0002541347653599
TOI_3505.01_50.000s_R-0248_aligned.fits	248	0	59782.779217823874	2459782.779217824	2459782.7845243327	1.1582561920334435	25	580.6560143800707	19.0850565155592	7054942.420887444	1850.6714253547575	1743.7536731097923	762292.6739759934	0.1080508710771454	0.0002098130872637	2719.438835765417	3168.107206262744	761211.1915407325	0.1209475212400747	0.000239607841418	1699.817165155228	570.7336817443006	921956.4071794772	0.1503274922066988	0.0002576190084213	657.2475390118801	3306.760165216622	696297.8909477717	0.1095041384479434	0.0002265415278341	3132.2788355997795	1844.179697896884	751143.8168392151	0.119157331003062	0.0002374430367605	2078.1009091996825	3254.318849251938	583730.6019204103	0.0902042180429798	0.0002160310415657	3332.887823041875	507.1477084793555	693721.4037361944	0.1090547556618091	0.0002298018501711	635.2523389995212	2370.43326381	960539.9560081796	0.1576101941976372	0.0002621355806841	2003.3689893925991	2781.19288702633	554471.916192068	0.0852971974554097	0.0002121837756926	2302.616518114918	1053.7229125638637	584191.2085811563	0.090281821911206	0.0002154614496932	2515.313327349167	1965.8285253077029	547678.0279422388	0.0841640964421239	0.0002121609636532
TOI_3505.01_50.000s_R-0249_aligned.fits	249	0	59782.77997811325	2459782.7799781132	2459782.785284568	1.1603599082072562	25	552.228673972212	19.929640655564327	7821463.489550987	1846.6072852260495	1745.088669447589	844173.9422223645	0.1079304331408222	0.0001903577363074	2715.432106906011	3169.620876961614	840704.4248954123	0.1204316632487719	0.0002170159955032	1695.9178900678553	571.92223361687	1027667.8029049168	0.151265632689677	0.0002350240271737	653.2200634501512	3308.011586405765	765924.3311860634	0.1085564567065009	0.0002046944129622	3128.218317339149	1845.617630442223	827026.90535327	0.1182406753421344	0.0002147967184836	2074.018457681744	3255.7086424135377	640084.1450295118	0.0891310867065975	0.0001944926031586	3328.953423308119	508.528797032433	774123.0714655884	0.1098461299640042	0.0002084414890402	631.2416959944799	2371.8940355178725	1070717.758638111	0.1586073304072322	0.0002394349890385	1999.3483264733848	2782.6858514587752	613044.5641059172	0.0850456348953201	0.0001913422958561	2298.6416448513314	1055.0902371568	651492.7994750175	0.0908640812683872	0.0001950470226893	2511.3320426663345	1967.1866734573673	610677.6864971784	0.0846894781202006	0.0001918806335925
TOI_3505.01_50.000s_R-0250_aligned.fits	250	0	59782.780734027736	2459782.7807340277	2459782.7860405776	1.1624798203325617	25	580.8402197204072	20.257617149798747	6923807.695274014	1853.569593006985	1744.7231210625796	749201.4776846883	0.1082065693702139	0.0002131640817391	2722.3992969697365	3168.9670087947957	739000.6590801473	0.1194864536202133	0.0002424231263507	1702.795036164891	571.4986461436533	909012.892410896	0.1511294935578175	0.0002619938457256	660.2680172310559	3307.428524187493	688599.7580597701	0.1104373366523878	0.0002304819051416	3135.2020790187585	1845.0918333369325	727124.336118673	0.1173408893072416	0.0002400145979205	2080.9907508508213	3255.1891273913257	569797.201207513	0.0896752061929392	0.0002192691492864	3335.9954542270616	507.92463336112223	679627.9268447789	0.1088418258361168	0.0002329835481075	638.193634198922	2371.304591793997	957847.9814660852	0.1605522040735863	0.0002680860917261	2006.363687913466	2782.095025766373	541904.1068221002	0.0849126125632293	0.0002154028471233	2305.547141016777	1054.6619688531778	572126.0561931354	0.0900747374794315	0.0002187644002753	2518.25314972403	1966.7339180762483	538766.7770709146	0.0843795339721231	0.0002159702070332
TOI_3505.01_50.000s_R-0251_aligned.fits	251	0	59782.78149431711	2459782.781494317	2459782.786801026	1.164640452991065	25	617.181701349917	20.21122668997177	5843344.705632347	1850.6362984187092	1743.4466838995486	629169.4908490598	0.1076728350875157	0.0002495784516471	2719.4831576036936	3167.707724658375	628173.412376306	0.1204511562618516	0.0002852272045679	1699.8974775821628	570.3562691296452	761923.4734231851	0.1499429861460111	0.0003047404506395	657.2922640138061	3306.140835923502	578813.2964263442	0.109945834004178	0.000270658849199	3132.3794571109565	1843.8756125900236	619634.1796993494	0.1186195476612246	0.0002825872521697	2078.141244312518	3253.6626364726344	479968.2246678907	0.0894899372384878	0.0002587911171996	3333.0997206385728	506.86059235222774	576134.345669816	0.1093813055292355	0.0002736992164952	635.3597360384512	2369.9865343167457	800112.8263378004	0.1586508107276878	0.0003112527040647	2003.4726042818224	2780.844069831569	457140.3341666332	0.0848724449796981	0.0002546327302087	2302.7235280742975	1053.435147227748	485050.6288349629	0.0905233310981084	0.0002581547505449	2515.3340309765777	1965.562740612102	456393.9840300589	0.084722138296136	0.0002553349257867
TOI_3505.01_50.000s_R-0252_aligned.fits	252	0	59782.78225452546	2459782.7822545255	2459782.7875607163	1.1668274681277766	25	624.2702395449314	19.97716358545136	5739567.459398704	1852.0744667060064	1743.433807822375	622311.7081665101	0.1084248443055508	0.0002547385217823	2720.9092304666215	3167.758574954521	618081.822137678	0.1206840877656407	0.0002906607748663	1701.259247767101	570.283045494009	753280.9483138334	0.1510705304717722	0.0003112855881095	658.5791394534086	3306.3128181180764	567713.5777959181	0.1097698409105055	0.0002760098112092	3133.6994344769323	1843.8375427623976	603180.8482480447	0.1174329142083251	0.000286775506679	2079.579853719542	3253.89126453318	473081.85117478133	0.0898287560942038	0.0002642122180067	3334.3028812147263	506.8380009135312	566140.4851364898	0.1094323913245586	0.0002788129055117	636.6300242952108	2369.944578572024	785407.3485516789	0.1585349142899211	0.0003168693167662	2004.9235829762629	2780.8939114852888	447382.208116031	0.0845363846640853	0.0002593392122993	2303.974532100679	1053.3764817252527	478574.6401454453	0.0909666020440176	0.0002634167807172	2516.7136040678743	1965.602338315353	446723.7297788025	0.0844014583840516	0.0002600100199426
TOI_3505.01_50.000s_R-0253_aligned.fits	253	0	59782.78301410843	2459782.7830141084	2459782.788320157	1.169042500025134	25	593.4888105328343	21.22411059541752	5308434.839038189	1849.539243211224	1744.475664627165	569007.4665046826	0.1071893097980983	0.0002666613472484	2718.3196349015493	3168.9881466185993	576631.3120806469	0.1218629025477332	0.0003057351904026	1698.8340464728794	571.4194728172179	684379.7457457085	0.1480042369604224	0.0003243726041433	656.2641223918927	3307.2853880139605	526232.6472248475	0.110039815574027	0.0002898407261579	3131.254205596332	1844.9015095132208	566694.6966375888	0.1195119681001094	0.0003027966813505	2077.079390925808	3254.980976198752	437778.3773292524	0.0898807749573149	0.000277181809705	3331.960958939842	507.89278864793096	518076.6993229303	0.1081498886331127	0.0002924020524786	634.2168681177635	2371.025029830053	724121.8588336508	0.157956461951981	0.0003321488035043	2002.377205591185	2781.9665153698816	421730.8681151597	0.0863017016427743	0.0002739087368756	2301.6058008245077	1054.4915655065302	438723.9950439839	0.0900924118698055	0.0002762701805935	2514.2454190084004	1966.6442204590849	414064.6387044189	0.0846001879212533	0.0002732894633146
TOI_3505.01_50.000s_R-0254_aligned.fits	254	0	59782.78377510421	2459782.783775104	2459782.78908171	1.171292769932275	25	567.6704115553367	20.29167072694346	6870476.122417492	1847.223158451552	1741.9811200270087	743264.9210513427	0.1081824473017472	0.0002129752319381	2715.9139402798337	3166.484590741891	735505.5707955966	0.1198873840724715	0.0002422682926959	1696.5572008721251	568.9791340007728	902659.1101024948	0.1512544885742636	0.0002618628538942	653.7421392314798	3304.9544770590846	668279.3153562769	0.107748808389221	0.0002290625378954	3128.8116439134906	1842.495046984629	734629.8623091029	0.119727553652253	0.0002409149602184	2074.4896111970324	3252.625012149293	563833.6794308212	0.0894031466866867	0.0002188517682368	3329.7023622344204	505.4963022424567	688662.0185757903	0.1114012823756411	0.0002340354952497	631.8381572757069	2368.555398477368	928273.498678038	0.1562170726002391	0.0002652968757651	1999.939831801153	2779.354776075674	538097.4487334676	0.0849755639171868	0.0002153251530788	2299.191808447187	1051.9381979970412	574138.5537435669	0.0911861137496931	0.000218822563146	2511.8112280900623	1964.1194879095035	536397.0646923359	0.0846843021383095	0.000215550352949
TOI_3505.01_50.000s_R-0255_aligned.fits	255	0	59782.78453322919	2459782.784533229	2459782.7898395183	1.173561116258803	25	578.0858133468735	19.94451808394978	6245376.982673644	1850.6632021885607	1743.4785094526392	677839.0403423638	0.1085345275750162	0.0002316653648439	2719.281643999026	3167.8701959942064	672581.8845020374	0.1206902232459088	0.0002640472765865	1699.9655766432684	570.2456982839958	817520.49867802	0.1506157174731002	0.0002833244760154	657.0861054992406	3306.3771579418813	611922.4631083028	0.1086229525743143	0.0002496326548624	3132.349945077428	1843.7428619077868	667887.9080695421	0.1197470580642867	0.000262029567025	2078.054970324042	3253.864963427582	513516.4859512192	0.0895898436894716	0.0002387384941344	3333.019086838557	506.6937683582082	619677.3557290761	0.1101511628457909	0.0002536055533565	635.1756775949299	2370.0316075146447	849801.7774776283	0.1574997558479506	0.0002883806182897	2003.3645743130396	2780.8622312536554	489596.9534596517	0.085061790230804	0.0002348872513367	2302.7002731502544	1053.2211981237956	522177.2563169224	0.0912386918653511	0.000238641447447	2515.3192955458444	1965.6209599856163	480694.3993812436	0.0833861001773845	0.0002342268189721
TOI_3505.01_50.000s_R-0256_aligned.fits	256	0	59782.78529350693	2459782.785293507	2459782.790599863	1.175866506330354	25	540.6239958270121	19.68926367826686	7653486.1083022095	1847.3348366533671	1744.2557010773348	832245.849489707	0.1087407539143396	0.0001928623247822	2716.0300521112977	3168.6713205460665	822875.9473106766	0.1204688787555148	0.000219251351784	1696.785117748061	570.9460720315797	999102.3906810055	0.1501419865577218	0.0002367350395398	653.9207840012001	3307.2301188538167	748955.3867714299	0.1084730327053106	0.0002070132595189	3129.0419576699696	1844.6214861805888	819934.6012186015	0.1199865985305977	0.0002179432582453	2074.7748718963926	3254.740801947193	633929.9421632218	0.0903091202861486	0.0001973030519935	3329.7890871120826	507.351210467451	753808.6903749616	0.1092527439639947	0.0002100562400887	632.0240821453609	2370.8633305419453	1041141.408893786	0.1574541945744196	0.0002413816488375	2000.069431028784	2781.653982885996	601892.8708751483	0.0853555856966536	0.0001936317248825	2299.396020189134	1053.998803915933	638369.6381479548	0.0909991503154498	0.0001969573366578	2512.070308954883	1966.3987656888885	593475.2318654235	0.0840615180702034	0.000193333921159
TOI_3505.01_50.000s_R-0257_aligned.fits	257	0	59782.78604722209	2459782.786047222	2459782.791353831	1.1781819292732507	25	528.0308733731398	21.829483340600493	7956418.265969691	1846.578253702532	1743.2856633525423	865402.6082592397	0.1087678625394348	0.0001858597341447	2715.2953431311626	3167.7705950171403	859356.6805940024	0.1210862651050972	0.0002116816714524	1695.863385376167	570.3048480634257	1036183.69134596	0.149732452010458	0.000228228422562	653.0648934801493	3306.264836664379	783231.9038964293	0.1091888408249932	0.0001998322387776	3128.244069596355	1843.696106890019	847347.6419593978	0.119192463653062	0.0002095316475257	2074.0737486617945	3253.841411230832	659462.3226807909	0.0903749903118582	0.0001898522100507	3328.983649816895	506.6777304681773	780506.7961552923	0.108767617805558	0.0002020891817623	631.1459477568318	2369.8586958734472	1086264.9134842274	0.1581136341143305	0.0002335027491529	1999.332504261912	2780.6870355281008	627163.0693031626	0.085569822918488	0.0001863470849457	2298.542220083119	1053.2208793063685	656747.7371085301	0.0899695040360939	0.0001889555165288	2511.3506359376993	1965.4468042762671	620153.5094418984	0.0845325966310154	0.000186292758889
TOI_3505.01_50.000s_R-0258_aligned.fits	258	0	59782.78680104157	2459782.7868010416	2459782.792107612	1.1805262542328003	25	532.6036871666331	21.025062309303905	7908075.858835508	1845.141249747178	1743.639070822272	856983.1495912506	0.108368099255619	0.0001869769714833	2713.9165225772376	3168.0652231486174	856798.1413847632	0.1215096292781562	0.0002134054433129	1694.5023653363094	570.5961114620854	1030564.0416557046	0.1498454774125417	0.0002298725451109	651.5242706211297	3306.616336774978	779194.1556898698	0.109301036002049	0.0002012701638149	3126.8663153777416	1844.0925001143703	837093.1589902744	0.1183842747923279	0.0002105244324773	2072.5536146903114	3254.138684987194	653927.9089898362	0.0901453779976666	0.0001911079738189	3327.6486102734507	506.9955560813937	778544.3817587604	0.109199936105476	0.0002036823842879	629.6702884699962	2370.2288263358087	1083276.4150110192	0.1587264833095186	0.0002354673264025	1997.835491798675	2781.0731921074826	622612.4952530249	0.0854595602477736	0.000187694173521	2297.17714708044	1053.48379464733	651077.5094512983	0.0897171913380062	0.0001902055824974	2509.798807553806	1965.774006857836	614987.6506509569	0.0843247240532203	0.0001876115600512
TOI_3505.01_50.000s_R-0259_aligned.fits	259	0	59782.78755543986	2459782.78755544	2459782.792861672	1.1829011808766596	25	542.8350818726117	20.69511970437589	7660558.656147285	1848.3039464313888	1742.101257266508	830244.1108063392	0.1083790553760857	0.0001927510748575	2716.927880737257	3166.5375008711135	826121.086958406	0.1208762357685054	0.0002196510498437	1697.7994163470355	568.9690204700155	996579.287608964	0.1495471748177926	0.0002364436491797	654.7880563763925	3304.8926511629124	756155.7820447942	0.1095179113723267	0.0002077356355501	3130.0435685262873	1842.3881476619997	810853.8220499561	0.1183779216315402	0.0002170432229356	2075.592678856867	3252.63097764874	633260.9089304018	0.0901144268693042	0.0001973413135255	3330.8286432604255	505.60484529206497	751575.9818130615	0.1087824383472616	0.0002096346640993	632.8826291746776	2368.7588505016247	1051040.031836524	0.1590191497412001	0.0002425828016838	2000.948051175603	2779.4585902551166	606344.1096164577	0.0859548721713674	0.0001941816028506	2300.3618582929566	1051.9230482909838	633011.9594168526	0.0900758097717602	0.0001964857704033	2513.019228803409	1964.243050216185	595615.6858718682	0.0843058023791307	0.0001937235383811
TOI_3505.01_50.000s_R-0260_aligned.fits	260	0	59782.78830995364	2459782.7883099536	2459782.7936161715	1.1853075023669888	25	583.8335251415385	20.336639385683288	6749891.935646195	1847.728278662781	1743.2076358531813	733488.4273657585	0.1086666919054221	0.0002181698099447	2716.5519862438755	3167.487521456312	721428.1039693535	0.1196703047596597	0.0002480213261034	1697.0838904408984	570.0682440835685	889820.2870660187	0.1518446088080871	0.0002679676586074	654.2801794654729	3305.907404436369	656863.1908239392	0.1078056937417421	0.0002346380158248	3129.4509150193535	1843.5583549712	716781.551478069	0.1188079623669777	0.0002459331749991	2075.2277988818464	3253.5783903168212	552367.7720038143	0.08912716714269	0.0002242590573892	3330.324086361846	506.5741407713208	671440.8000990569	0.1104624821564217	0.0002386457487326	632.4165015319828	2369.5823977755754	922950.037222767	0.1583935541681797	0.000272778978349	2000.5479783297865	2780.396114346461	529496.7393461429	0.0851226847549963	0.0002208586276048	2299.763427524117	1053.0552206609727	561338.5490613733	0.0907059394976231	0.0002238579743932	2512.452945722994	1965.2943807217575	527404.9045756585	0.0847578953466974	0.0002208811707573
TOI_3505.01_50.000s_R-0261_aligned.fits	261	0	59782.78907094896	2459782.789070949	2459782.794377061	1.187764867853903	25	646.1878752870495	20.695262065771914	5471585.587807445	1849.8150191704408	1744.8616180424565	589254.4986293747	0.1076935541212102	0.0002679700388421	2718.3869195872876	3169.4605855828913	593992.9347727429	0.1217799387989436	0.0003070393723039	1699.1586661967387	571.760917373907	705807.8591096802	0.1480991979251496	0.0003250156269378	656.3750511062121	3307.684234106642	544855.8571668796	0.110591789474118	0.0002914928703086	3131.4873065679585	1845.2841563818115	577894.6902299479	0.1180897409184591	0.00030295086139	2077.152786456817	3255.5809986869267	453585.3301691147	0.0903916514310005	0.0002791524018417	3332.276456259738	508.30704783923966	533059.4905590652	0.1079389842358173	0.0002927382278226	634.3775900358388	2371.6028943570736	752089.7942093352	0.1593580812656996	0.0003340725127533	2002.4589939783073	2782.433685699951	432211.31817128486	0.0857668621232394	0.0002747989833071	2301.9472246518935	1054.75817557161	451423.1172227282	0.0899220134543074	0.0002774643121441	2514.6637312449484	1966.9241114837696	426665.1961966655	0.084573226746287	0.000274752713734
TOI_3505.01_50.000s_R-0262_aligned.fits	262	0	59782.789828356355	2459782.7898283564	2459782.795135025	1.1902436599788124	25	658.4576438418717	21.62039677345696	5137422.650761008	1852.4311272695531	1743.2852544600596	554067.3384014578	0.1078492808683715	0.0002847215478998	2721.03766070528	3167.576417695171	543833.053378131	0.1183895604622518	0.0003240632799889	1701.8924229951886	570.2362557917536	685663.1351055335	0.154020704104583	0.0003493476065065	658.8956532368037	3305.803402691686	492398.9683324911	0.1060056959871203	0.0003076499037092	3134.049705613039	1843.5492789797545	546996.3765692082	0.1191602574350274	0.0003222410487158	2079.8261800639675	3253.5833349330132	412526.5952810405	0.0873091366322417	0.000295768951386	3334.926806011661	506.6039664561376	520186.8090661096	0.1126619533636729	0.0003137474048591	637.0590699466335	2369.715969550601	697077.8465158867	0.1569873235631288	0.0003528110686078	2005.0694601918476	2780.541079734843	400281.0603469247	0.0844984370230604	0.000292529919827	2304.5100283676484	1053.1425323486849	435717.6040391703	0.0926722539396564	0.0002966740976607	2517.096578491909	1965.40975079871	402741.20212651184	0.0850619427084507	0.0002928064010297
TOI_3505.01_50.000s_R-0263_aligned.fits	263	0	59782.79058508063	2459782.7905850806	2459782.795891534	1.1927486873993716	25	726.7564146239988	20.024797715097204	4001454.382173205	1855.192911788325	1745.408803389185	428519.36161681823	0.1070909026292804	0.000366750791446	2723.746566804777	3169.7753850199756	434509.59903938184	0.1218156224604164	0.0004215178800554	1704.538466157671	572.3418812813675	516086.67348404904	0.1480723747446862	0.0004425082102449	661.7030355826652	3308.070452026189	395799.4599573859	0.1097718635021655	0.0004005741649471	3136.7578345928555	1845.8794945017976	425425.94601262035	0.1189660411284034	0.0004162169755814	2082.6589191926096	3255.7912060367717	332597.9340555025	0.0906543874798211	0.000386813841532	3337.544308753422	508.8364569324704	390412.83652149513	0.1081164067446459	0.0004027549080198	639.9076596524013	2371.870019366243	548359.8551643167	0.1588024454225736	0.000453732732768	2007.876163840555	2782.7523343328494	315211.62061465555	0.0855102718415061	0.000380826147729	2307.2124314616135	1055.400891771861	333022.6023907813	0.0907806448047217	0.0003842127080623	2519.8517090674886	1967.6375326445989	310027.85493301693	0.0839859205229265	0.000380024310777
TOI_3505.01_50.000s_R-0264_aligned.fits	264	0	59782.79133877298	2459782.791338773	2459782.7966453354	1.195275811014464	25	720.7545163082699	20.634548660976115	4157695.886649099	1849.525495287113	1745.7993064381385	444138.0319783604	0.1068231164776975	0.0003532299886786	2718.1877998262007	3170.3090331250933	452843.6656758236	0.1222298862859529	0.0004065809164755	1698.9412721122446	572.722773791319	534164.6787806514	0.1474155038655995	0.0004260839440099	656.0209255753224	3308.594768861944	413011.3644938064	0.1102926994384278	0.0003859111518938	3131.220462625347	1846.2349890441608	444643.7379950513	0.1197515467581653	0.0004016128297826	2077.022013606052	3256.3357380538964	346691.18144646054	0.0909710714796996	0.0003725571848182	3331.9873096342417	509.1449109323221	402661.6417523909	0.1072324819140144	0.0003872010048705	634.1412243632894	2372.4411350120936	568509.4245658428	0.1583950654477465	0.000437112158978	2002.217412704885	2783.3008796887416	330201.5821865371	0.0862709532451943	0.000367056402703	2301.626841897751	1055.7647224201671	341341.63688100013	0.0894418113574603	0.0003689505669007	2514.228928165646	1968.03696293108	323626.9728715343	0.0844082305637738	0.0003659422287928
TOI_3505.01_50.000s_R-0265_aligned.fits	265	0	59782.7920926041	2459782.792092604	2459782.7973991074	1.197834115221134	25	731.97511916093	21.81098535360864	4159506.932883173	1848.5926074034	1743.9438990025783	446229.55450747977	0.1072794352089647	0.000355475998127	2717.285674749326	3168.2661085220766	444065.3677571293	0.1195188674006409	0.0004073726985911	1698.0871441014726	570.8732365870069	541322.1248161276	0.1496115189056138	0.0004301952200992	654.8108957868603	3306.7068193653777	414966.8405651129	0.1108191741400817	0.0003889270853261	3130.4289786839045	1844.179440217678	438885.4558574625	0.1179602543735006	0.0004026807289301	2075.9392124420247	3254.356182958394	340753.87076042895	0.0892317112987172	0.0003739383139112	3331.472091910499	507.4071351925645	407455.49789274135	0.1085953924013252	0.0003902184196408	633.0624533713632	2370.5222418333287	572631.3072270057	0.1596462679472615	0.0004407907710052	2001.1773429104876	2781.336501315599	327343.58693810436	0.0854200506052219	0.00036911154382	2300.765000679615	1053.8076677391691	347402.0995540272	0.0911313079631752	0.000372282836117	2513.198837526631	1966.0486515422972	324680.7815150337	0.0846663626196453	0.0003688923646158
TOI_3505.01_50.000s_R-0266_aligned.fits	266	0	59782.792846307624	2459782.7928463076	2459782.798152912	1.2004240838971127	25	865.2910998393107	21.40865442149483	2477103.132910845	1846.7392901896703	1745.65266579505	266580.0643440394	0.1076176687204707	0.0006116932409211	2715.346033017579	3170.216341278968	263768.49378439994	0.1191724419442076	0.0006992272282814	1696.1347318861751	572.4464270097596	326110.62314233254	0.1516093717952687	0.0007368213364142	653.1468676021185	3308.589484498193	247181.49235346215	0.1108476135922326	0.0006713159654451	3128.39180823647	1846.11606308589	262513.0274517541	0.1185379754044076	0.0006937869817124	2074.074796942083	3256.2372397096856	200904.97261776144	0.0882633929340725	0.0006486261366294	3329.4602911418187	509.111300786828	243948.7656396567	0.1092395443928719	0.0006735555075671	631.3596116897029	2372.2722375903772	337421.94144712714	0.1576972975194977	0.0007467077088045	1999.1166944806537	2783.155247572957	192697.74205207615	0.0843535665005746	0.0006413859239238	2298.8635705232887	1055.5317692325698	210297.5876092047	0.0927726632948662	0.0006489428509111	2511.3716817226527	1967.8274066397453	192258.48681307	0.0841451024433644	0.0006414554812168
TOI_3505.01_50.000s_R-0267_aligned.fits	267	0	59782.79360011546	2459782.7936001155	2459782.7989072786	1.2030478536410154	25	795.6568025179846	21.5254997105661	3303598.7330610836	1848.808188862374	1748.111051086622	357129.4389482967	0.1081031528963519	0.0004528067471318	2717.551695765221	3172.3945365114505	356134.9438159852	0.1208275891685163	0.0005181976055546	1698.296525558092	574.9481959929726	426495.6802992548	0.1482378880693366	0.0005436204319378	655.3609936575215	3310.6947451717897	327095.04515811754	0.1098923701951015	0.0004945532469341	3130.444040084109	1848.380485559975	349710.44747082726	0.1183898691012774	0.0005121668904136	2076.243001161231	3258.391264391017	275427.1104498566	0.0909549209144073	0.000479093596068	3331.5518547115457	511.42231652113105	320563.04288458405	0.1074620206322831	0.000496079284918	633.5657726168614	2374.51875886526	455455.8090596576	0.1599132561858154	0.0005580826947481	2001.5581806203395	2785.2905331024813	263043.9014022199	0.0865118098392288	0.0004731341051201	2300.8742146224195	1057.9067012204268	272636.08110843226	0.0899503268154065	0.0004749607807292	2513.5589756178515	1970.1759038782336	257036.67141214875	0.0843694191061478	0.0004715185622214
TOI_3505.01_50.000s_R-0268_aligned.fits	268	0	59782.79435381945	2459782.7943538195	2459782.7996603507	1.205699204668864	25	809.9438154580258	21.574814789321017	2940549.517750123	1850.621808172672	1741.0389274179363	321999.5106847922	0.1095031757639507	0.0005086984471072	2719.2572284463968	3165.4952097143805	312411.99954281305	0.1188720138799714	0.0005787926122697	1700.0144529124966	568.1411001328638	380520.6238472727	0.1486391910472371	0.0006094026173213	657.1840615309376	3303.8474217291377	293585.0453039247	0.1109138593887539	0.0005562407408896	3132.3438829331817	1841.4547063152368	309933.59063576045	0.1178178796232486	0.0005744925305339	2077.9660990425637	3251.625650424267	242363.65115758617	0.0898246685517111	0.0005375450132544	3333.217138695048	504.46704904573744	287670.5135968409	0.1084371029159155	0.0005584905029247	635.3077779294342	2367.480234480433	408829.13401531987	0.1614827358668312	0.0006266322762548	2003.2507129177664	2778.440520728784	233524.93691999817	0.0862662786934821	0.0005316858270249	2302.715659677184	1051.0647471985922	244446.9421812934	0.0906667811515737	0.0005349276371153	2515.2652893998675	1963.246986037572	227263.0805493137	0.0837593397561711	0.0005291978847868
TOI_3505.01_50.000s_R-0269_aligned.fits	269	0	59782.79510681704	2459782.795106817	2459782.8004136644	1.208383765383003	25	799.5240855155414	20.494553584475177	3232440.297463027	1847.8087941810368	1739.602775763074	344526.89390831883	0.1065841476418667	0.0004616500111169	2716.3912926139315	3164.177106014271	344118.9410589391	0.1191415007530054	0.0005295200950698	1697.135091896729	566.6170715790654	427524.3569481282	0.1524196681878629	0.0005595021586874	654.2596715009353	3302.5396035349218	307127.6531889702	0.1049896850478991	0.0005014609116046	3129.541201766653	1840.1629603296817	347122.3301121774	0.1203064390268527	0.0005260604951088	2075.2725167383496	3250.130210174759	264018.11088509136	0.0889422374212401	0.0004894422901491	3330.3439755958266	503.21227523837024	326083.8090719469	0.1121967695203359	0.0005108039189334	632.4610813877094	2366.326443179793	436750.6148387934	0.1562228517540002	0.0005657148759679	2000.408745219948	2777.205924074559	251874.85907331784	0.0845057302984083	0.000482625321209	2299.7753555455283	1049.780102573077	274284.3559057184	0.092721398507924	0.0004876007578566	2512.4770021911	1961.8834623301848	253535.26637994405	0.0851102212841484	0.0004832310098831
TOI_3505.01_50.000s_R-0270_aligned.fits	270	0	59782.79585994175	2459782.7958599417	2459782.801166833	1.2111004596935746	25	896.8768502750112	20.747375556178483	2069033.3611015875	1850.9431177702384	1737.8533453393757	223789.3231514669	0.1081612927847223	0.0007367883694197	2719.56289109384	3162.495128804486	222825.3618122528	0.1206935306845304	0.000844235471558	1700.3727903885813	564.8991394801883	266402.95734269614	0.1477856785213352	0.0008789740814926	657.2207374929438	3300.9276028226423	205663.959101293	0.1103720812848576	0.0008084473805204	3132.601619147139	1838.3780350464424	218723.4495390751	0.1182090892840605	0.0008353617551573	2078.2349411678074	3248.503527365212	173556.96287154453	0.0915637688939881	0.0007877695944502	3333.684598341745	501.2608543729657	197721.0267749473	0.1056590196879634	0.00080817770169	635.560222416832	2364.5838028303865	287816.01987115294	0.16158388603624	0.000905328317409	2003.6060470437717	2775.4789331519237	163044.16774494317	0.0855430703978995	0.0007758605064885	2303.280006970489	1048.1494970926235	172511.74429401755	0.0909621819045796	0.0007811042074797	2515.7623267848267	1960.3140936962488	160767.71174966497	0.0842480772025972	0.0007745867312137
TOI_3505.01_50.000s_R-0271_aligned.fits	271	0	59782.79661434004	2459782.79661434	2459782.8019205416	1.213852082871899	25	826.6725994779815	21.58446454360486	2765227.003037503	1846.1487706113544	1740.4434890978137	295654.82109529665	0.106918824664496	0.0005408205498938	2714.820283662999	3164.6231847817544	298859.8883433817	0.1211741295782101	0.0006203236799099	1695.5068019140656	567.3423616299724	356224.43381476915	0.1478721684924169	0.000647767623321	652.4776927954554	3303.0941204505525	272031.7655110257	0.1091096924206028	0.0005915565982163	3127.757715729532	1840.7875418947144	298984.7997941002	0.1212309153581508	0.0006172532211422	2073.4902046730363	3250.7513145042326	230819.81723242067	0.0910744802671076	0.0005755807062971	3328.9086802714933	503.8409851474358	271887.90541609377	0.1090456992694932	0.0005951142072817	630.5865573885992	2366.775788933112	373693.1757713838	0.1562566966483476	0.0006601170550071	1998.820836497981	2777.6196109123566	217970.71109518383	0.0855707813087697	0.0005673423385	2298.380007256404	1050.242447477959	229828.35616440815	0.0906478184201349	0.0005701685324911	2510.724448045043	1962.5664156803732	214926.149894736	0.0842748217842142	0.000566455293489
TOI_3505.01_50.000s_R-0272_aligned.fits	272	0	59782.79736817116	2459782.797368171	2459782.8026749203	1.2166394932424782	25	766.0976528237825	20.972643824254742	3621651.5560834454	1848.560324487348	1745.390728536594	391052.52184442594	0.107976296390954	0.0004103229582398	2717.082823220525	3169.790614760778	388765.06230610097	0.1202532359408211	0.0004699006953777	1698.113130266705	572.0157269332694	472183.9985834863	0.1499250238215837	0.0004946504034338	654.8082240396521	3308.1522213507856	356744.9638823704	0.1092665146177632	0.0004477237112863	3130.3898704543267	1845.751739085784	386805.0290622853	0.1195744607452764	0.0004660998568502	2075.872767751035	3255.86689207737	300246.98218332464	0.0903975940006499	0.0004337017282699	3331.489172103585	508.7648831003271	355956.3602363565	0.1089986477271419	0.0004506296417795	633.123905501805	2371.8348539129074	493296.0939142739	0.1576854356481047	0.0005042436337431	2001.074448643784	2782.773846054999	283775.22539009014	0.0850166984260748	0.0004269430550132	2300.80227745656	1055.2123270357945	301604.84278125176	0.090843553969537	0.0004301500202692	2513.32577355718	1967.4331729163905	282272.99774390575	0.0845286009994213	0.0004267966457812
TOI_3505.01_50.000s_R-0273_aligned.fits	273	0	59782.798121874686	2459782.7981218747	2459782.803428186	1.2194563823448563	25	793.763058258707	22.33174694242496	3188424.0116571374	1849.4445009301592	1741.8204017390976	343672.61675543594	0.1077876140371986	0.0004670630193383	2718.2080627281907	3166.2666211461574	344225.74444020214	0.121027337794221	0.0005354203982439	1698.7855193207283	568.9111215846551	417028.86101360386	0.1504761458923558	0.0005629578091281	655.8699164445884	3304.7391650282043	311085.3521446383	0.1081156544142582	0.0005095414214073	3131.2211291277986	1842.367621726276	338728.7406721711	0.1188648990371147	0.0005296862643214	2076.6778090191397	3252.5119495868703	262660.83455731184	0.089775152210944	0.0004948193191227	3331.970739030977	505.4464490245473	318135.0799881951	0.1108373015963986	0.0005157535117203	633.95393196973	2368.407697821937	433450.534264256	0.1573338320027836	0.0005723468198496	2001.9477464522615	2779.4086413449054	249317.25899071083	0.0848275615591453	0.0004876516795304	2301.5525025599695	1051.7552897592163	266053.680542391	0.0910403714784854	0.0004912898276847	2514.122742910428	1964.066996027805	247737.92504365745	0.0842449407202639	0.0004871626232962
TOI_3505.01_50.000s_R-0274_aligned.fits	274	0	59782.79887569416	2459782.798875694	2459782.8041823604	1.2223106105800936	25	783.3808482026218	20.46413934430632	3426851.902413283	1853.572050864073	1743.2318695381978	367048.82003078866	0.1071096243675727	0.0004345892003179	2722.1652935758384	3167.709122663643	365977.9036632024	0.1195664714760068	0.0004969686670763	1703.0520132897436	570.1634645656172	449879.2656156111	0.1511197180836523	0.0005253368434826	659.9506028502743	3306.0030482271677	337028.6254819392	0.1090769909069553	0.0004745812842207	3135.1899319165977	1843.822829845736	365821.4551191171	0.1195092506977477	0.0004942695303597	2080.909388567852	3253.7888751402033	280858.4405438376	0.0892749600238975	0.0004591589229584	3335.9498298203603	506.84307942253736	340243.54288482876	0.1102321717734246	0.0004793248925259	638.1299642161614	2369.807025003128	465832.656947888	0.1573217255042431	0.0005332613250078	2006.2430758921648	2780.6606724365884	268735.05335995206	0.0850934484708846	0.0004536341327587	2305.661946100655	1053.161816132278	287168.3110449037	0.0914640926985086	0.0004575169075298	2518.2389940087114	1965.4875371706744	265306.6477520033	0.0839167642344653	0.0004525518676308
TOI_3505.01_50.000s_R-0275_aligned.fits	275	0	59782.79962870339	2459782.7996287034	2459782.8049353827	1.2251946808584813	25	830.9634298148276	21.20819534829121	2910244.4385741036	1851.787172035478	1741.64440239744	315181.5725687742	0.1083007215446136	0.0005182098487543	2720.4697300817575	3166.1182420649893	308114.3677919004	0.1184085189482019	0.0005907326675136	1701.3064737785555	568.6104187423589	389105.7389316105	0.1543372996443183	0.0006281475495499	658.4299817161744	3304.457693374028	283061.9366217749	0.1077435375773948	0.000564312534045	3133.548872359066	1842.0124691018743	313123.29762518825	0.1205655341555541	0.0005896402142544	2079.0627613514916	3252.237978353285	232845.21011508396	0.0869669370335549	0.0005464627965989	3334.4456856031693	505.0091081322876	294523.25885955733	0.1125973445272552	0.0005739166820237	636.5264104162005	2368.259806054058	394477.22893273435	0.1568019598240047	0.0006326236302552	2004.5143064260544	2779.1258145548254	223125.41128113307	0.0830351796905371	0.0005401466947481	2304.078936703842	1051.475244069149	247810.7201656587	0.0930767659875475	0.0005478247040262	2516.6796688706772	1963.8864656453693	224057.26824946213	0.0834108921093475	0.0005403878633248
TOI_3505.01_50.000s_R-0276_aligned.fits	276	0	59782.80038309004	2459782.80038309	2459782.805689197	1.2281163433876647	25	876.3276165308869	21.461162043148754	2435882.321757906	1850.4548151829165	1745.271373657276	263621.42340358393	0.1082242032173935	0.0006255666328693	2719.083844171439	3169.5837961291013	264361.25404595817	0.1217401286023469	0.0007206052010085	1700.1138843713547	572.0629715028731	314764.2871124889	0.1483954603050214	0.0007474806468407	656.8759795018202	3307.84517612826	240963.11341199817	0.1097822245555854	0.0006852460860083	3132.3702334837276	1845.507349192127	259631.27993504168	0.119302081857969	0.0007114967383198	2077.823098819301	3255.6220190368635	202418.0843953723	0.0906296510189055	0.0006665610490142	3333.113627442474	508.5398128306615	236076.28324771463	0.107316862993792	0.0006872896898821	635.0612221808724	2371.5766772049233	331534.63644274464	0.1575474617413765	0.0007630665445932	2003.0641050764184	2782.548132463349	192413.94752033544	0.0857662847980757	0.0006576003625356	2302.571713138288	1055.0856248640653	204411.97108555865	0.0916041618137426	0.00066250711813	2515.3019625701704	1967.3302015708816	189307.46456069336	0.0842649262072086	0.0006571347447591
TOI_3505.01_50.000s_R-0277_aligned.fits	277	0	59782.80113692116	2459782.801136921	2459782.806443451	1.2310746461270887	25	873.1614801496636	21.594022995596134	2514698.9898937866	1848.5729823635077	1745.7223582442434	267643.2217171143	0.1064315143851148	0.0006045551278383	2717.269739601274	3170.2626168952465	277936.6985264558	0.1242584871888883	0.0007015509381078	1697.8688297937388	572.7001122427905	321151.7590449508	0.1464074967379093	0.000721872620539	654.6297520884418	3308.5762228823387	247169.5631508187	0.1090039054116479	0.0006619225674663	3130.299446165405	1846.1724351795049	270898.4419945623	0.1207319617816268	0.0006907475669509	2075.95695127353	3256.2586836214805	211602.71582319587	0.091877494747191	0.0006464230260676	3331.4175522136047	509.16479757870457	243824.02239079375	0.1073700780007706	0.00066594192781	632.8544916064657	2372.285718271016	339856.79568579025	0.1562673358972395	0.000737359788802	2001.1227348107116	2783.331973007369	198149.2797752265	0.0855363815029401	0.0006360424049478	2300.6657796759955	1055.8128868246272	208256.07625910873	0.0902931848119848	0.0006401102795119	2513.2032060582683	1968.0756907867549	195853.63724288368	0.0844617072108685	0.0006361135197559
TOI_3505.01_50.000s_R-0278_aligned.fits	278	0	59782.801890728995	2459782.801890729	2459782.8071970316	1.234065544209585	25	763.6560540309446	21.997732579177892	3874126.6359630455	1849.1003937498483	1742.2934987915082	415173.07270287536	0.1071655915552358	0.000385158039233	2717.6670055815034	3166.890737099319	415209.9682759847	0.1200404658935108	0.0004432864598166	1698.5197119863765	569.3522758737181	504291.3130971191	0.1496486518718775	0.0004651764521624	655.3972886033315	3305.0377143684004	381490.04587561777	0.1092269510542087	0.000420065756198	3130.677045305451	1842.6958841261792	413561.44131586025	0.1195069065468145	0.0004388445000673	2076.324524471876	3252.7460456563717	320489.101026949	0.0901862100105019	0.0004069733510426	3331.7425811873263	505.6970263190651	382647.34414579393	0.1095946194046114	0.0004243640236607	633.7808907224023	2368.791891827194	527017.3901224812	0.1574544932399213	0.0004742842102666	2001.6379270452344	2779.789430438399	304261.71617856994	0.085230596399412	0.0004011853372127	2301.1600141660524	1052.253904998628	322122.6059965668	0.0906875677164158	0.0004042383030774	2513.723720823232	1964.455978966156	303035.7099281028	0.0848580213174717	0.0004014441817284
TOI_3505.01_50.000s_R-0279_aligned.fits	279	0	59782.80264444416	2459782.802644444	2459782.807950425	1.237091248825923	25	779.4317209153239	23.873699334183357	3477140.2284430945	1850.8932783601847	1742.772606648182	373982.2137275837	0.1075545388329179	0.0004284383402096	2719.6830289259224	3167.1464894325327	374939.0704384972	0.1208622688670731	0.000492664918444	1700.287806098076	569.7592716346394	452594.7566031788	0.1496405859383072	0.0005163354474013	657.443600294405	3305.5818816230803	342410.9218851123	0.1092314163040409	0.0004672794146487	3132.7960313415565	1843.2565751517416	372422.24853896257	0.1199536482699992	0.0004878679359995	2078.3431636693645	3253.109115724473	287753.82195920404	0.090222314039532	0.0004532835948696	3333.827072144029	506.27098259328386	336880.7869174271	0.1072780110020962	0.0004698771361472	635.5356416450833	2369.207609653059	473918.1437263221	0.1578032294508171	0.0005263257758787	2003.671526931891	2780.0078182500565	272673.92423569295	0.0850918369394858	0.0004464256702435	2303.269017797797	1052.757717182274	291268.1034397064	0.0914249197743292	0.0004511286675023	2515.7222520694536	1964.9270723394295	272278.45069899154	0.084957938775958	0.0004473221796743
TOI_3505.01_50.000s_R-0280_aligned.fits	280	0	59782.80339815933	2459782.8033981593	2459782.808704688	1.240156401862152	25	775.8467030741801	23.541241683127105	3657646.919812251	1853.103191261526	1743.2988072562905	394040.8682231214	0.1077307014213793	0.0004086660964322	2721.730399664007	3167.7813279524116	395948.8415615005	0.1213934680839153	0.0004715475676351	1702.5146662355	570.3540978444089	476711.5649546392	0.149865216288238	0.0004932078744983	659.0933002200319	3306.2272458567804	363311.1422597731	0.110283579693171	0.0004467801255974	3134.7354968905056	1843.8077045554471	386851.5032892995	0.1182744421540573	0.0004637608569579	2080.2032934410986	3253.780134648362	301895.68266381347	0.0899636657574029	0.0004318810016162	3335.732790730476	506.95728703126	351007.2369125299	0.1061522483770345	0.0004471255605641	637.4061384213171	2369.7952615872873	502266.24558746535	0.1591777022944663	0.0005040744744265	2005.5633882306145	2780.684140495112	289870.6417414965	0.0860718224155763	0.0004265525176489	2305.261064345762	1053.3476741131035	306166.8373233678	0.0913527247030517	0.0004299255131074	2517.790797272896	1965.618791349174	283617.2235183662	0.0840588996089448	0.0004253013706439
TOI_3505.01_50.000s_R-0281_aligned.fits	281	0	59782.804152661934	2459782.804152662	2459782.8094587056	1.243256868314417	25	826.4860897266932	22.756398353091683	3087261.599424255	1853.9728443305744	1743.827283520186	331272.25658012927	0.1073029433728287	0.0004889211109999	2722.7747114221493	3168.2721864621662	329118.1721234843	0.1193259816968882	0.0005628472135207	1703.490101903768	570.7188055008241	404678.02022277215	0.1508538348479832	0.0005897994024441	660.0948112225688	3306.4591092674264	305640.0762473529	0.1098783834179856	0.0005355879097184	3135.811636701695	1844.1612879246009	329295.9541240516	0.1193981348843843	0.0005561679823141	2081.471308224246	3254.2598477571437	248888.5072476228	0.0876870302687236	0.0005164036147518	3336.88619330153	507.219150427532	305056.1891582869	0.1096454589703083	0.0005390490180348	638.4804498718812	2370.1955213360316	425404.1847312737	0.1598147903727367	0.0006027841656916	2006.5372707947604	2781.1848590837853	240182.80536554105	0.0843611374110034	0.0005109831437545	2306.310094447502	1053.6388512356416	258680.8181828428	0.0914525121214012	0.0005161196831517	2518.6603382538096	1966.003542500181	240316.8720210269	0.0844122015112763	0.0005116730781539
