tic_id,gaia_id,separation_arcsec,tmag,delta_tmag,flux_ratio_to_target,eclipse_fraction_needed_simple,valid_measurement_fraction,night_robust_scatter_ppt,night_standard_deviation_ppt,maximum_absolute_deviation_ppt,points_beyond_five_robust_sigma,observed_phase_min,observed_phase_max,historical_schedule_timezone_assumption,historical_window_points,outside_window_points,historical_window_depth_ppt,historical_window_depth_error_ppt,historical_window_three_sigma_upper_ppt,required_eclipse_depth_ppt_simple,target_aperture_overlap,sufficient_schedule_window_measurements,predicted_transit_covered,transit_relevant_clearance,interpretation
390988375,1824561377897561088.0000000000,8.4252241340,16.9521000000,6.0149000000,0.0039268110,0.7410593463,1.0000000000,348.3376260564,424.4506988501,2319.4706066502,2,0.2490448065,0.3207177306,America/New_York,90,173,228.1681964489,44.7215881561,362.3329609172,741.0593462708,True,True,True,False,"not cleared because of aperture overlap, incomplete/noisy measurements, or an insufficient depth limit"
390988378,1824561377892708864.0000000000,11.9857095289,14.9568000000,4.0196000000,0.0246694803,0.1179595179,0.9822064057,242.6322146389,1075.5610308899,9993.5368220441,14,0.2490448065,0.3207177306,America/New_York,90,173,-189.4162889673,30.1478448920,-98.9727542913,117.9595179169,True,True,True,False,"not cleared because of aperture overlap, incomplete/noisy measurements, or an insufficient depth limit"
390988347,1824561377892708608.0000000000,17.7001883052,14.1089000000,3.1717000000,0.0538666541,0.0540222899,1.0000000000,81.5735689852,97.4232480533,505.3677806152,2,0.2490448065,0.3207177306,America/New_York,90,173,-59.1975246512,9.3405874075,-31.1757624289,54.0222898806,False,True,True,True,inconsistent with the required eclipse at the three-sigma screening level
390988410,1824561176081216512.0000000000,19.9866091504,16.6888000000,5.7516000000,0.0050044920,0.5814775996,0.4199288256,878.9339432120,6874.7888620454,73559.1032636001,1,0.2490448065,0.3207177306,America/New_York,35,81,22.9974766533,183.1085053929,572.3229928322,581.4775996387,False,False,True,False,"not cleared because of aperture overlap, incomplete/noisy measurements, or an insufficient depth limit"
390988435,1824561171761118464.0000000000,20.6216765528,16.6913000000,5.7541000000,0.0049929820,0.5828180439,0.9323843416,317.5467942415,330.7436590547,1109.3705881957,0,0.2490448065,0.3207177306,America/New_York,86,163,42.1564672588,40.3683453433,163.2615032889,582.8180439428,False,True,True,True,inconsistent with the required eclipse at the three-sigma screening level
390988436,1824561176040155392.0000000000,24.0220776229,15.6386000000,4.7014000000,0.0131655801,0.2210308984,0.9964412811,159.4742831693,180.8524346584,654.0516070819,0,0.2490448065,0.3207177306,America/New_York,90,173,-94.8981382021,20.0476649955,-34.7551432156,221.0308984342,False,True,True,True,inconsistent with the required eclipse at the three-sigma screening level
390988374,1824562649203014400.0000000000,24.6033067395,15.9991000000,5.0619000000,0.0094458273,0.3080725398,0.9252669039,344.0449753244,478.8991295781,2610.8105810030,3,0.2490448065,0.3207177306,America/New_York,88,165,-108.3972417112,44.6578746063,25.5763821077,308.0725397998,False,True,True,True,inconsistent with the required eclipse at the three-sigma screening level
390988358,1824561382239665664.0000000000,26.6122722117,15.3027000000,4.3655000000,0.0179390731,0.1622157388,1.0000000000,119.3946697595,171.0333758033,929.5883719652,4,0.2490448065,0.3207177306,America/New_York,90,173,-48.3251175492,14.3973655138,-5.1330210079,162.2157388492,False,True,True,True,inconsistent with the required eclipse at the three-sigma screening level
390988400,1824561377892682240.0000000000,26.9022518958,16.7168000000,5.7796000000,0.0048770814,0.5966683328,0.0960854093,440.4747709966,1290.0428203134,3519.2909711121,4,0.2490448065,0.3207177306,America/New_York,7,14,,,,596.6683328034,False,False,True,False,"not cleared because of aperture overlap, incomplete/noisy measurements, or an insufficient depth limit"
1845606942,1824561382239660544.0000000000,28.4944014325,16.5280000000,5.5908000000,0.0058033665,0.5014330888,0.5907473310,723.5372035365,873.5707859551,3695.9188288659,1,0.2490448065,0.3207177306,America/New_York,56,100,-164.6922063840,113.2522025266,175.0644011957,501.4330887905,False,False,True,False,"not cleared because of aperture overlap, incomplete/noisy measurements, or an insufficient depth limit"
390988325,1824561382239665152.0000000000,28.9193618210,15.1972000000,4.2600000000,0.0197696964,0.1471949766,0.9964412811,121.7828119311,157.0282629547,629.9852361973,2,0.2490448065,0.3207177306,America/New_York,90,173,-57.5684478113,15.4845310735,-11.1148545907,147.1949766429,False,True,True,True,inconsistent with the required eclipse at the three-sigma screening level
390988426,1824561171761230848.0000000000,29.2089515948,16.9634000000,6.0262000000,0.0038861539,0.7488123336,0.9679715302,298.6389073299,377.4844313471,3678.2555448551,1,0.2490448065,0.3207177306,America/New_York,90,170,-50.7600471537,38.8527325783,65.7981505812,748.8123335716,False,True,True,True,inconsistent with the required eclipse at the three-sigma screening level
390988448,1824561176081224192.0000000000,31.4980095486,16.4960000000,5.5588000000,0.0059769552,0.4868699709,0.9679715302,417.2427942844,478.1188718583,1987.0540135531,0,0.2490448065,0.3207177306,America/New_York,90,167,-22.0264758259,55.6657210400,144.9706872942,486.8699708665,False,True,True,True,inconsistent with the required eclipse at the three-sigma screening level
390988407,1824561171734246400.0000000000,32.0347704523,17.1646000000,6.2274000000,0.0032287915,0.9012660026,0.3701067616,721.5140193451,1236.6518383608,6803.6243042329,3,0.2490448065,0.3207177306,America/New_York,32,59,-254.8620435230,182.6638457208,293.1294936393,901.2660025827,False,False,True,False,"not cleared because of aperture overlap, incomplete/noisy measurements, or an insufficient depth limit"
390988312,1824561382239666176.0000000000,33.3310326175,15.7605000000,4.8233000000,0.0117673860,0.2472936638,1.0000000000,196.0452191206,237.9772841456,1969.3510970345,1,0.2490448065,0.3207177306,America/New_York,90,173,-107.6303467310,22.7092671622,-39.5025452442,247.2936638277,False,True,True,True,inconsistent with the required eclipse at the three-sigma screening level
390988462,1824561171761065984.0000000000,35.1444888037,16.6701000000,5.7329000000,0.0050914326,0.5715483680,0.9857651246,339.8590654871,519.5949546459,5885.7342506819,1,0.2490448065,0.3207177306,America/New_York,89,170,106.9262089850,44.1112928266,239.2600874650,571.5483679766,False,True,True,True,inconsistent with the required eclipse at the three-sigma screening level
390988315,1824562855388388352.0000000000,35.2010284117,16.7519000000,5.8147000000,0.0047219350,0.6162727844,0.8398576512,563.0095479117,572.3450330862,2183.0177760262,0,0.2490448065,0.3207177306,America/New_York,82,143,-110.4937394497,84.8214096456,143.9704894870,616.2727843666,False,True,True,True,inconsistent with the required eclipse at the three-sigma screening level
390988392,1824562653508866048.0000000000,35.4339837005,17.2419000000,6.3047000000,0.0030069070,0.9677718579,0.9715302491,304.1241416286,335.1876679892,973.3275687380,0,0.2490448065,0.3207177306,America/New_York,89,166,-11.6978293359,34.3937486721,91.4834166805,967.7718578923,False,True,True,True,inconsistent with the required eclipse at the three-sigma screening level
390988472,1824561176081216000.0000000000,36.7690128137,16.7682000000,5.8310000000,0.0046515747,0.6255945966,0.8896797153,613.9972922215,550.1859517235,2035.1763824167,0,0.2490448065,0.3207177306,America/New_York,85,153,-177.4131183201,74.0165147148,44.6364258245,625.5945966233,False,True,True,True,inconsistent with the required eclipse at the three-sigma screening level
390988304,1824562859708413696.0000000000,37.0468972222,15.1023000000,4.1651000000,0.0215754568,0.1348754756,0.9750889680,159.3456521066,216.0001889083,982.3280469851,3,0.2490448065,0.3207177306,America/New_York,90,173,-36.4922610662,20.8065148940,25.9272836158,134.8754755616,False,True,True,True,inconsistent with the required eclipse at the three-sigma screening level
390988341,1824561382239671808.0000000000,37.1243552082,14.8425000000,3.9053000000,0.0274081675,0.1061727311,0.9964412811,128.8614177364,152.5931753160,696.0148699820,1,0.2490448065,0.3207177306,America/New_York,90,173,-102.6158084414,16.1029930120,-54.3068294053,106.1727311125,False,True,True,True,inconsistent with the required eclipse at the three-sigma screening level
390988440,1824561176081209856.0000000000,38.7119724594,16.8513000000,5.9141000000,0.0043088364,0.6753563521,0.8434163701,589.3044775736,578.6135635471,4125.7084013107,1,0.2490448065,0.3207177306,America/New_York,83,144,-43.2913770396,77.3677019482,188.8117288049,675.3563520796,False,True,True,True,inconsistent with the required eclipse at the three-sigma screening level
390988463,1824561137401295872.0000000000,39.7535368821,17.2093000000,6.2721000000,0.0030985606,0.9391457316,0.9786476868,335.2659561187,330.3735013172,1088.5547619611,0,0.2490448065,0.3207177306,America/New_York,89,171,70.3176465536,43.1164232066,199.6669161734,939.1457316022,False,True,True,True,inconsistent with the required eclipse at the three-sigma screening level
390988452,1824561347837928448.0000000000,40.6960549446,15.8825000000,4.9453000000,0.0105167125,0.2767024401,1.0000000000,117.4561063808,145.4242781319,590.2678763897,1,0.2490448065,0.3207177306,America/New_York,90,173,-49.2888945200,15.2370276105,-3.5778116886,276.7024401019,False,True,True,True,inconsistent with the required eclipse at the three-sigma screening level
390988307,1824561377892732416.0000000000,41.1147764248,15.9580000000,5.0208000000,0.0098102483,0.2966285774,0.5943060498,812.5042809723,794.6433101089,3181.7878514403,0,0.2490448065,0.3207177306,America/New_York,61,94,-24.7967323147,133.5353017294,375.8091728734,296.6285774345,False,False,True,False,"not cleared because of aperture overlap, incomplete/noisy measurements, or an insufficient depth limit"
390988399,1824561382239669248.0000000000,41.8182207101,14.8650000000,3.9278000000,0.0268460256,0.1083959333,1.0000000000,80.3973709755,102.2370421923,614.3841285369,2,0.2490448065,0.3207177306,America/New_York,90,173,-40.7856342906,9.2686107530,-12.9798020317,108.3959332858,False,True,True,True,inconsistent with the required eclipse at the three-sigma screening level
390988366,1824561382239672832.0000000000,41.9118652442,16.3578000000,5.4206000000,0.0067882839,0.4286797700,0.0427046263,503.6681234555,6375.9421969026,21033.4123502631,2,0.2490448065,0.3207177306,America/New_York,6,5,,,,428.6797699584,False,False,True,False,"not cleared because of aperture overlap, incomplete/noisy measurements, or an insufficient depth limit"
390988316,1824562859708399104.0000000000,43.5186599354,16.2777000000,5.3405000000,0.0073080246,0.3981924204,0.9964412811,215.5402341376,227.9785175102,1006.3380210155,0,0.2490448065,0.3207177306,America/New_York,90,173,-144.5284623580,21.7509165213,-79.2757127941,398.1924204176,False,True,True,True,inconsistent with the required eclipse at the three-sigma screening level
390988286,1824562859708410880.0000000000,49.7280217462,10.8678000000,-0.0694000000,1.0660068613,0.0027298136,1.0000000000,48.2783457590,65.0735096926,410.7325809685,2,0.2490448065,0.3207177306,America/New_York,90,173,-44.2105824990,4.9846456177,-29.2566456459,2.7298135741,False,True,True,True,inconsistent with the required eclipse at the three-sigma screening level
390988425,1824562653508845312.0000000000,50.0958094540,16.1064000000,5.1692000000,0.0085569698,0.3400736549,0.9750889680,292.2451963165,334.8955461167,1044.0182073418,0,0.2490448065,0.3207177306,America/New_York,90,172,-247.3148052342,33.2381373165,-147.6003932845,340.0736549196,False,True,True,True,inconsistent with the required eclipse at the three-sigma screening level
390988421,1824561347879932672.0000000000,50.4662006498,16.4740000000,5.5368000000,0.0060993001,0.4771039246,0.1352313167,890.5094922702,1743.4368929003,5280.3368919250,1,0.2490448065,0.3207177306,America/New_York,12,20,49.2646741476,299.5787552878,948.0009400109,477.1039245535,False,False,True,False,"not cleared because of aperture overlap, incomplete/noisy measurements, or an insufficient depth limit"
390988342,1824561377892720128.0000000000,51.2307866831,14.0626000000,3.1254000000,0.0562134189,0.0517669990,1.0000000000,60.6645104109,93.8399100742,500.2943302487,5,0.2490448065,0.3207177306,America/New_York,90,173,29.6272255655,6.5413036325,49.2511364630,51.7669989867,False,True,True,True,inconsistent with the required eclipse at the three-sigma screening level
390988456,1824561343532915712.0000000000,51.4493896646,16.5677000000,5.6305000000,0.0055949988,0.5201073474,0.6832740214,870.0109170493,1155.6769440306,8440.1731560357,2,0.2490448065,0.3207177306,America/New_York,69,118,113.4726295823,126.8837573448,494.1239016168,520.1073474243,False,False,True,False,"not cleared because of aperture overlap, incomplete/noisy measurements, or an insufficient depth limit"
390988350,1824561377897559552.0000000000,51.9359240363,16.8097000000,5.8725000000,0.0044771330,0.6499695168,1.0000000000,77.4453022511,90.2539133698,299.0539663590,0,0.2490448065,0.3207177306,America/New_York,90,173,14.1929012506,9.6937915371,43.2742758619,649.9695168437,False,True,True,True,inconsistent with the required eclipse at the three-sigma screening level
390988287,1824562924080974848.0000000000,52.0024087882,16.6299000000,5.6927000000,0.0052834792,0.5507734399,0.9679715302,395.4588052409,394.3094551879,1501.1664487289,0,0.2490448065,0.3207177306,America/New_York,88,170,56.8037957965,53.9403603055,218.6248767129,550.7734398988,False,True,True,True,inconsistent with the required eclipse at the three-sigma screening level
1845610104,1824562859708412672.0000000000,52.1156654498,14.8503000000,3.9131000000,0.0272119710,0.1069382294,1.0000000000,164.9845564886,183.5372728345,811.7332351875,0,0.2490448065,0.3207177306,America/New_York,90,173,-131.3653903829,18.2159695249,-76.7174818082,106.9382293685,False,True,True,True,inconsistent with the required eclipse at the three-sigma screening level
390988444,1824561176081203456.0000000000,55.7991726445,14.2982000000,3.3610000000,0.0452480638,0.0643121441,1.0000000000,59.1646647483,78.4182263879,454.8820250794,3,0.2490448065,0.3207177306,America/New_York,90,173,-46.0766733942,6.0401357607,-27.9562661120,64.3121441349,False,True,True,True,inconsistent with the required eclipse at the three-sigma screening level
390988453,1824561176081202432.0000000000,56.8683435446,16.0546000000,5.1174000000,0.0089751145,0.3242298452,1.0000000000,77.0804182951,105.8232873284,636.2798078660,2,0.2490448065,0.3207177306,America/New_York,90,173,-39.9355855841,9.4650337062,-11.5404844655,324.2298452276,False,True,True,True,inconsistent with the required eclipse at the three-sigma screening level
390988278,1824562928427903488.0000000000,57.7099049939,15.7065000000,4.7693000000,0.0123674454,0.2352951574,1.0000000000,108.4379435237,135.4119631872,431.4957096617,0,0.2490448065,0.3207177306,America/New_York,90,173,4.3311615299,13.7594799523,45.6096013867,235.2951573539,False,True,True,True,inconsistent with the required eclipse at the three-sigma screening level
390988513,1824561137401387008.0000000000,57.7804250859,17.1785000000,6.2413000000,0.0031877188,0.9128785215,0.6227758007,757.2730201314,727.3984049283,2240.2474358012,0,0.2490448065,0.3207177306,America/New_York,64,107,-39.9388056470,132.1503858575,356.5123519254,912.8785215176,False,False,True,False,"not cleared because of aperture overlap, incomplete/noisy measurements, or an insufficient depth limit"
1845606364,1824561141721193984.0000000000,58.4117512545,17.2154000000,6.2782000000,0.0030812008,0.9444369913,0.7758007117,760.3775376746,635.9122351780,2353.1630800700,0,0.2490448065,0.3207177306,America/New_York,75,133,-245.2764754771,108.4378863360,80.0371835310,944.4369912727,False,False,True,False,"not cleared because of aperture overlap, incomplete/noisy measurements, or an insufficient depth limit"
1845606859,1824561347879635968.0000000000,58.9460822233,16.6235000000,5.6863000000,0.0053147152,0.5475363909,1.0000000000,85.1395156997,145.0788907560,781.2085183034,10,0.2490448065,0.3207177306,America/New_York,90,173,-4.0082868095,11.7324557087,31.1890803165,547.5363909116,False,True,True,True,inconsistent with the required eclipse at the three-sigma screening level
1845607076,1824561450959157760.0000000000,59.5249872949,17.1039000000,6.1667000000,0.0034144440,0.8522617333,1.0000000000,108.6214974136,129.6778776019,465.1172224977,0,0.2490448065,0.3207177306,America/New_York,90,173,26.3240727381,13.5431417528,66.9534979966,852.2617333065,False,True,True,True,inconsistent with the required eclipse at the three-sigma screening level
390988270,1824562859708405248.0000000000,60.1245323857,16.8389000000,5.9017000000,0.0043583289,0.6676871053,0.8967971530,394.3863693744,641.4726866137,3924.8659841409,5,0.2490448065,0.3207177306,America/New_York,84,163,75.3405684637,49.1958292362,222.9280561723,667.6871052676,False,True,True,True,inconsistent with the required eclipse at the three-sigma screening level
390988256,1824562859708412928.0000000000,60.2586044757,13.1511000000,2.2139000000,0.1301487496,0.0223590316,1.0000000000,88.4134260166,102.4517091582,735.3840223420,1,0.2490448065,0.3207177306,America/New_York,90,173,-57.1076687283,9.6075885366,-28.2849031184,22.3590315613,False,True,True,True,inconsistent with the required eclipse at the three-sigma screening level
1845610061,1824562859667367936.0000000000,60.8099449189,15.6184000000,4.6812000000,0.0134128170,0.2169566613,1.0000000000,71.6023472605,112.9489894441,736.1200794951,5,0.2490448065,0.3207177306,America/New_York,90,173,-30.3829431737,8.9282254483,-3.5982668288,216.9566613065,False,True,True,True,inconsistent with the required eclipse at the three-sigma screening level
390988455,1824561347879636992.0000000000,61.9340621658,14.2213000000,3.2841000000,0.0485690937,0.0599146448,1.0000000000,62.0438254511,80.2471342020,473.3557019628,3,0.2490448065,0.3207177306,America/New_York,90,173,-45.6594054821,7.0202057523,-24.5987882252,59.9146448015,False,True,True,True,inconsistent with the required eclipse at the three-sigma screening level
390988249,1824562859667386880.0000000000,62.1976708850,16.0874000000,5.1502000000,0.0087080317,0.3341742554,0.9750889680,276.9229364444,335.0388423555,1716.7906624601,2,0.2490448065,0.3207177306,America/New_York,90,173,-151.8544212879,27.5979241003,-69.0606489869,334.1742553590,False,True,True,True,inconsistent with the required eclipse at the three-sigma screening level
390988485,1824561107361724672.0000000000,62.4681142833,17.1040000000,6.1668000000,0.0034141296,0.8523402331,0.4270462633,806.9411045860,1290.6767607003,9815.3177806666,1,0.2490448065,0.3207177306,America/New_York,42,72,283.2578498530,160.1551724758,763.7233672805,852.3402331280,False,False,True,False,"not cleared because of aperture overlap, incomplete/noisy measurements, or an insufficient depth limit"
390988391,1824561347879940096.0000000000,62.4737446215,15.9032000000,4.9660000000,0.0103181064,0.2820284944,1.0000000000,165.2284104669,208.9312134474,914.7268613587,3,0.2490448065,0.3207177306,America/New_York,90,173,-18.9433248563,22.0245864593,47.1304345216,282.0284944287,False,True,True,True,inconsistent with the required eclipse at the three-sigma screening level
1845606794,1824561343565266432.0000000000,62.5770313129,17.1704000000,6.2332000000,0.0032115893,0.9060934459,1.0000000000,109.8126866068,180.8452424751,824.8916525235,8,0.2490448065,0.3207177306,America/New_York,90,173,-15.6461691936,14.2367829799,27.0641797461,906.0934458541,False,True,True,True,inconsistent with the required eclipse at the three-sigma screening level
390988332,1824561450959158784.0000000000,62.8612610734,12.7434000000,1.8062000000,0.1894610762,0.0153593554,1.0000000000,52.8455028600,67.7387466128,435.3695336113,2,0.2490448065,0.3207177306,America/New_York,90,173,-40.6003624937,5.5619289816,-23.9145755488,15.3593553766,False,True,True,True,inconsistent with the required eclipse at the three-sigma screening level
390988405,1824562653549952000.0000000000,62.9432470318,16.4755000000,5.5383000000,0.0060908794,0.4777635235,0.6975088968,712.0060477081,756.8414611338,3868.4045211014,1,0.2490448065,0.3207177306,America/New_York,75,113,-191.6535866926,106.6285784882,128.2321487722,477.7635235141,False,False,True,False,"not cleared because of aperture overlap, incomplete/noisy measurements, or an insufficient depth limit"
390988269,1824561450918154752.0000000000,62.9530448084,17.2307000000,6.2935000000,0.0030380856,0.9578400430,0.9822064057,365.6024627476,505.0418853710,1904.9608661136,1,0.2490448065,0.3207177306,America/New_York,90,170,-103.2112609552,50.3216882547,47.7538038088,957.8400429860,False,True,True,True,inconsistent with the required eclipse at the three-sigma screening level
390988377,1824562649203014144.0000000000,63.3896721484,14.7330000000,3.7958000000,0.0303165655,0.0959871261,1.0000000000,84.9563048581,99.8251884111,588.3322921512,2,0.2490448065,0.3207177306,America/New_York,90,173,-74.1441137988,9.4249176507,-45.8693608467,95.9871261219,False,True,True,True,inconsistent with the required eclipse at the three-sigma screening level
390988251,1824562928427901440.0000000000,63.7401424301,17.0213000000,6.0841000000,0.0036843425,0.7898288425,0.2846975089,740.8365950259,1122.3686610539,6015.5996230554,2,0.2490448065,0.3207177306,America/New_York,24,47,294.6515724191,198.4745882821,890.0753372654,789.8288424785,False,False,True,False,"not cleared because of aperture overlap, incomplete/noisy measurements, or an insufficient depth limit"
390988367,1824561416599419904.0000000000,64.5736790133,15.4390000000,4.5018000000,0.0158226784,0.1839132373,0.8469750890,369.0324115560,390.5287091238,988.8653368350,0,0.2490448065,0.3207177306,America/New_York,87,149,-128.4065188567,48.8555199357,18.1600409506,183.9132372728,False,True,True,True,inconsistent with the required eclipse at the three-sigma screening level
390988259,1824562928427905536.0000000000,64.7036963219,16.7166000000,5.7794000000,0.0048779798,0.5965584326,1.0000000000,74.6109384611,124.3436490361,962.3261966940,3,0.2490448065,0.3207177306,America/New_York,90,173,-43.2568680847,8.4526411818,-17.8989445393,596.5584325572,False,True,True,True,inconsistent with the required eclipse at the three-sigma screening level
390988274,1824562859708401152.0000000000,65.1659689652,16.2072000000,5.2700000000,0.0077983011,0.3731581996,0.9893238434,200.4590438803,235.6755946026,913.7755913015,0,0.2490448065,0.3207177306,America/New_York,90,172,-87.3456144755,23.0780849215,-18.1113597111,373.1581995529,False,True,True,True,inconsistent with the required eclipse at the three-sigma screening level
390988255,1824562859667348480.0000000000,65.2319403429,16.8102000000,5.8730000000,0.0044750717,0.6502689078,0.5338078292,895.9020328453,1309.3498566273,7060.0660508717,4,0.2490448065,0.3207177306,America/New_York,54,95,34.6004618071,150.5523091760,486.2573893351,650.2689077998,False,False,True,False,"not cleared because of aperture overlap, incomplete/noisy measurements, or an insufficient depth limit"
390988308,1824562653549962240.0000000000,65.2766263214,16.9886000000,6.0514000000,0.0037969948,0.7663955758,0.9786476868,370.0810688063,481.2959150378,2622.4344164362,5,0.2490448065,0.3207177306,America/New_York,90,170,-188.0498165863,48.3812465362,-42.9060769778,766.3955757576,False,True,True,True,inconsistent with the required eclipse at the three-sigma screening level
1845609658,1824562653549954048.0000000000,65.3441727206,15.1873000000,4.2501000000,0.0199507855,0.1458589185,1.0000000000,48.8380661508,80.4177638132,447.2296896773,8,0.2490448065,0.3207177306,America/New_York,90,173,-32.5311302019,6.1494858794,-14.0826725639,145.8589184697,False,True,True,True,inconsistent with the required eclipse at the three-sigma screening level
390988408,1824561347879643136.0000000000,65.8654972945,14.5484000000,3.6112000000,0.0359351945,0.0809791081,1.0000000000,93.1264775395,122.6868621310,477.0562391486,1,0.2490448065,0.3207177306,America/New_York,90,173,-29.5815990753,11.3013868181,4.3225613788,80.9791080675,False,True,True,True,inconsistent with the required eclipse at the three-sigma screening level
390988514,1824561107361725952.0000000000,66.1043286855,15.1282000000,4.1910000000,0.0210668693,0.1381315830,1.0000000000,95.8932522724,110.2296126741,505.3253816424,1,0.2490448065,0.3207177306,America/New_York,90,173,-60.2624943644,11.0875588185,-26.9998179088,138.1315830295,False,True,True,True,inconsistent with the required eclipse at the three-sigma screening level
390988534,1824561141721187840.0000000000,66.6028769667,14.3590000000,3.4218000000,0.0427838635,0.0680162978,1.0000000000,64.2535228034,78.1921296060,460.3045114960,2,0.2490448065,0.3207177306,America/New_York,90,173,-55.6265809037,7.5929294874,-32.8477924416,68.0162977781,False,True,True,True,inconsistent with the required eclipse at the three-sigma screening level
390988254,1824562928427905792.0000000000,67.9880428423,15.4622000000,4.5250000000,0.0154881662,0.1878853806,0.9395017794,96.8713974205,159.3323355025,984.5110882409,5,0.2490448065,0.3207177306,America/New_York,86,160,-77.2089744009,8.7784061237,-50.8737560298,187.8853806491,False,True,True,True,inconsistent with the required eclipse at the three-sigma screening level
390988478,1824561107361722112.0000000000,68.0969477213,15.5652000000,4.6280000000,0.0140863995,0.2065822432,0.9893238434,173.4272537753,219.5247776924,986.7970410899,1,0.2490448065,0.3207177306,America/New_York,90,173,-66.4563955099,22.0885273967,-0.1908133197,206.5822432139,False,True,True,True,inconsistent with the required eclipse at the three-sigma screening level
390988535,1824561137374437376.0000000000,68.3424329796,16.8587000000,5.9215000000,0.0042795687,0.6799750678,0.7864768683,697.1120116722,756.8533398876,4059.3958862846,1,0.2490448065,0.3207177306,America/New_York,74,139,-167.9426680840,103.6907062145,143.1294505594,679.9750677668,False,False,True,False,"not cleared because of aperture overlap, incomplete/noisy measurements, or an insufficient depth limit"
390988471,1824561347879636736.0000000000,69.1777283779,14.8352000000,3.8980000000,0.0275930686,0.1054612681,1.0000000000,122.5264363264,161.6245593867,601.3036866748,0,0.2490448065,0.3207177306,America/New_York,90,173,-53.0820416434,14.5398007360,-9.4626394353,105.4612680668,False,True,True,True,inconsistent with the required eclipse at the three-sigma screening level
390988387,1824561412252425728.0000000000,70.0655115116,16.2054000000,5.2682000000,0.0078112403,0.3725400676,0.9786476868,305.2131930363,494.1544487033,3836.3222202632,2,0.2490448065,0.3207177306,America/New_York,90,172,121.7892869217,41.7008324254,246.8917841979,372.5400675575,False,True,True,True,inconsistent with the required eclipse at the three-sigma screening level
390988318,1824562653549958144.0000000000,70.7850192198,15.9951000000,5.0579000000,0.0094806912,0.3069396468,1.0000000000,132.5880816747,171.8731894447,710.4841637174,2,0.2490448065,0.3207177306,America/New_York,90,173,-56.4455236175,16.4770008836,-7.0145209669,306.9396467670,False,True,True,True,inconsistent with the required eclipse at the three-sigma screening level
390988429,1824562580483505664.0000000000,71.2541659464,17.0198000000,6.0826000000,0.0036894362,0.7887384070,0.0213523132,459.9769855823,424.7911564993,529.8209998228,0,0.2490448065,0.3207177306,America/New_York,0,3,,,,788.7384070268,False,False,True,False,"not cleared because of aperture overlap, incomplete/noisy measurements, or an insufficient depth limit"
390988537,1824561137401287168.0000000000,72.2430397491,16.1120000000,5.1748000000,0.0085129484,0.3418322149,1.0000000000,127.0772995820,144.7305098505,541.0382178612,0,0.2490448065,0.3207177306,America/New_York,90,173,-88.3773949562,14.5305130830,-44.7858557072,341.8322148665,False,True,True,True,inconsistent with the required eclipse at the three-sigma screening level
390988281,1824562894068134912.0000000000,73.6965854038,16.9805000000,6.0433000000,0.0038254277,0.7606992516,0.8149466192,705.8071110825,760.3862900112,2811.0470579201,0,0.2490448065,0.3207177306,America/New_York,81,140,-18.5646376321,101.3903652088,285.6064579942,760.6992516058,False,True,True,True,inconsistent with the required eclipse at the three-sigma screening level
390988390,1824562653549950720.0000000000,73.8032378436,15.1531000000,4.2159000000,0.0205892250,0.1413360628,0.9964412811,132.4734774998,167.6795641271,726.1977916889,1,0.2490448065,0.3207177306,America/New_York,90,173,31.5578923016,17.6592002400,84.5354930217,141.3360627948,False,True,True,True,inconsistent with the required eclipse at the three-sigma screening level
390988507,1824561141721202688.0000000000,74.1499797056,14.1789000000,3.2417000000,0.0505033283,0.0576199648,1.0000000000,62.0031232300,78.9341555550,369.6254839633,3,0.2490448065,0.3207177306,America/New_York,90,173,-47.6458916210,6.7153539930,-27.4998296420,57.6199648467,False,True,True,True,inconsistent with the required eclipse at the three-sigma screening level
1845606334,1824561141679478784.0000000000,74.6061671593,16.4934000000,5.5562000000,0.0059912853,0.4857054638,1.0000000000,120.8220022790,143.6785598669,589.8048604287,0,0.2490448065,0.3207177306,America/New_York,90,173,-33.6892430284,16.1605721682,14.7924734762,485.7054638202,False,True,True,True,inconsistent with the required eclipse at the three-sigma screening level
390988451,1824562584830469376.0000000000,75.0151487963,16.9976000000,6.0604000000,0.0037656504,0.7727748669,0.5587188612,794.4992574975,1218.2400057857,9998.3992116206,2,0.2490448065,0.3207177306,America/New_York,57,93,229.9486899543,122.9795019415,598.8871957788,772.7748668797,False,False,True,False,"not cleared because of aperture overlap, incomplete/noisy measurements, or an insufficient depth limit"
390988551,1824561141679465984.0000000000,75.0553441037,15.5787000000,4.6415000000,0.0139123341,0.2091669140,0.9964412811,153.8360079601,176.4733647445,608.4517052886,0,0.2490448065,0.3207177306,America/New_York,90,173,-93.8001728895,18.5120326041,-38.2640750771,209.1669140060,False,True,True,True,inconsistent with the required eclipse at the three-sigma screening level
390988486,1824561347879635200.0000000000,75.9784877800,11.4965000000,0.5593000000,0.5974203336,0.0048709423,1.0000000000,50.8282257288,67.6300196691,418.9798624282,3,0.2490448065,0.3207177306,America/New_York,90,173,-38.1761028042,5.0544843517,-23.0126497492,4.8709423441,False,True,True,True,inconsistent with the required eclipse at the three-sigma screening level
390988261,1824561446638819072.0000000000,77.3784382091,16.0097000000,5.0725000000,0.0093540567,0.3110949699,0.9964412811,111.3533941822,154.2773750757,576.7474878564,2,0.2490448065,0.3207177306,America/New_York,90,173,-51.4219466595,14.9667129650,-6.5218077644,311.0949698538,False,True,True,True,inconsistent with the required eclipse at the three-sigma screening level
390988521,1824561107320588032.0000000000,78.4289572274,16.5219000000,5.5847000000,0.0058360634,0.4986237826,0.9501779359,445.5354085973,446.2123030418,1252.4292467791,0,0.2490448065,0.3207177306,America/New_York,89,167,-63.8963874428,59.0186785101,113.1596480876,498.6237826062,False,True,True,True,inconsistent with the required eclipse at the three-sigma screening level
390988560,1824561137374429184.0000000000,79.2495693759,16.3535000000,5.4163000000,0.0068152219,0.4269853642,1.0000000000,128.4913386457,157.8753710153,654.6875501787,1,0.2490448065,0.3207177306,America/New_York,90,173,-22.1932986950,16.8841667656,28.4592016018,426.9853642401,False,True,True,True,inconsistent with the required eclipse at the three-sigma screening level
390988340,1824562653549953024.0000000000,79.7412874876,16.7247000000,5.7875000000,0.0048417237,0.6010256253,0.6512455516,895.1248151754,1251.8990394317,5218.9161251367,1,0.2490448065,0.3207177306,America/New_York,64,108,-251.1622606542,130.6835483665,140.8883844452,601.0256253409,False,False,True,False,"not cleared because of aperture overlap, incomplete/noisy measurements, or an insufficient depth limit"
390988397,1824561416599123200.0000000000,79.7716492292,13.6674000000,2.7302000000,0.0808946872,0.0359726961,1.0000000000,44.0955425168,100.5803984240,1195.5643050650,7,0.2490448065,0.3207177306,America/New_York,90,173,-26.2520590161,5.7943773682,-8.8689269114,35.9726961185,False,True,True,True,inconsistent with the required eclipse at the three-sigma screening level
390988363,1824562653549950976.0000000000,80.4983623325,16.4479000000,5.5107000000,0.0062476976,0.4657715836,0.1779359431,999.7354902188,879.6512856398,2629.2355962274,0,0.2490448065,0.3207177306,America/New_York,22,23,31.8641717850,295.6385729789,918.7798907218,465.7715835817,False,False,True,False,"not cleared because of aperture overlap, incomplete/noisy measurements, or an insufficient depth limit"
390988279,1824561450959165952.0000000000,80.7564375898,16.8214000000,5.8842000000,0.0044291460,0.6570115268,0.9003558719,552.1323126959,587.0607170954,2888.4736198641,1,0.2490448065,0.3207177306,America/New_York,89,151,-194.7472329525,69.1407876186,12.6751299034,657.0115267568,False,True,True,True,inconsistent with the required eclipse at the three-sigma screening level
390988531,1824561141679495680.0000000000,81.0985302413,16.8320000000,5.8948000000,0.0043861149,0.6634573183,0.7971530249,494.8927586813,487.3936806854,1622.7696058869,0,0.2490448065,0.3207177306,America/New_York,79,141,52.7621058647,65.2117321828,248.3973024131,663.4573183407,False,False,True,False,"not cleared because of aperture overlap, incomplete/noisy measurements, or an insufficient depth limit"
390988214,1824562928427908352.0000000000,81.2288833002,17.1007000000,6.1635000000,0.0034245223,0.8497535527,0.8825622776,638.3859222453,602.9327580822,2564.8617071389,0,0.2490448065,0.3207177306,America/New_York,83,154,135.5411577018,85.6309727774,392.4340760340,849.7535527057,False,True,True,True,inconsistent with the required eclipse at the three-sigma screening level
390988495,1824561107361716736.0000000000,81.5137172217,16.7164000000,5.7792000000,0.0048788785,0.5964485526,0.3807829181,759.5604191642,972.1302097791,5339.0878569482,1,0.2490448065,0.3207177306,America/New_York,36,57,489.7074313215,149.2322202881,937.4040921858,596.4485525536,False,False,True,False,"not cleared because of aperture overlap, incomplete/noisy measurements, or an insufficient depth limit"
390988219,1824562928427910144.0000000000,82.1947991740,16.8730000000,5.9358000000,0.0042235730,0.6889901117,0.2170818505,817.9584584336,1023.9164584222,3251.1708746268,0,0.2490448065,0.3207177306,America/New_York,25,34,-163.6843708057,222.2596665973,503.0946289860,688.9901116583,False,False,True,False,"not cleared because of aperture overlap, incomplete/noisy measurements, or an insufficient depth limit"
390988240,1824562894068139008.0000000000,82.7398239718,15.9077000000,4.9705000000,0.0102754299,0.2831998304,0.9572953737,218.4639480658,247.9260662792,977.0455802244,0,0.2490448065,0.3207177306,America/New_York,89,172,-61.0861234818,25.7197843031,16.0732294274,283.1998304354,False,True,True,True,inconsistent with the required eclipse at the three-sigma screening level
390988227,1824562894027076608.0000000000,84.2185665466,16.9351000000,5.9979000000,0.0039887792,0.7295465180,1.0000000000,149.4496297731,176.6421099918,963.0802541270,2,0.2490448065,0.3207177306,America/New_York,90,173,9.9217152616,18.5911765543,65.6952449245,729.5465179982,False,True,True,True,inconsistent with the required eclipse at the three-sigma screening level
390988419,1824561416599122944.0000000000,84.3633540457,14.0222000000,3.0850000000,0.0583445104,0.0498761576,1.0000000000,62.0365484570,84.1250928115,512.2557594082,2,0.2490448065,0.3207177306,America/New_York,90,173,-27.9691439418,7.0156119814,-6.9223079977,49.8761576485,False,True,True,True,inconsistent with the required eclipse at the three-sigma screening level
1845606800,1824561347837931776.0000000000,84.4666894961,16.4054000000,5.4682000000,0.0064971067,0.4478916737,1.0000000000,91.7833933281,120.6338350916,515.0566083196,1,0.2490448065,0.3207177306,America/New_York,90,173,-40.6116959119,11.3650355608,-6.5165892296,447.8916736944,False,True,True,True,inconsistent with the required eclipse at the three-sigma screening level
390988573,1824561137374418432.0000000000,84.9246398333,17.2729000000,6.3357000000,0.0029222677,0.9958019881,0.9110320285,458.2855979480,549.2396975174,2718.7097086688,1,0.2490448065,0.3207177306,America/New_York,87,158,-99.7264899459,62.0831319899,86.5229060236,995.8019880652,False,True,True,True,inconsistent with the required eclipse at the three-sigma screening level
390988402,1824561412252426240.0000000000,85.5411612312,16.7657000000,5.8285000000,0.0046622977,0.6241557690,1.0000000000,245.7101594781,363.7203358744,3705.4290452874,1,0.2490448065,0.3207177306,America/New_York,90,173,-122.4880165960,31.6793533239,-27.4499566244,624.1557689781,False,True,True,True,inconsistent with the required eclipse at the three-sigma screening level
1845609734,1824562687909689344.0000000000,85.6998960018,16.2244000000,5.2872000000,0.0076757355,0.3791167642,1.0000000000,133.6518258116,160.1678119711,640.2467266721,0,0.2490448065,0.3207177306,America/New_York,90,173,-40.2437626320,16.1493781555,8.2043718344,379.1167642228,False,True,True,True,inconsistent with the required eclipse at the three-sigma screening level
390988395,1824562580483544576.0000000000,86.3974510295,16.6778000000,5.7406000000,0.0050554521,0.5756161746,0.9893238434,403.6695199908,458.3026285007,1637.3717625802,0,0.2490448065,0.3207177306,America/New_York,90,172,-214.8438899144,49.5786398320,-66.1079704185,575.6161746487,False,True,True,True,inconsistent with the required eclipse at the three-sigma screening level
390988204,1824562894068150784.0000000000,86.8798079679,16.1312000000,5.1940000000,0.0083637299,0.3479308908,1.0000000000,192.9484337604,203.9822098945,1226.1894081832,1,0.2490448065,0.3207177306,America/New_York,90,173,45.4111329247,23.8138704617,116.8527443097,347.9308907965,False,True,True,True,inconsistent with the required eclipse at the three-sigma screening level
390988522,1824561244800418560.0000000000,87.1338592689,14.5258000000,3.5886000000,0.0366910381,0.0793109202,1.0000000000,90.6245794728,112.6711698122,546.2609652611,1,0.2490448065,0.3207177306,America/New_York,90,173,-63.9092935997,10.7629838579,-31.6203420260,79.3109202373,False,True,True,True,inconsistent with the required eclipse at the three-sigma screening level
1845606973,1824561416558458368.0000000000,87.9421210816,17.1908000000,6.2536000000,0.0031518098,0.9232790666,1.0000000000,56.4237000424,74.0290757340,466.0432442683,2,0.2490448065,0.3207177306,America/New_York,90,173,-26.0871917733,6.2681820329,-7.2826456747,923.2790666477,False,True,True,True,inconsistent with the required eclipse at the three-sigma screening level
390988319,1824561412252469504.0000000000,88.4879704705,12.7074000000,1.7702000000,0.1958483874,0.0148584323,1.0000000000,49.2306806090,64.6765363369,408.6988171096,2,0.2490448065,0.3207177306,America/New_York,90,173,-37.8266357340,5.1013402530,-22.5226149751,14.8584322716,False,True,True,True,inconsistent with the required eclipse at the three-sigma screening level
1845609731,1824562687909686528.0000000000,89.1153307725,17.2505000000,6.3133000000,0.0029831837,0.9754679145,0.6619217082,755.1311442025,778.9073820192,2792.4096579828,0,0.2490448065,0.3207177306,America/New_York,56,121,77.2776644344,116.8865270099,427.9372454640,975.4679145377,False,False,True,False,"not cleared because of aperture overlap, incomplete/noisy measurements, or an insufficient depth limit"
390988576,1824561141679471104.0000000000,89.5412522349,17.0674000000,6.1302000000,0.0035311812,0.8240868592,0.9750889680,324.7803595232,347.9101337064,1638.5281477909,1,0.2490448065,0.3207177306,America/New_York,89,168,-111.2648348196,44.8483638043,23.2802565935,824.0868592063,False,True,True,True,inconsistent with the required eclipse at the three-sigma screening level
390988211,1824562894068142336.0000000000,89.7566421687,13.1740000000,2.2368000000,0.1274324404,0.0228356295,1.0000000000,55.6877134445,72.1900574450,408.2119390625,2,0.2490448065,0.3207177306,America/New_York,90,173,-43.5622577645,6.3340456790,-24.5601207276,22.8356295457,False,True,True,True,inconsistent with the required eclipse at the three-sigma screening level
1845609524,1824562584830466304.0000000000,90.1326524267,16.3862000000,5.4490000000,0.0066130225,0.4400408440,1.0000000000,93.7864663092,97.7633021449,357.6417053483,0,0.2490448065,0.3207177306,America/New_York,90,173,-33.8932752964,11.7918066433,1.4821446335,440.0408439984,False,True,True,True,inconsistent with the required eclipse at the three-sigma screening level
390988404,1824562584789327616.0000000000,90.6084679816,15.9414000000,5.0042000000,0.0099613913,0.2921278679,1.0000000000,79.0729918319,94.2543500633,357.6738387238,0,0.2490448065,0.3207177306,America/New_York,90,173,-33.9968583711,9.7567087542,-4.7267321085,292.1278678837,False,True,True,True,inconsistent with the required eclipse at the three-sigma screening level
390988450,1824561347879644672.0000000000,90.7490626750,16.4830000000,5.5458000000,0.0060489501,0.4810752220,0.6868327402,813.7145321073,870.4323759473,4707.0142996198,1,0.2490448065,0.3207177306,America/New_York,70,118,-347.2660272208,145.0040665208,87.7461723417,481.0752220486,False,False,True,False,"not cleared because of aperture overlap, incomplete/noisy measurements, or an insufficient depth limit"
390988383,1824561416599127040.0000000000,92.0599425794,15.2858000000,4.3486000000,0.0182204878,0.1597103234,0.8469750890,402.1622894748,2505.9871793277,37925.3133782426,1,0.2490448065,0.3207177306,America/New_York,82,153,-135.7280060537,49.1438610110,11.7035769794,159.7103233608,False,True,True,True,inconsistent with the required eclipse at the three-sigma screening level
390988323,1824562687909688832.0000000000,93.1772803724,16.9952000000,6.0580000000,0.0037739835,0.7710685488,0.9181494662,487.1809759446,546.4289317483,2595.6235990759,1,0.2490448065,0.3207177306,America/New_York,84,160,12.0138311178,71.1792210491,225.5514942650,771.0685487738,False,True,True,True,inconsistent with the required eclipse at the three-sigma screening level
390988497,1824561107361712128.0000000000,93.3583643375,15.9723000000,5.0351000000,0.0096818868,0.3005612505,1.0000000000,133.4006535142,149.5556415876,639.9055934583,0,0.2490448065,0.3207177306,America/New_York,90,173,-40.7947487624,17.3152421451,11.1509776729,300.5612505160,False,True,True,True,inconsistent with the required eclipse at the three-sigma screening level
390988536,1824561107361713152.0000000000,93.5123143115,16.9721000000,6.0349000000,0.0038551386,0.7548366681,0.8327402135,719.6323706088,752.2541512151,2687.6965238349,0,0.2490448065,0.3207177306,America/New_York,76,144,178.9038578424,91.5878127246,453.6672960162,754.8366681484,False,True,True,True,inconsistent with the required eclipse at the three-sigma screening level
390988188,1824562894068151808.0000000000,93.6567520932,12.8510000000,1.9138000000,0.1715852690,0.0169594978,1.0000000000,55.0897338977,69.9332047513,423.2219981219,2,0.2490448065,0.3207177306,America/New_York,90,173,-45.1115578343,5.8195026708,-27.6530498218,16.9594978423,False,True,True,True,inconsistent with the required eclipse at the three-sigma screening level
1845606257,1824561107320563712.0000000000,93.8864413805,17.0254000000,6.0882000000,0.0036704558,0.7928170640,1.0000000000,169.3728525959,195.8145892024,763.0033713519,0,0.2490448065,0.3207177306,America/New_York,90,173,-70.8153564834,23.2753265880,-0.9893767193,792.8170639622,False,True,True,True,inconsistent with the required eclipse at the three-sigma screening level
390988558,1824561038641985536.0000000000,94.1065437085,14.1773000000,3.2401000000,0.0505778076,0.0575351155,1.0000000000,61.9662039473,79.5649193508,448.7214374727,2,0.2490448065,0.3207177306,America/New_York,90,173,-54.3892951233,6.6735594216,-34.3686168585,57.5351154632,False,True,True,True,inconsistent with the required eclipse at the three-sigma screening level
390988372,1824562619190205952.0000000000,94.6310797055,16.3366000000,5.3994000000,0.0069221340,0.4203905927,0.9715302491,429.8920812798,452.9936631301,2001.7925880614,0,0.2490448065,0.3207177306,America/New_York,90,168,-189.1586311277,56.3446234879,-20.1247606642,420.3905926570,False,True,True,True,inconsistent with the required eclipse at the three-sigma screening level
390988317,1824561416599431936.0000000000,95.0453684116,16.8293000000,5.8921000000,0.0043970358,0.6618094878,1.0000000000,518.2061994537,764.1212335023,3539.1865670458,5,0.2490448065,0.3207177306,America/New_York,90,173,-139.5540256809,63.9378663559,52.2595733869,661.8094878102,False,True,True,True,inconsistent with the required eclipse at the three-sigma screening level
390988175,1824562958440778240.0000000000,96.3065458971,16.6879000000,5.7507000000,0.0050086421,0.5809957948,0.6405693950,656.8813663779,702.8406880830,2653.1122423262,0,0.2490448065,0.3207177306,America/New_York,69,108,-524.0973497590,105.1278737113,-208.7137286250,580.9957947627,False,False,True,False,"not cleared because of aperture overlap, incomplete/noisy measurements, or an insufficient depth limit"
390988593,1824561073001704448.0000000000,96.3655658185,12.2692000000,1.3320000000,0.2932243282,0.0099241424,1.0000000000,54.7191887640,69.7349234812,423.2281558033,2,0.2490448065,0.3207177306,America/New_York,90,173,-40.7126746301,5.9752839651,-22.7868227347,9.9241424392,False,True,True,True,inconsistent with the required eclipse at the three-sigma screening level
390988243,1824562894068132096.0000000000,96.6477860497,16.6524000000,5.7152000000,0.0051751149,0.5623063514,0.9928825623,205.6374367158,216.4422581313,681.2955057164,0,0.2490448065,0.3207177306,America/New_York,90,173,-8.5461778027,25.7036724890,68.5648396642,562.3063513702,False,True,True,True,inconsistent with the required eclipse at the three-sigma screening level
1845609521,1824562584830461184.0000000000,96.6502264875,17.1917000000,6.2545000000,0.0031491982,0.9240447182,0.9786476868,407.4332496826,1200.3497350051,18066.0852804201,1,0.2490448065,0.3207177306,America/New_York,89,169,-168.5754691294,48.5949349219,-22.7906643639,924.0447182415,False,True,True,True,inconsistent with the required eclipse at the three-sigma screening level
390988386,1824562584789321216.0000000000,98.1559060596,17.2171000000,6.2799000000,0.0030763801,0.9459169092,1.0000000000,225.2413261043,262.8984893263,934.8354653528,0,0.2490448065,0.3207177306,America/New_York,90,173,28.5399998802,28.4598989216,113.9196966450,945.9169092124,False,True,True,True,inconsistent with the required eclipse at the three-sigma screening level
390988171,1824562924081044480.0000000000,98.5060311297,17.2628000000,6.3256000000,0.0029495788,0.9865815489,0.9822064057,340.3657409731,382.9572452806,2036.2194951405,1,0.2490448065,0.3207177306,America/New_York,90,172,-75.6914361090,41.1691749232,47.8160886604,986.5815488593,False,True,True,True,inconsistent with the required eclipse at the three-sigma screening level
390988574,,98.6226989291,16.2170000000,5.2798000000,0.0077282293,0.3765416219,0.8042704626,525.1186132752,556.8524426086,2485.2962450124,0,0.2490448065,0.3207177306,America/New_York,85,132,-264.0272386737,73.0284562960,-44.9418697859,376.5416219431,False,True,True,True,inconsistent with the required eclipse at the three-sigma screening level
390988575,1824561107361436928.0000000000,98.7398736486,16.7306000000,5.7934000000,0.0048154846,0.6043005493,0.8220640569,524.2506955095,567.1520476918,2583.8638692019,0,0.2490448065,0.3207177306,America/New_York,86,136,-230.3348763900,70.8348554958,-17.8303099027,604.3005492585,False,True,True,True,inconsistent with the required eclipse at the three-sigma screening level
390988511,1824561107361709568.0000000000,99.5584262797,16.6090000000,5.6718000000,0.0053861693,0.5402726575,1.0000000000,148.4049284797,149.9141331354,425.3856450132,0,0.2490448065,0.3207177306,America/New_York,90,173,3.7390759344,19.8977533191,63.4323358918,540.2726574655,False,True,True,True,inconsistent with the required eclipse at the three-sigma screening level
390988368,1824562619190204416.0000000000,99.7712094093,15.6632000000,4.7260000000,0.0128706358,0.2260960572,1.0000000000,182.6695265370,256.6404003276,2753.1461977736,1,0.2490448065,0.3207177306,America/New_York,90,173,-106.9043326025,19.4092550050,-48.6765675875,226.0960572337,False,True,True,True,inconsistent with the required eclipse at the three-sigma screening level
390988258,1824562202526490880.0000000000,100.8403988099,14.9561000000,4.0189000000,0.0246853904,0.1178834911,1.0000000000,66.4381242564,88.9046448846,375.4052502346,3,0.2490448065,0.3207177306,America/New_York,90,173,-38.4311688128,8.7973612981,-12.0390849185,117.8834911159,False,True,True,True,inconsistent with the required eclipse at the three-sigma screening level
390988277,1824562687909694464.0000000000,100.8445304831,16.3492000000,5.4120000000,0.0068422667,0.4252976559,0.9537366548,511.3016040161,489.0342540965,2000.7049586233,0,0.2490448065,0.3207177306,America/New_York,88,168,18.0272821525,66.4676632062,217.4302717710,425.2976558538,False,True,True,True,inconsistent with the required eclipse at the three-sigma screening level
390988600,1824561038641977856.0000000000,101.3092058528,16.9117000000,5.9745000000,0.0040756793,0.7139914135,0.9395017794,425.1051440624,488.1680963217,1708.8620716561,0,0.2490448065,0.3207177306,America/New_York,88,165,10.3195070670,53.2015772792,169.9242389047,713.9914135455,False,True,True,True,inconsistent with the required eclipse at the three-sigma screening level
390988248,1824562206873417472.0000000000,101.5303965752,17.2709000000,6.3337000000,0.0029276557,0.9939693415,0.9893238434,245.3908735943,255.0198936359,895.8911458967,0,0.2490448065,0.3207177306,America/New_York,89,171,23.7182802869,36.2299481590,132.4081247638,993.9693414627,False,True,True,True,inconsistent with the required eclipse at the three-sigma screening level
390988185,1824562924081036288.0000000000,102.1142654411,13.4116000000,2.4744000000,0.1023858641,0.0284218923,1.0000000000,61.7654127322,76.9521414555,436.6652773936,2,0.2490448065,0.3207177306,America/New_York,90,173,-49.9694347260,6.3380186991,-30.9553786286,28.4218922710,False,True,True,True,inconsistent with the required eclipse at the three-sigma screening level
390988612,1824561073001709056.0000000000,102.3994988476,13.2162000000,2.2790000000,0.1225744632,0.0237406710,1.0000000000,56.1869792376,69.7228286144,427.6235842768,2,0.2490448065,0.3207177306,America/New_York,90,173,-48.0054189164,6.1105750334,-29.6736938163,23.7406709678,False,True,True,True,inconsistent with the required eclipse at the three-sigma screening level
390988433,1824561412252404736.0000000000,102.4657907012,15.6528000000,4.7156000000,0.0129945128,0.2239406781,0.9964412811,126.8996553127,169.6130827720,739.9709343239,1,0.2490448065,0.3207177306,America/New_York,90,173,-75.8968874399,17.8215501169,-22.4322370893,223.9406781273,False,True,True,True,inconsistent with the required eclipse at the three-sigma screening level
390988580,1824561038641984512.0000000000,103.8572440787,16.8262000000,5.8890000000,0.0044096082,0.6599225807,0.7402135231,733.3992052894,798.0627775773,4393.1378751127,1,0.2490448065,0.3207177306,America/New_York,71,131,-177.5321789988,95.4002699930,108.6686309802,659.9225807461,False,False,True,False,"not cleared because of aperture overlap, incomplete/noisy measurements, or an insufficient depth limit"
1845606964,1824561416557467136.0000000000,103.8943674410,14.1829000000,3.2457000000,0.0503176095,0.0578326362,1.0000000000,36.3013499794,75.6939049428,464.2744298076,9,0.2490448065,0.3207177306,America/New_York,90,173,-20.4762761472,4.1214302688,-8.1119853409,57.8326361565,False,True,True,True,inconsistent with the required eclipse at the three-sigma screening level
390988346,1824561416558470144.0000000000,103.8976135662,16.6046000000,5.6674000000,0.0054080413,0.5380876061,0.6832740214,532.7489966509,577.8412747380,3289.1454346425,1,0.2490448065,0.3207177306,America/New_York,65,121,-232.3471814913,85.3234770267,23.6232495888,538.0876061402,False,False,True,False,"not cleared because of aperture overlap, incomplete/noisy measurements, or an insufficient depth limit"
390988371,1824561416599129856.0000000000,104.4393732201,12.4558000000,1.5186000000,0.2469221217,0.0117850923,1.0000000000,38.7224895883,66.7510055857,366.1940970291,7,0.2490448065,0.3207177306,America/New_York,90,173,-21.7127858118,4.6342777139,-7.8099526701,11.7850923203,False,True,True,True,inconsistent with the required eclipse at the three-sigma screening level
390988613,1824561073001702912.0000000000,104.8191397546,16.9344000000,5.9972000000,0.0039913517,0.7290763136,0.9964412811,307.6998654862,344.5544475865,2011.9771552560,1,0.2490448065,0.3207177306,America/New_York,90,173,96.3321196362,35.9186648713,204.0881142501,729.0763135681,False,True,True,True,inconsistent with the required eclipse at the three-sigma screening level
390988329,1824562687909683712.0000000000,104.9237630076,16.0034000000,5.0662000000,0.0094084916,0.3092950638,1.0000000000,216.6288013776,225.5318795390,782.9173277560,0,0.2490448065,0.3207177306,America/New_York,90,173,-106.4920715715,28.7021747934,-20.3855471914,309.2950638412,False,True,True,True,inconsistent with the required eclipse at the three-sigma screening level
390988313,1824561416558474240.0000000000,105.6283173508,16.8638000000,5.9266000000,0.0042595135,0.6831766101,0.9074733096,452.8644120097,487.1681917576,1717.9499532456,0,0.2490448065,0.3207177306,America/New_York,87,159,-199.6415868980,62.7258631618,-11.4639974127,683.1766100676,False,True,True,True,inconsistent with the required eclipse at the three-sigma screening level
390988509,1824562580483468032.0000000000,106.4407964945,17.1120000000,6.1748000000,0.0033890658,0.8586437024,0.9679715302,405.4119131171,408.9000276498,1322.1149541908,0,0.2490448065,0.3207177306,America/New_York,85,173,36.6639416320,48.8697601634,183.2732221221,858.6437023761,False,True,True,True,inconsistent with the required eclipse at the three-sigma screening level
1845609681,1824562687868547584.0000000000,106.7034722727,16.8047000000,5.8675000000,0.0044977985,0.6469831782,1.0000000000,154.9884196803,154.8664047138,447.0471735415,0,0.2490448065,0.3207177306,America/New_York,90,173,-64.5687957442,20.7333069967,-2.3688747540,646.9831781796,False,True,True,True,inconsistent with the required eclipse at the three-sigma screening level
390988582,1824561107361434112.0000000000,106.8080625604,14.3078000000,3.3706000000,0.0448497473,0.0648833088,1.0000000000,53.4800048101,71.5467646717,394.8002768811,4,0.2490448065,0.3207177306,America/New_York,90,173,-52.8464442525,5.6201448480,-35.9860097086,64.8833087798,False,True,True,True,inconsistent with the required eclipse at the three-sigma screening level
390988424,1824561412252408576.0000000000,107.5147335620,16.9614000000,6.0242000000,0.0038933191,0.7474342399,0.4733096085,871.2485772750,943.1974138543,4996.5087140781,1,0.2490448065,0.3207177306,America/New_York,60,64,156.9559140859,158.8639566440,633.5477840180,747.4342399391,False,False,True,False,"not cleared because of aperture overlap, incomplete/noisy measurements, or an insufficient depth limit"
390988177,1824562889721301504.0000000000,107.9372432949,16.9436000000,6.0064000000,0.0039576738,0.7352803994,0.1637010676,828.1588012415,1039.7706221833,3095.1692210391,0,0.2490448065,0.3207177306,America/New_York,21,21,-563.4377869199,231.5234357924,131.1325204572,735.2803993728,False,False,True,False,"not cleared because of aperture overlap, incomplete/noisy measurements, or an insufficient depth limit"
390988245,1824562683562827008.0000000000,108.3762856115,17.1301000000,6.1929000000,0.0033330360,0.8730778876,0.5658362989,721.8694803445,1325.0418424944,14218.1031814728,1,0.2490448065,0.3207177306,America/New_York,60,90,-185.4567684752,106.9092482757,135.2709763517,873.0778875625,False,False,True,False,"not cleared because of aperture overlap, incomplete/noisy measurements, or an insufficient depth limit"
390988627,1824561072959970816.0000000000,108.5152076741,16.9124000000,5.9752000000,0.0040730524,0.7144518892,1.0000000000,190.2433490335,239.3085697730,714.7095334604,0,0.2490448065,0.3207177306,America/New_York,90,173,69.6160166903,22.1548109402,136.0804495109,714.4518892452,False,True,True,True,inconsistent with the required eclipse at the three-sigma screening level
1845610109,1824562889721288192.0000000000,108.6863618184,16.9017000000,5.9645000000,0.0041133911,0.7074455009,0.9857651246,321.4710820106,352.4107613852,1764.0954274161,1,0.2490448065,0.3207177306,America/New_York,90,172,-23.7718255091,40.4025648017,97.4358688961,707.4455009200,False,True,True,True,inconsistent with the required eclipse at the three-sigma screening level
390988288,1824562683562803200.0000000000,109.6904941911,17.2538000000,6.3166000000,0.0029741304,0.9784372740,0.5907473310,931.5873158313,916.2463869501,3259.8375628643,0,0.2490448065,0.3207177306,America/New_York,61,95,70.6621651897,147.4873886803,513.1243312306,978.4372740056,False,False,True,False,"not cleared because of aperture overlap, incomplete/noisy measurements, or an insufficient depth limit"
390988157,1824562958445527040.0000000000,110.3064570822,16.9013000000,5.9641000000,0.0041149068,0.7071849164,0.0035587189,0.0000000000,,0.0000000000,0,0.2490448065,0.3207177306,America/New_York,0,1,,,,707.1849163701,False,False,True,False,"not cleared because of aperture overlap, incomplete/noisy measurements, or an insufficient depth limit"
390988629,1824560969880769280.0000000000,111.4808887032,16.8697000000,5.9325000000,0.0042364297,0.6868991659,0.9964412811,175.6630547232,207.8449711277,889.8118282292,1,0.2490448065,0.3207177306,America/New_York,90,173,-113.6808187389,22.4096830673,-46.4517695370,686.8991658555,False,True,True,True,inconsistent with the required eclipse at the three-sigma screening level
1845610330,1824562962787638272.0000000000,111.6855505246,15.2878000000,4.3506000000,0.0181869553,0.1600047918,1.0000000000,141.6955874875,168.1336067600,673.2420295608,0,0.2490448065,0.3207177306,America/New_York,90,173,-84.0258060849,18.5233852216,-28.4556504202,160.0047917808,False,True,True,True,inconsistent with the required eclipse at the three-sigma screening level
1845605970,1824560965575696896.0000000000,111.6902395720,16.3924000000,5.4552000000,0.0065753670,0.4425608464,0.9964412811,163.9758648763,192.8712051859,725.0463554461,0,0.2490448065,0.3207177306,America/New_York,90,173,-74.7802828407,20.7556145195,-12.5134392823,442.5608463647,False,True,True,True,inconsistent with the required eclipse at the three-sigma screening level
390988446,1824561309173181440.0000000000,111.7834937763,16.2148000000,5.2776000000,0.0077439047,0.3757794176,0.9928825623,216.9770579931,246.8048853543,774.8871562277,0,0.2490448065,0.3207177306,America/New_York,90,171,-76.5532558561,30.1166872498,13.7968058933,375.7794175911,False,True,True,True,inconsistent with the required eclipse at the three-sigma screening level
390988236,1824562206832469248.0000000000,112.4477129462,16.6733000000,5.7361000000,0.0050764487,0.5732353824,0.8398576512,767.6414088100,694.3830724124,3690.1523239157,0,0.2490448065,0.3207177306,America/New_York,85,139,-488.7811381123,80.7377317529,-246.5679428537,573.2353824344,False,True,True,True,inconsistent with the required eclipse at the three-sigma screening level
390988528,1824558152424385536.0000000000,112.5033493809,17.2110000000,6.2738000000,0.0030937128,0.9406173582,0.4661921708,913.4536492686,914.0792349303,3013.2491486328,0,0.2490448065,0.3207177306,America/New_York,50,77,-311.7257787235,159.9734102197,168.1944519357,940.6173582210,False,False,True,False,"not cleared because of aperture overlap, incomplete/noisy measurements, or an insufficient depth limit"
390988139,1824562962787636992.0000000000,112.8384446952,13.9246000000,2.9874000000,0.0638322275,0.0455882571,1.0000000000,46.7991279047,59.4453956076,374.5016804926,2,0.2490448065,0.3207177306,America/New_York,90,173,-33.1737524221,5.1361736227,-17.7652315540,45.5882571131,False,True,True,True,inconsistent with the required eclipse at the three-sigma screening level
390988352,1824561412252444672.0000000000,113.7315844568,16.7051000000,5.7679000000,0.0049299215,0.5902730960,0.4590747331,1053.5864617617,1403.4886157404,6959.9010041758,3,0.2490448065,0.3207177306,America/New_York,61,68,-170.5965200735,172.5308399875,346.9959998891,590.2730959722,False,False,True,False,"not cleared because of aperture overlap, incomplete/noisy measurements, or an insufficient depth limit"
390988345,1824562619190202112.0000000000,113.8347372025,15.6793000000,4.7421000000,0.0126811897,0.2294737374,1.0000000000,120.5975894141,137.6489253160,582.7699958409,0,0.2490448065,0.3207177306,America/New_York,90,173,27.4357820707,14.2427295170,70.1639706217,229.4737374029,False,True,True,True,inconsistent with the required eclipse at the three-sigma screening level
390988283,1824562168171540480.0000000000,114.1698507148,16.9687000000,6.0315000000,0.0038672300,0.7524765825,0.9964412811,159.9724258603,198.2601246812,847.3006580114,1,0.2490448065,0.3207177306,America/New_York,90,173,-44.8991444645,19.3521461272,13.1572939170,752.4765825025,False,True,True,True,inconsistent with the required eclipse at the three-sigma screening level
390988602,1824558152423933952.0000000000,114.2788813337,15.7698000000,4.8326000000,0.0116670215,0.2494209844,0.9964412811,194.4527283255,207.2119688076,635.5695932044,0,0.2490448065,0.3207177306,America/New_York,90,173,-146.4903792436,23.0760578340,-77.2622057415,249.4209844258,False,True,True,True,inconsistent with the required eclipse at the three-sigma screening level
390988641,1824561073001701888.0000000000,114.3437403253,16.4604000000,5.5232000000,0.0061761808,0.4711649643,0.2597864769,865.3076470747,1061.9982411488,3984.5613944885,0,0.2490448065,0.3207177306,America/New_York,31,39,-272.3278052490,206.4002859826,346.8730526988,471.1649643294,False,False,True,False,"not cleared because of aperture overlap, incomplete/noisy measurements, or an insufficient depth limit"
390988148,1824563684342163456.0000000000,114.9019440097,14.9093000000,3.9721000000,0.0257727048,0.1129101512,1.0000000000,80.1839278573,93.5335514760,365.8880735586,0,0.2490448065,0.3207177306,America/New_York,90,173,-37.3301369117,8.9047632388,-10.6158471954,112.9101512028,False,True,True,True,inconsistent with the required eclipse at the three-sigma screening level
390988143,1824562962746599168.0000000000,114.9876450071,16.4206000000,5.4834000000,0.0064067828,0.4542061277,0.9964412811,226.3237787844,305.5238743605,1540.9580063180,3,0.2490448065,0.3207177306,America/New_York,90,173,108.9630013633,32.3392691191,205.9808087205,454.2061276905,False,True,True,True,inconsistent with the required eclipse at the three-sigma screening level
390988578,1824561034295200512.0000000000,115.0316843604,16.8095000000,5.8723000000,0.0044779578,0.6498497991,0.9288256228,504.6039186313,504.8881208902,1591.8464640983,0,0.2490448065,0.3207177306,America/New_York,89,159,-191.8101909417,60.3598309923,-10.7306979649,649.8497990608,False,True,True,True,inconsistent with the required eclipse at the three-sigma screening level
390988617,1824558113722181632.0000000000,115.4108018670,17.2083000000,6.2711000000,0.0031014158,0.9382811446,0.0427046263,709.0758964378,730.0650348448,1327.2588204211,0,0.2490448065,0.3207177306,America/New_York,2,4,,,,938.2811446356,False,False,True,False,"not cleared because of aperture overlap, incomplete/noisy measurements, or an insufficient depth limit"
390988137,1824562962787633664.0000000000,115.4142475788,16.8898000000,5.9526000000,0.0041587231,0.6997340197,1.0000000000,191.7994681649,226.1797056729,1052.9307258376,1,0.2490448065,0.3207177306,America/New_York,90,173,91.7392764291,23.6540295525,162.7013650866,699.7340197191,False,True,True,True,inconsistent with the required eclipse at the three-sigma screening level
390988152,1824563679995299840.0000000000,116.0084737990,16.7104000000,5.7732000000,0.0049059148,0.5931615467,0.9679715302,637.9170340200,928.8615483649,3881.2282808363,5,0.2490448065,0.3207177306,America/New_York,90,166,-207.0537788573,85.3561872675,49.0147829453,593.1615467413,False,True,True,True,inconsistent with the required eclipse at the three-sigma screening level
390988133,1824562962787635712.0000000000,116.1673567883,15.4310000000,4.4938000000,0.0159396947,0.1825630947,1.0000000000,94.0725247820,126.1322379341,543.5548764263,3,0.2490448065,0.3207177306,America/New_York,90,173,-17.9238018205,13.3954882116,22.2626628142,182.5630946790,False,True,True,True,inconsistent with the required eclipse at the three-sigma screening level
390988268,1824562202526483200.0000000000,116.2195373263,15.7896000000,4.8524000000,0.0114561845,0.2540112718,1.0000000000,108.8176789183,132.3559159050,590.7639917760,1,0.2490448065,0.3207177306,America/New_York,90,173,-71.5003991790,14.0299518086,-29.4105437533,254.0112718208,False,True,True,True,inconsistent with the required eclipse at the three-sigma screening level
390988555,1824558152424203520.0000000000,116.4945550146,14.9546000000,4.0174000000,0.0247195181,0.1177207415,1.0000000000,75.2083663912,91.5333774521,380.1984154266,1,0.2490448065,0.3207177306,America/New_York,90,173,-50.3815507844,8.7036260179,-24.2706727306,117.7207415036,False,True,True,True,inconsistent with the required eclipse at the three-sigma screening level
390988556,1824561240453642752.0000000000,116.5497341308,16.6810000000,5.7438000000,0.0050405741,0.5773151959,0.9750889680,413.5960760307,450.6629764974,1630.5002897048,0,0.2490448065,0.3207177306,America/New_York,90,170,-76.5161783923,54.1581071889,85.9581431744,577.3151958745,False,True,True,True,inconsistent with the required eclipse at the three-sigma screening level
390988260,1824562683562818304.0000000000,116.7955602295,16.5767000000,5.6395000000,0.0055488119,0.5244365950,0.7188612100,654.3510762660,668.7763614320,2223.0067557405,0,0.2490448065,0.3207177306,America/New_York,79,116,-172.5720345278,99.9229961016,127.1969537770,524.4365949942,False,False,True,False,"not cleared because of aperture overlap, incomplete/noisy measurements, or an insufficient depth limit"
390988615,1824561038641982976.0000000000,116.8232144765,14.3421000000,3.4049000000,0.0434550246,0.0669657888,1.0000000000,67.9689200772,84.1848763382,453.1195553908,1,0.2490448065,0.3207177306,America/New_York,90,173,-15.0244584168,8.4978821290,10.4691879702,66.9657888255,False,True,True,True,inconsistent with the required eclipse at the three-sigma screening level
390988126,1824562962787642880.0000000000,117.2135283881,16.8047000000,5.8675000000,0.0044977985,0.6469831782,0.9074733096,342.7048159160,1788.8922247185,27672.3752805836,1,0.2490448065,0.3207177306,America/New_York,86,165,-143.3493952427,40.8058422427,-20.9318685147,646.9831781796,False,True,True,True,inconsistent with the required eclipse at the three-sigma screening level
1845608610,1824562206832474624.0000000000,117.2722245115,16.7096000000,5.7724000000,0.0049095309,0.5927246501,1.0000000000,141.0719723569,164.2692760934,745.3248848218,1,0.2490448065,0.3207177306,America/New_York,90,173,-75.5482581048,15.9181597860,-27.7937787469,592.7246501405,False,True,True,True,inconsistent with the required eclipse at the three-sigma screening level
390988224,1824562687868595712.0000000000,117.6405862664,15.7452000000,4.8080000000,0.0119343838,0.2438332846,1.0000000000,153.0032450206,166.8811091062,717.0596708262,0,0.2490448065,0.3207177306,America/New_York,90,173,-111.9516478924,19.1794800662,-54.4132076938,243.8332846246,False,True,True,True,inconsistent with the required eclipse at the three-sigma screening level
390988653,1824560969922495488.0000000000,118.0903698746,14.9002000000,3.9630000000,0.0259896242,0.1119677598,1.0000000000,70.3449411485,95.3891766575,486.8534698892,2,0.2490448065,0.3207177306,America/New_York,90,173,-28.4474124287,8.7174570973,-2.2950411367,111.9677597631,False,True,True,True,inconsistent with the required eclipse at the three-sigma screening level
390988370,1824561412252436480.0000000000,118.1286878542,16.5353000000,5.5981000000,0.0057644782,0.5048158578,0.4234875445,1033.6950090813,2672.7089396156,20911.5708448916,6,0.2490448065,0.3207177306,America/New_York,45,74,9.5955420385,209.4254281474,637.8718264808,504.8158578305,False,False,True,False,"not cleared because of aperture overlap, incomplete/noisy measurements, or an insufficient depth limit"
1845606181,1824561072959948288.0000000000,118.5428792712,17.2251000000,6.2879000000,0.0030537958,0.9529124233,0.7651245552,662.9321262833,694.1744208794,3011.8162432992,0,0.2490448065,0.3207177306,America/New_York,80,123,-62.9816351104,98.2847379168,231.8725786400,952.9124233472,False,False,True,False,"not cleared because of aperture overlap, incomplete/noisy measurements, or an insufficient depth limit"
390988173,1824562894068137984.0000000000,118.6941471609,15.3694000000,4.4322000000,0.0168701910,0.1724936011,0.9964412811,154.1475609645,166.4905403596,668.6465592577,0,0.2490448065,0.3207177306,America/New_York,90,173,-81.8467328976,18.3471227195,-26.8053647390,172.4936011241,False,True,True,True,inconsistent with the required eclipse at the three-sigma screening level
390988412,1824561309173202432.0000000000,119.0059343030,17.0187000000,6.0815000000,0.0036931760,0.7879397113,0.6014234875,902.1766780468,1183.5409391394,6406.4176845450,3,0.2490448065,0.3207177306,America/New_York,49,112,557.9630950122,123.7244504149,929.1364462568,787.9397112782,False,False,True,False,"not cleared because of aperture overlap, incomplete/noisy measurements, or an insufficient depth limit"
390988226,1824562687909695744.0000000000,120.1845288759,15.5954000000,4.6582000000,0.0136999821,0.2124090365,1.0000000000,94.1959054717,116.2724590619,549.4090984341,2,0.2490448065,0.3207177306,America/New_York,90,173,-13.4291255857,12.3291682873,23.5583792763,212.4090365144,False,True,True,True,inconsistent with the required eclipse at the three-sigma screening level
1845606235,1824561073001703424.0000000000,120.4774332720,17.2305000000,6.2933000000,0.0030386452,0.9576636186,0.4056939502,843.5945639037,3011.0513176615,23853.9892636239,2,0.2490448065,0.3207177306,America/New_York,51,60,61.7804345050,148.1932292144,506.3601221482,957.6636185794,False,False,True,False,"not cleared because of aperture overlap, incomplete/noisy measurements, or an insufficient depth limit"
390988164,1824563684342171136.0000000000,120.9895455098,16.4377000000,5.5005000000,0.0063066684,0.4614163602,1.0000000000,127.6888653518,173.5327995105,747.2213006114,4,0.2490448065,0.3207177306,America/New_York,90,173,30.3474760883,17.1956278667,81.9343596885,461.4163601726,False,True,True,True,inconsistent with the required eclipse at the three-sigma screening level
390988151,1824563684342169088.0000000000,121.2189428724,17.2621000000,6.3249000000,0.0029514811,0.9859456812,0.8540925267,620.9829379891,621.5497778797,2245.7342738676,0,0.2490448065,0.3207177306,America/New_York,76,156,154.6834865101,84.2518103875,407.4389176725,985.9456812299,False,True,True,True,inconsistent with the required eclipse at the three-sigma screening level
390988661,1824560965575679488.0000000000,121.4465675500,17.1485000000,6.2113000000,0.0032770269,0.8880000475,0.0320284698,641.6410752366,665.1396196204,1158.3878103755,0,0.2490448065,0.3207177306,America/New_York,3,3,,,,888.0000474519,False,False,True,False,"not cleared because of aperture overlap, incomplete/noisy measurements, or an insufficient depth limit"
390988632,1824561038641981440.0000000000,122.7494869868,15.8656000000,4.9284000000,0.0106816907,0.2724287822,1.0000000000,78.9975818526,113.8669438614,462.7924233150,5,0.2490448065,0.3207177306,America/New_York,90,173,5.4219861949,10.0934388783,35.7023028297,272.4287821693,False,True,True,True,inconsistent with the required eclipse at the three-sigma screening level
390988166,1824563684342172160.0000000000,122.8574734555,15.6241000000,4.6869000000,0.0133425857,0.2180986558,1.0000000000,86.2000562034,97.7396362791,453.9274712903,2,0.2490448065,0.3207177306,America/New_York,90,173,-48.5498689683,10.5566294971,-16.8799804771,218.0986558358,False,True,True,True,inconsistent with the required eclipse at the three-sigma screening level
390988644,1824561034299939584.0000000000,124.2663355505,17.2362000000,6.2990000000,0.0030227345,0.9627044715,0.9181494662,320.5700403799,358.6214852817,1062.0226290145,0,0.2490448065,0.3207177306,America/New_York,84,163,161.1668983470,44.9714421951,296.0812249324,962.7044714701,False,True,True,True,inconsistent with the required eclipse at the three-sigma screening level
390988506,1824561240453668352.0000000000,124.2775155294,16.8769000000,5.9397000000,0.0042084290,0.6914694369,0.6619217082,888.7525702534,1139.1841936069,6033.1983245949,3,0.2490448065,0.3207177306,America/New_York,64,113,139.2077662642,137.4105168148,551.4393167087,691.4694369434,False,False,True,False,"not cleared because of aperture overlap, incomplete/noisy measurements, or an insufficient depth limit"
390988512,1824559625545962240.0000000000,124.5983886824,16.9611000000,6.0239000000,0.0038943950,0.7472277448,0.8754448399,604.7484078883,610.0063205465,2891.9068377837,0,0.2490448065,0.3207177306,America/New_York,85,152,-30.1228678653,71.8386817557,185.3931774019,747.2277447561,False,True,True,True,inconsistent with the required eclipse at the three-sigma screening level
390988655,1824558113749847040.0000000000,124.8449845330,16.6470000000,5.7098000000,0.0052009179,0.5595166168,0.9928825623,255.2056143078,266.6566766733,918.3494452069,0,0.2490448065,0.3207177306,America/New_York,90,173,-11.7605131362,29.7198585841,77.3990626161,559.5166168498,False,True,True,True,inconsistent with the required eclipse at the three-sigma screening level
390988130,1824562962787628544.0000000000,124.9129382936,16.3215000000,5.3843000000,0.0070190769,0.4145844311,0.7508896797,694.5408430873,785.5653502687,2977.0957616950,0,0.2490448065,0.3207177306,America/New_York,81,127,-302.7223080811,101.3069286059,1.1984777365,414.5844310942,False,False,True,False,"not cleared because of aperture overlap, incomplete/noisy measurements, or an insufficient depth limit"
390988262,1824562687909687552.0000000000,124.9773826034,17.0523000000,6.1151000000,0.0035806346,0.8127051073,1.0000000000,270.1909756843,314.9751114488,1030.9325773530,0,0.2490448065,0.3207177306,America/New_York,90,173,-119.4375014667,37.0443361766,-8.3044929369,812.7051072597,False,True,True,True,inconsistent with the required eclipse at the three-sigma screening level
390988637,1824561038641982208.0000000000,126.2428483332,16.1957000000,5.2585000000,0.0078813389,0.3692266067,0.9964412811,241.0270636350,281.1949444877,977.9732899651,0,0.2490448065,0.3207177306,America/New_York,90,172,-107.1536067962,29.2083144556,-19.5286634293,369.2266066767,False,True,True,True,inconsistent with the required eclipse at the three-sigma screening level
390988155,1824563680000029184.0000000000,126.2521683250,16.5579000000,5.6207000000,0.0056457286,0.5154339123,0.9964412811,226.2097575406,244.2171033434,845.2607489923,0,0.2490448065,0.3207177306,America/New_York,90,173,-149.0418417984,28.6064242965,-63.2225689090,515.4339122925,False,True,True,True,inconsistent with the required eclipse at the three-sigma screening level
390988376,1824561416599133184.0000000000,127.5210387643,16.4479000000,5.5107000000,0.0062476976,0.4657715836,0.6298932384,701.8891260406,638.7275442609,1613.9412026061,0,0.2490448065,0.3207177306,America/New_York,58,115,7.7381484611,107.5393289502,330.3561353117,465.7715835817,False,False,True,False,"not cleared because of aperture overlap, incomplete/noisy measurements, or an insufficient depth limit"
390988554,1824558152424199168.0000000000,127.6319359589,16.4510000000,5.5138000000,0.0062298846,0.4671033575,0.8896797153,463.8514208273,424.6578965639,1894.7238927764,0,0.2490448065,0.3207177306,America/New_York,86,157,-270.9581190793,52.8738287149,-112.3366329346,467.1033575155,False,True,True,True,inconsistent with the required eclipse at the three-sigma screening level
390988209,1824562206873428224.0000000000,127.9240708163,15.4640000000,4.5268000000,0.0154625102,0.1881971269,1.0000000000,76.5133376910,95.7916293870,457.1690029840,1,0.2490448065,0.3207177306,America/New_York,90,173,-3.1003172388,9.6090473050,25.7268246762,188.1971268889,False,True,True,True,inconsistent with the required eclipse at the three-sigma screening level
390988675,1824560965575671296.0000000000,128.5833082422,16.7416000000,5.8044000000,0.0047669435,0.6104540635,0.9644128114,290.8895545493,373.1095872752,2937.6961449083,1,0.2490448065,0.3207177306,America/New_York,90,167,-71.9868654402,37.7949598683,41.3980141646,610.4540635218,False,True,True,True,inconsistent with the required eclipse at the three-sigma screening level
1845609889,1824562786642037760.0000000000,128.6469204417,17.0168000000,6.0796000000,0.0036996445,0.7865620504,0.9928825623,380.7007417385,374.6633064933,1154.9436574934,0,0.2490448065,0.3207177306,America/New_York,90,173,-194.1247599586,46.3760607556,-54.9965776919,786.5620504013,False,True,True,True,inconsistent with the required eclipse at the three-sigma screening level
390988337,1824562619190198272.0000000000,128.6758312358,16.5328000000,5.5956000000,0.0057777667,0.5036548136,0.9857651246,354.7887435008,386.0948519482,1443.1685272952,0,0.2490448065,0.3207177306,America/New_York,90,171,-145.0013472537,49.6668514731,3.9992071655,503.6548135761,False,True,True,True,inconsistent with the required eclipse at the three-sigma screening level
1845610376,1824562997106269184.0000000000,128.8405518411,17.2467000000,6.3095000000,0.0029936429,0.9720598133,0.9964412811,276.6147467678,718.8014965679,4298.8115609479,18,0.2490448065,0.3207177306,America/New_York,90,173,-141.5318791342,39.6770938664,-22.5005975349,972.0598132978,False,True,True,True,inconsistent with the required eclipse at the three-sigma screening level
390988127,1824563065866840064.0000000000,128.8922015632,15.6811000000,4.7439000000,0.0126601835,0.2298544886,0.9928825623,196.4422248426,277.1300830454,1580.6514398630,3,0.2490448065,0.3207177306,America/New_York,90,172,-58.3224442117,25.7523091503,18.9344832392,229.8544885530,False,True,True,True,inconsistent with the required eclipse at the three-sigma screening level
390988198,1824562206832488960.0000000000,129.0555337448,17.1080000000,6.1708000000,0.0034015746,0.8554861620,1.0000000000,181.8046628834,218.3013053018,802.0326105603,0,0.2490448065,0.3207177306,America/New_York,90,173,32.4097480107,24.6879896818,106.4737170560,855.4861620488,False,True,True,True,inconsistent with the required eclipse at the three-sigma screening level
390988158,1824562997147351808.0000000000,129.0733538917,15.8069000000,4.8697000000,0.0112750896,0.2580910765,0.9786476868,244.6131158579,487.5495560318,3071.3672262380,8,0.2490448065,0.3207177306,America/New_York,90,172,-182.5114692596,28.8219675753,-96.0455665338,258.0910764500,False,True,True,True,inconsistent with the required eclipse at the three-sigma screening level
390988264,1824562687909685248.0000000000,129.1900052192,14.1845000000,3.2473000000,0.0502435133,0.0579179243,1.0000000000,45.9308302497,68.6689335268,358.5583825179,6,0.2490448065,0.3207177306,America/New_York,90,173,-32.5574583361,5.4284186902,-16.2722022655,57.9179243059,False,True,True,True,inconsistent with the required eclipse at the three-sigma screening level
390988415,1824561309173205504.0000000000,129.7675038800,14.6297000000,3.6925000000,0.0333426413,0.0872756293,1.0000000000,77.2984179973,98.1251327841,543.5432409467,2,0.2490448065,0.3207177306,America/New_York,90,173,-37.0409915943,9.3401935915,-9.0204108198,87.2756293025,False,True,True,True,inconsistent with the required eclipse at the three-sigma screening level
390988483,1824559629851764224.0000000000,130.2617279553,17.2255000000,6.2883000000,0.0030526710,0.9532635539,0.9964412811,256.7390563560,278.3296664069,932.9314829923,0,0.2490448065,0.3207177306,America/New_York,90,173,-84.7161543720,33.2100385711,14.9139613413,953.2635539344,False,True,True,True,inconsistent with the required eclipse at the three-sigma screening level
390988587,1824561240480209664.0000000000,130.3388089933,16.9586000000,6.0214000000,0.0039033725,0.7455091686,0.6583629893,695.2930275488,971.5799735547,5939.0603953978,2,0.2490448065,0.3207177306,America/New_York,59,115,137.7665970792,107.2461612352,459.5050807848,745.5091686331,False,False,True,False,"not cleared because of aperture overlap, incomplete/noisy measurements, or an insufficient depth limit"
390988306,1824562619190200832.0000000000,130.9913373358,15.8222000000,4.8850000000,0.0111173173,0.2617537962,0.9786476868,234.0819696930,269.3641125522,922.2717121787,0,0.2490448065,0.3207177306,America/New_York,90,171,-108.1819690222,28.7912583462,-21.8081939836,261.7537962252,False,True,True,True,inconsistent with the required eclipse at the three-sigma screening level
390988530,1824561240453657600.0000000000,131.7800057272,16.9655000000,6.0283000000,0.0038786447,0.7502620666,1.0000000000,147.7579388703,171.3771777494,693.5414479537,0,0.2490448065,0.3207177306,America/New_York,90,173,-81.5135577420,18.0358939223,-27.4058759750,750.2620665939,False,True,True,True,inconsistent with the required eclipse at the three-sigma screening level
390988170,1824562997147348480.0000000000,132.0377147724,12.5857000000,1.6485000000,0.2190786217,0.0132829026,1.0000000000,46.8222948259,63.7738709256,367.1090485221,5,0.2490448065,0.3207177306,America/New_York,90,173,-38.7291944287,5.0606388004,-23.5472780275,13.2829026274,False,True,True,True,inconsistent with the required eclipse at the three-sigma screening level
390988672,1824558113717386752.0000000000,132.0799150210,16.3733000000,5.4361000000,0.0066920627,0.4348435063,0.9786476868,310.4726750832,352.4048258044,1215.0865786116,0,0.2490448065,0.3207177306,America/New_York,90,171,4.1849017298,36.8809858956,114.8278594166,434.8435063280,False,True,True,True,inconsistent with the required eclipse at the three-sigma screening level
1845605990,1824560969880774144.0000000000,132.6022307984,16.2974000000,5.3602000000,0.0071766208,0.4054833156,1.0000000000,84.3593914878,134.3283949409,684.8232274394,8,0.2490448065,0.3207177306,America/New_York,90,173,-12.0062897145,10.9039959524,20.7056981427,405.4833155651,False,True,True,True,inconsistent with the required eclipse at the three-sigma screening level
390988398,1824562619149017088.0000000000,132.6140274867,17.1573000000,6.2201000000,0.0032505736,0.8952266227,0.9395017794,593.7516101978,522.3781038469,2081.5830837189,0,0.2490448065,0.3207177306,America/New_York,89,162,-470.3610317623,70.7882350969,-257.9963264716,895.2266227116,False,True,True,True,inconsistent with the required eclipse at the three-sigma screening level
390988273,1824562168198964224.0000000000,132.6809480332,14.5706000000,3.6334000000,0.0352078901,0.0826519281,1.0000000000,63.4409604274,92.4627590545,484.4933828416,4,0.2490448065,0.3207177306,America/New_York,90,173,25.7348535860,8.0956704874,50.0218650482,82.6519280544,False,True,True,True,inconsistent with the required eclipse at the three-sigma screening level
1845600109,1824558152382158336.0000000000,132.7960378385,17.1826000000,6.2454000000,0.0031757039,0.9163322865,1.0000000000,135.7797544404,179.4862844978,796.8157508058,3,0.2490448065,0.3207177306,America/New_York,90,173,-82.0346188914,16.0440793501,-33.9023808411,916.3322865150,False,True,True,True,inconsistent with the required eclipse at the three-sigma screening level
390988601,1824558148077160960.0000000000,132.9012200458,14.9290000000,3.9918000000,0.0253092922,0.1149775338,1.0000000000,109.5661359738,144.8367444234,915.7606235250,3,0.2490448065,0.3207177306,America/New_York,90,173,-60.7357976562,12.0582737673,-24.5609763543,114.9775337829,False,True,True,True,inconsistent with the required eclipse at the three-sigma screening level
390988112,1824562962787635200.0000000000,132.9818890030,16.7075000000,5.7703000000,0.0049190360,0.5915793270,0.5124555160,781.1271196158,858.4190385812,4450.3072328963,1,0.2490448065,0.3207177306,America/New_York,54,86,-429.8932145146,153.6798498288,31.1463349719,591.5793270105,False,False,True,False,"not cleared because of aperture overlap, incomplete/noisy measurements, or an insufficient depth limit"
390988203,1824562206873430528.0000000000,132.9999507158,16.9581000000,6.0209000000,0.0039051705,0.7451659280,1.0000000000,269.8910431564,273.9596303210,911.2827863884,0,0.2490448065,0.3207177306,America/New_York,90,173,-163.6588256715,31.6548422493,-68.6942989235,745.1659280136,False,True,True,True,inconsistent with the required eclipse at the three-sigma screening level
390988105,1824562958467614720.0000000000,133.1124191664,16.3726000000,5.4354000000,0.0066963786,0.4345632427,0.4270462633,902.1484323594,1045.9211238127,4496.2096332094,0,0.2490448065,0.3207177306,America/New_York,47,72,95.6969520827,173.3323561040,615.6940203947,434.5632427149,False,False,True,False,"not cleared because of aperture overlap, incomplete/noisy measurements, or an insufficient depth limit"
390988570,1824561240453640192.0000000000,133.4613254966,16.5413000000,5.6041000000,0.0057327104,0.5076132958,0.9857651246,305.8720236529,313.7668017167,1194.4185812643,0,0.2490448065,0.3207177306,America/New_York,90,172,-177.8446653151,35.4186453097,-71.5887293861,507.6132958436,False,True,True,True,inconsistent with the required eclipse at the three-sigma screening level
390988223,1824562202526519808.0000000000,133.5769564866,17.1217000000,6.1845000000,0.0033589226,0.8663492205,0.9822064057,431.1178260371,537.9646097778,2893.2827144194,2,0.2490448065,0.3207177306,America/New_York,90,170,-36.1612769887,54.5690408052,127.5458454270,866.3492205238,False,True,True,True,inconsistent with the required eclipse at the three-sigma screening level
390988671,1824560969922499584.0000000000,133.6768988734,14.3187000000,3.3815000000,0.0444017411,0.0655379706,1.0000000000,59.6666854568,80.6429990988,398.9252654068,6,0.2490448065,0.3207177306,America/New_York,90,173,-40.3577906923,7.0117240379,-19.3226185787,65.5379705654,False,True,True,True,inconsistent with the required eclipse at the three-sigma screening level
390988586,1824558152424196864.0000000000,133.7579777852,14.3510000000,3.4138000000,0.0431002709,0.0675169770,1.0000000000,89.5971755934,119.9289069119,494.3423272882,5,0.2490448065,0.3207177306,America/New_York,90,173,-47.1988638875,10.8482090502,-14.6542367368,67.5169770002,False,True,True,True,inconsistent with the required eclipse at the three-sigma screening level
390988690,1824560969922489344.0000000000,133.8562818645,16.0986000000,5.1614000000,0.0086186650,0.3376392983,0.9822064057,298.1318804573,303.6624271868,1043.6944634808,0,0.2490448065,0.3207177306,America/New_York,89,172,-128.2606589879,33.0190512426,-29.2035052600,337.6392982699,False,True,True,True,inconsistent with the required eclipse at the three-sigma screening level
390988628,1824558152382160384.0000000000,133.8675998364,17.1839000000,6.2467000000,0.0031719037,0.9174301088,0.9288256228,380.4578812639,433.4392420649,2050.7158233601,1,0.2490448065,0.3207177306,America/New_York,89,162,-204.4564388194,51.6022233472,-49.6497687779,917.4301088123,False,True,True,True,inconsistent with the required eclipse at the three-sigma screening level
390988538,1824561244800430336.0000000000,133.9635532836,15.5999000000,4.6627000000,0.0136433179,0.2132912252,1.0000000000,145.0070723499,171.5539664468,720.8713084499,0,0.2490448065,0.3207177306,America/New_York,90,173,-65.0718823517,18.2703174299,-10.2609300619,213.2912252206,False,True,True,True,inconsistent with the required eclipse at the three-sigma screening level
390988479,1824559629892946432.0000000000,134.0382051720,16.4124000000,5.4752000000,0.0064553531,0.4507886668,1.0000000000,104.7503566281,117.7131981994,473.4203392425,0,0.2490448065,0.3207177306,America/New_York,90,173,-40.7210384951,13.4736944462,-0.2999551565,450.7886667970,False,True,True,True,inconsistent with the required eclipse at the three-sigma screening level
390988475,1824559625545985536.0000000000,134.5154478861,16.2910000000,5.3538000000,0.0072190492,0.4031001771,1.0000000000,165.2834648447,199.9963640812,844.9539766596,1,0.2490448065,0.3207177306,America/New_York,90,173,-41.6377510207,20.6041539051,20.1747106946,403.1001771258,False,True,True,True,inconsistent with the required eclipse at the three-sigma screening level
1845608528,1824562172471733248.0000000000,135.0582909497,16.9772000000,6.0400000000,0.0038370725,0.7583906830,0.6725978648,616.7547131036,690.1305457282,4141.4883501125,1,0.2490448065,0.3207177306,America/New_York,67,122,103.3810742681,88.3318066817,368.3764943133,758.3906830497,False,False,True,False,"not cleared because of aperture overlap, incomplete/noisy measurements, or an insufficient depth limit"
390988414,1824562619190189312.0000000000,135.2658577150,15.6283000000,4.6911000000,0.0132910717,0.2189439702,0.9964412811,146.2094140971,158.6453939313,460.4613742354,0,0.2490448065,0.3207177306,America/New_York,90,173,-70.4607852277,18.2823809371,-15.6136424165,218.9439701636,False,True,True,True,inconsistent with the required eclipse at the three-sigma screening level
390988343,1824562614843294720.0000000000,135.4743746872,16.7428000000,5.8056000000,0.0047616777,0.6111291353,0.9928825623,210.8669943763,241.8809105424,848.6088745106,0,0.2490448065,0.3207177306,America/New_York,90,172,-31.3596075021,27.6125896986,51.4781615938,611.1291352763,False,True,True,True,inconsistent with the required eclipse at the three-sigma screening level
390988516,1824561244800433152.0000000000,136.7062396294,15.5243000000,4.5871000000,0.0146271596,0.1989449818,1.0000000000,173.7670668755,188.8515693701,904.1481250915,1,0.2490448065,0.3207177306,America/New_York,90,173,-108.3438619026,22.6193586343,-40.4857859995,198.9449818161,False,True,True,True,inconsistent with the required eclipse at the three-sigma screening level
390988380,1824561313519920128.0000000000,137.1847101898,15.7459000000,4.8087000000,0.0119266919,0.2439905404,0.9145907473,333.3534737237,316.3592095660,993.9601170243,0,0.2490448065,0.3207177306,America/New_York,90,161,-131.1143719107,36.7560010425,-20.8463687832,243.9905404406,False,True,True,True,inconsistent with the required eclipse at the three-sigma screening level
390988686,1824560965580463104.0000000000,137.6755319793,14.3099000000,3.3727000000,0.0447630840,0.0650089257,1.0000000000,88.9552799106,102.3858882991,574.3513045171,2,0.2490448065,0.3207177306,America/New_York,90,173,-48.7163333838,9.9012441074,-19.0126010616,65.0089256681,False,True,True,True,inconsistent with the required eclipse at the three-sigma screening level
390988120,1824562997147361792.0000000000,138.1596625431,13.7568000000,2.8196000000,0.0745006394,0.0390600675,1.0000000000,56.0511332744,74.5134591998,426.3558454683,2,0.2490448065,0.3207177306,America/New_York,90,173,-39.0903853845,7.0588600810,-17.9138051415,39.0600674574,False,True,True,True,inconsistent with the required eclipse at the three-sigma screening level
390988633,1824560999935433216.0000000000,138.1896808534,16.5756000000,5.6384000000,0.0055544364,0.5239055377,0.8825622776,584.5669416010,582.9029424296,2876.6835253950,0,0.2490448065,0.3207177306,America/New_York,86,152,-159.5636672049,74.7205678446,64.5980363289,523.9055377069,False,True,True,True,inconsistent with the required eclipse at the three-sigma screening level
1845610334,1824562962787646464.0000000000,138.6411527865,15.8974000000,4.9602000000,0.0103733731,0.2805259159,1.0000000000,115.1407983339,163.4598542725,656.9590280182,4,0.2490448065,0.3207177306,America/New_York,90,173,-12.8057338980,14.1935472449,29.7749078368,280.5259158988,False,True,True,True,inconsistent with the required eclipse at the three-sigma screening level
390988089,1824563714359769344.0000000000,139.1045007457,17.1095000000,6.1723000000,0.0033968784,0.8566688767,1.0000000000,128.1471326312,178.9670780976,793.4155421621,3,0.2490448065,0.3207177306,America/New_York,90,173,-36.2866342505,17.6380879784,16.6276296849,856.6688766614,False,True,True,True,inconsistent with the required eclipse at the three-sigma screening level
390988289,1824562172513694208.0000000000,139.2321183273,12.7576000000,1.8204000000,0.1869993083,0.0155615549,1.0000000000,57.2920343252,69.5595963531,442.4802480426,2,0.2490448065,0.3207177306,America/New_York,90,173,-48.7463533892,5.9968278847,-30.7558697350,15.5615548912,False,True,True,True,inconsistent with the required eclipse at the three-sigma screening level
1845608527,1824562172471732224.0000000000,139.3630341980,15.6803000000,4.7431000000,0.0126695153,0.2296851879,1.0000000000,64.2306825366,120.6617447954,663.9910002744,10,0.2490448065,0.3207177306,America/New_York,90,173,1.4061769927,9.2900836732,29.2764280122,229.6851878873,False,True,True,True,inconsistent with the required eclipse at the three-sigma screening level
390988607,1824558148077157120.0000000000,139.7600181485,16.5782000000,5.6410000000,0.0055411512,0.5251616316,1.0000000000,288.6759569529,426.8709911221,2954.5639821083,3,0.2490448065,0.3207177306,America/New_York,90,173,201.7006021181,30.5559244948,293.3683756025,525.1616316480,False,True,True,True,inconsistent with the required eclipse at the three-sigma screening level
390988085,1824562962787648000.0000000000,139.8384168211,14.6881000000,3.7509000000,0.0315965744,0.0920985916,1.0000000000,101.5362109968,120.2190314844,531.9040966857,1,0.2490448065,0.3207177306,America/New_York,90,173,-79.0350989124,11.1449567207,-45.6002287504,92.0985916219,False,True,True,True,inconsistent with the required eclipse at the three-sigma screening level
390988591,1824561206093887232.0000000000,141.2705095880,16.9685000000,6.0313000000,0.0038679424,0.7523379840,0.9466192171,365.2811885480,386.4018416236,968.5891704144,0,0.2490448065,0.3207177306,America/New_York,89,167,-90.0388165622,50.0674374072,60.1634956595,752.3379839594,False,True,True,True,inconsistent with the required eclipse at the three-sigma screening level
390988084,1824563714355086848.0000000000,141.5275598041,17.1184000000,6.1812000000,0.0033691473,0.8637200257,0.9644128114,298.0958254888,312.8012922249,912.4449144295,0,0.2490448065,0.3207177306,America/New_York,87,171,21.9934891762,39.7375716742,141.2062041989,863.7200256548,False,True,True,True,inconsistent with the required eclipse at the three-sigma screening level
390988086,1824563718701903104.0000000000,141.6046984160,15.5053000000,4.5681000000,0.0148853825,0.1954938002,1.0000000000,128.8946473114,150.9767021678,528.1196007291,0,0.2490448065,0.3207177306,America/New_York,90,173,-81.3609852453,16.6249062918,-31.4862663700,195.4938002225,False,True,True,True,inconsistent with the required eclipse at the three-sigma screening level
390988099,1824563065825815552.0000000000,141.7035620797,16.5054000000,5.5682000000,0.0059254317,0.4911034544,0.9430604982,325.0462829024,408.2339108006,2064.6125016194,3,0.2490448065,0.3207177306,America/New_York,88,167,-5.3696581183,42.2264371768,121.3096534120,491.1034544400,False,True,True,True,inconsistent with the required eclipse at the three-sigma screening level
390988344,1824562172513381888.0000000000,141.8066875816,13.0306000000,2.0934000000,0.1454253106,0.0200102719,1.0000000000,53.2733803266,70.3961810730,451.1672915422,2,0.2490448065,0.3207177306,America/New_York,90,173,-37.7855197198,5.6657284583,-20.7883343451,20.0102718589,False,True,True,True,inconsistent with the required eclipse at the three-sigma screening level
390988389,1824562619190188032.0000000000,142.1061172306,15.6658000000,4.7286000000,0.0128398515,0.2266381357,0.9964412811,190.6860561127,216.7464363227,900.5948712867,0,0.2490448065,0.3207177306,America/New_York,90,173,-122.3890439421,23.5839582213,-51.6371692781,226.6381356566,False,True,True,True,inconsistent with the required eclipse at the three-sigma screening level
390988193,1824562790988907264.0000000000,142.2601603815,14.9691000000,4.0319000000,0.0243915837,0.1193034462,1.0000000000,90.8755923726,102.4021515130,498.0810315604,1,0.2490448065,0.3207177306,America/New_York,90,173,-62.0895474476,9.1559430459,-34.6217183097,119.3034462279,False,True,True,True,inconsistent with the required eclipse at the three-sigma screening level
390988330,1824562619190193152.0000000000,142.3913067607,16.9608000000,6.0236000000,0.0038954712,0.7470213066,0.4377224199,847.1047906436,932.3338170688,3059.4207125194,0,0.2490448065,0.3207177306,America/New_York,43,71,-130.8804988095,159.1210933574,346.4827812628,747.0213066219,False,False,True,False,"not cleared because of aperture overlap, incomplete/noisy measurements, or an insufficient depth limit"
390988093,1824563718701906944.0000000000,142.4444121328,16.3542000000,5.4170000000,0.0068108294,0.4272607406,0.9928825623,149.4372099550,212.7831591042,1314.2047526715,1,0.2490448065,0.3207177306,America/New_York,90,173,-55.2081624271,20.6558796033,6.7594763827,427.2607406391,False,True,True,True,inconsistent with the required eclipse at the three-sigma screening level
390988501,1824559629892943360.0000000000,142.6535960424,16.3380000000,5.4008000000,0.0069132140,0.4209330140,0.9608540925,234.1402541097,297.6788023151,1434.6244445387,1,0.2490448065,0.3207177306,America/New_York,88,168,-77.5043272116,29.0940168108,9.7777232209,420.9330139564,False,True,True,True,inconsistent with the required eclipse at the three-sigma screening level
390988294,1824562722269413888.0000000000,143.2247136909,15.7280000000,4.7908000000,0.0121249512,0.2400009656,1.0000000000,147.0108316200,178.1473953445,888.5275494669,1,0.2490448065,0.3207177306,America/New_York,90,173,-66.0706069950,18.4759168508,-10.6428564426,240.0009655814,False,True,True,True,inconsistent with the required eclipse at the three-sigma screening level
390988700,1824560969922496768.0000000000,143.2931017349,15.9753000000,5.0381000000,0.0096551717,0.3013928804,0.9395017794,204.4703352669,284.5199423496,902.1552371129,0,0.2490448065,0.3207177306,America/New_York,89,163,-57.6406311424,28.0263871050,26.4385301725,301.3928803519,False,True,True,True,inconsistent with the required eclipse at the three-sigma screening level
390988129,1824562997147352064.0000000000,144.1768122931,15.6926000000,4.7554000000,0.0125267959,0.2323020215,0.9822064057,242.0520325817,297.3633045059,1247.8463376526,1,0.2490448065,0.3207177306,America/New_York,90,172,-52.4267658182,31.5793355106,42.3112407137,232.3020214594,False,True,True,True,inconsistent with the required eclipse at the three-sigma screening level
390988692,1824558113717379584.0000000000,144.3145279265,16.6505000000,5.7133000000,0.0051841791,0.5613231956,0.9857651246,349.0421536140,334.2925890943,862.6744200705,0,0.2490448065,0.3207177306,America/New_York,90,173,-111.7425594711,43.0174202033,17.3097011388,561.3231956160,False,True,True,True,inconsistent with the required eclipse at the three-sigma screening level
390988696,1824560969922500096.0000000000,144.5741839121,17.1762000000,6.2390000000,0.0031944787,0.9109467463,0.8612099644,581.7186064553,876.4673783784,5055.6166603221,5,0.2490448065,0.3207177306,America/New_York,84,151,-116.4357848899,85.2584264033,139.3394943201,910.9467463180,False,True,True,True,inconsistent with the required eclipse at the three-sigma screening level
390988608,1824558152424193792.0000000000,144.6195828231,16.8572000000,5.9200000000,0.0042854852,0.6790362961,0.5765124555,791.7763389646,942.5582007604,5095.5029053362,1,0.2490448065,0.3207177306,America/New_York,51,106,427.8423646650,142.5630371856,855.5314762219,679.0362961238,False,False,True,False,"not cleared because of aperture overlap, incomplete/noisy measurements, or an insufficient depth limit"
1845603186,1824559629892942080.0000000000,144.9512979292,16.3595000000,5.4223000000,0.0067776635,0.4293515044,1.0000000000,158.5477757190,186.5120565021,787.7087220974,0,0.2490448065,0.3207177306,America/New_York,90,173,-93.4307252561,19.4444833887,-35.0972750900,429.3515044285,False,True,True,True,inconsistent with the required eclipse at the three-sigma screening level
390988314,1824562172513383424.0000000000,145.0317821478,17.2675000000,6.3303000000,0.0029368381,0.9908615794,0.0071174377,,,,0,0.2490448065,0.3207177306,America/New_York,0,0,,,,990.8615793808,False,False,True,False,"not cleared because of aperture overlap, incomplete/noisy measurements, or an insufficient depth limit"
1845603142,1824559629851743232.0000000000,145.4281964540,15.8439000000,4.9067000000,0.0108973274,0.2670379522,1.0000000000,128.9197827415,137.4050438344,626.7959379606,0,0.2490448065,0.3207177306,America/New_York,90,173,-67.7030850410,15.5757498101,-20.9758356106,267.0379522350,False,True,True,True,inconsistent with the required eclipse at the three-sigma screening level
390988597,1824561210440687104.0000000000,145.6512439878,16.6276000000,5.6904000000,0.0052946834,0.5496079283,0.9786476868,334.1951963111,343.6720544806,866.8955675530,0,0.2490448065,0.3207177306,America/New_York,90,170,-122.0744596986,43.4230352207,8.1946459635,549.6079283365,False,True,True,True,inconsistent with the required eclipse at the three-sigma screening level
390988667,1824560999967865856.0000000000,145.9946455691,16.6698000000,5.7326000000,0.0050928396,0.5713904651,0.9750889680,298.8381278848,338.1636135474,1838.6833076580,1,0.2490448065,0.3207177306,America/New_York,89,170,-176.7524261135,36.8698435955,-66.1428953271,571.3904651425,False,True,True,True,inconsistent with the required eclipse at the three-sigma screening level
390988695,1824560969880781056.0000000000,146.0533559467,16.2956000000,5.3584000000,0.0071885285,0.4048116374,0.1174377224,1072.9449926752,2851.7703146029,12088.7136208228,3,0.2490448065,0.3207177306,America/New_York,16,17,,,,404.8116374102,False,False,True,False,"not cleared because of aperture overlap, incomplete/noisy measurements, or an insufficient depth limit"
390988413,1824562619190185472.0000000000,146.3757664883,14.9874000000,4.0502000000,0.0239839108,0.1213313386,1.0000000000,72.7442697918,98.6232500310,339.6776275187,0,0.2490448065,0.3207177306,America/New_York,90,173,-25.4103754721,9.5540164695,3.2516739363,121.3313385900,False,True,True,True,inconsistent with the required eclipse at the three-sigma screening level
390988715,1824560969922491136.0000000000,146.5075709466,17.1653000000,6.2281000000,0.0032267105,0.9018472576,0.0889679715,992.5409132063,1308.8669585886,3478.7472937233,0,0.2490448065,0.3207177306,America/New_York,12,11,,,,901.8472576025,False,False,True,False,"not cleared because of aperture overlap, incomplete/noisy measurements, or an insufficient depth limit"
390988623,1824560999935456768.0000000000,146.5492404768,17.0540000000,6.1168000000,0.0035750325,0.8139786034,0.9430604982,358.2400859712,434.8198073083,2157.3016517872,2,0.2490448065,0.3207177306,America/New_York,84,168,155.4592794491,44.8054218212,289.8755449127,813.9786034050,False,True,True,True,inconsistent with the required eclipse at the three-sigma screening level
390988115,1824563684342179328.0000000000,147.4452110075,14.5777000000,3.6405000000,0.0349784048,0.0831941883,1.0000000000,61.3317228836,74.3370626692,444.8564471259,2,0.2490448065,0.3207177306,America/New_York,90,173,-41.7850900419,6.8994324614,-21.0867926578,83.1941883314,False,True,True,True,inconsistent with the required eclipse at the three-sigma screening level
390988359,1824562069392522240.0000000000,147.4514761771,15.0862000000,4.1490000000,0.0218977756,0.1328902104,1.0000000000,187.5089519569,389.7561845771,2255.8087425364,12,0.2490448065,0.3207177306,America/New_York,90,173,-76.1481119068,26.3792364395,2.9895974117,132.8902103880,False,True,True,True,inconsistent with the required eclipse at the three-sigma screening level
390988362,1824562619190189056.0000000000,148.2683664536,16.0243000000,5.0871000000,0.0092291138,0.3153065474,0.9786476868,337.4533924444,397.4343844250,1213.2807369361,0,0.2490448065,0.3207177306,America/New_York,90,170,-115.9938920558,47.8585746379,27.5818318578,315.3065473546,False,True,True,True,inconsistent with the required eclipse at the three-sigma screening level
390988645,1824561004240550400.0000000000,148.5114455902,15.8885000000,4.9513000000,0.0104587553,0.2782357872,0.9466192171,291.5019307395,316.4572478645,983.9809847471,0,0.2490448065,0.3207177306,America/New_York,87,166,-99.3466881269,37.3880927463,12.8175901119,278.2357871873,False,True,True,True,inconsistent with the required eclipse at the three-sigma screening level
390988123,1824563684342182400.0000000000,148.8173780970,16.8477000000,5.9105000000,0.0043231470,0.6731207661,0.8078291815,729.6674504192,673.1993972968,3193.5367412421,0,0.2490448065,0.3207177306,America/New_York,76,143,-277.4196590490,98.5149060980,18.1250592450,673.1207661441,False,True,True,True,inconsistent with the required eclipse at the three-sigma screening level
390988073,1824563714355088384.0000000000,149.6043215533,17.1110000000,6.1738000000,0.0033921887,0.8578532264,0.7224199288,644.9948836265,654.1027539763,3134.9346901725,0,0.2490448065,0.3207177306,America/New_York,77,121,22.4227091519,93.4025010194,302.6302122100,857.8532263839,False,False,True,False,"not cleared because of aperture overlap, incomplete/noisy measurements, or an insufficient depth limit"
390988062,1824563714355108096.0000000000,149.8053526503,17.1676000000,6.2304000000,0.0032198823,0.9037597362,0.7793594306,730.5464199947,1371.1384992270,7330.0524186611,9,0.2490448065,0.3207177306,America/New_York,78,133,-190.9337147614,110.4060268050,140.2843656535,903.7597362113,False,False,True,False,"not cleared because of aperture overlap, incomplete/noisy measurements, or an insufficient depth limit"
