ID,ra,dec,Tmag,e_Tmag,GAIA,GAIAmag,gaiabp,gaiarp,pmRA,pmDEC,plx,Teff,rad,mass,d,numcont,contratio,disposition,duplicate_id,dstArcSec,delta_tmag,flux_ratio_to_target,eclipse_fraction_needed_simple,deduplication_key,x_zero_indexed,y_zero_indexed,catalog_screen
390988375,297.0454379346,18.7003365531,16.9521000000,0.0115000000,1824561377897561088.0000000000,17.5306000000,17.8550000000,16.7231000000,,,,,,,,,,,,8.4252241340,6.0149000000,0.0039268110,0.7410593463,gaia_1.824561377897561e+18,1831.2321749995,1727.5895481335,bright enough to mimic 2.91 ppt only under a total-throughput simple eclipse calculation
390988378,297.0401730482,18.7000526521,14.9568000000,0.0174000000,1824561377892708864.0000000000,15.9071000000,16.8282000000,14.9367000000,-1.2959100000,-3.9242300000,0.0209173000,4615.0000000000,14.1749000000,,8186.9200000000,,,,,11.9857095289,4.0196000000,0.0246694803,0.1179595179,gaia_1.8245613778927089e+18,1880.7841647896,1730.9581953133,bright enough to mimic 2.91 ppt only under a total-throughput simple eclipse calculation
390988347,297.0424219948,18.7037282922,14.1089000000,0.0103000000,1824561377892708608.0000000000,14.9853000000,15.8276000000,14.0695000000,-2.5577400000,-4.0328000000,0.2726700000,4489.0000000000,7.7038900000,,3303.5100000000,,,,,17.7001883052,3.1717000000,0.0538666541,0.0540222899,gaia_1.8245613778927086e+18,1860.0143788605,1694.1803211173,bright enough to mimic 2.91 ppt only under a total-throughput simple eclipse calculation
390988410,297.0488369983,18.6966698522,16.6888000000,0.0088411700,1824561176081216512.0000000000,17.7300000000,18.6540000000,16.7010000000,2.4558500000,-8.7419500000,1.2253700000,3813.0000000000,0.5961930000,0.5849720000,811.3970000000,,,,,19.9866091504,5.7516000000,0.0050044920,0.5814775996,gaia_1.8245611760812165e+18,1798.8108454436,1763.6918784030,bright enough to mimic 2.91 ppt only under a total-throughput simple eclipse calculation
390988435,297.0428637891,18.6932151859,16.6913000000,0.0220000000,1824561171761118464.0000000000,17.2810000000,17.6975000000,16.5613000000,-2.4603600000,-4.6623500000,0.3275370000,5902.0000000000,1.1378200000,1.0700000000,2817.4900000000,,,,,20.6216765528,5.7541000000,0.0049929820,0.5828180439,gaia_1.8245611717611185e+18,1854.6803029106,1798.6603183770,bright enough to mimic 2.91 ppt only under a total-throughput simple eclipse calculation
390988436,297.0404527364,18.6928869552,15.6386000000,0.0343000000,1824561176040155392.0000000000,16.3234000000,16.9002000000,15.5724000000,-7.7486100000,-7.8812500000,0.2164940000,5462.0000000000,3.0470900000,,3905.4000000000,,,,,24.0220776229,4.7014000000,0.0131655801,0.2210308984,gaia_1.8245611760401554e+18,1877.3515138031,1802.1737021575,bright enough to mimic 2.91 ppt only under a total-throughput simple eclipse calculation
390988374,297.0504947913,18.7004974564,15.9991000000,0.0265000000,1824562649203014400.0000000000,16.8296000000,17.5967000000,15.9473000000,-1.2858100000,-3.6264100000,0.2622660000,4666.0000000000,3.0053700000,,3353.4200000000,,,,,24.6033067395,5.0619000000,0.0094458273,0.3080725398,gaia_1.8245626492030144e+18,1783.6269296021,1725.4637328776,bright enough to mimic 2.91 ppt only under a total-throughput simple eclipse calculation
390988358,297.0366617529,18.7025175438,15.3027000000,0.0066000000,1824561382239665664.0000000000,15.9591000000,16.3754000000,15.0663000000,,,,,,,,,,,,26.6122722117,4.3655000000,0.0179390731,0.1622157388,gaia_1.8245613822396657e+18,1914.1281910098,1706.8141960661,bright enough to mimic 2.91 ppt only under a total-throughput simple eclipse calculation
390988400,297.0357100310,18.6975981281,16.7168000000,0.0183000000,1824561377892682240.0000000000,17.4195000000,18.0110000000,16.6417000000,0.5680470000,-1.8442800000,0.3720390000,5187.0000000000,1.2712100000,0.8800000000,2535.7000000000,,,,,26.9022518958,5.7796000000,0.0048770814,0.5966683328,gaia_1.8245613778926822e+18,1922.5438842725,1755.8237081370,bright enough to mimic 2.91 ppt only under a total-throughput simple eclipse calculation
1845606942,297.0362087447,18.6950072008,16.5280000000,0.0160000000,1824561382239660544.0000000000,17.1833000000,17.7066000000,16.4361000000,-5.6883500000,-8.7594300000,0.4672990000,5396.0000000000,1.0296500000,0.9400000000,2059.9900000000,,,,,28.4944014325,5.5908000000,0.0058033665,0.5014330888,gaia_1.8245613822396605e+18,1917.5586687749,1781.5323984382,bright enough to mimic 2.91 ppt only under a total-throughput simple eclipse calculation
390988325,297.0397436390,18.7061274184,15.1972000000,0.0110000000,1824561382239665152.0000000000,15.8225000000,16.3468000000,15.1389000000,-4.3180300000,-10.5838000000,0.3637770000,5633.0000000000,2.2091000000,1.0000000000,2555.0900000000,,,,,28.9193618210,4.2600000000,0.0197696964,0.1471949766,gaia_1.8245613822396652e+18,1885.5062422972,1670.6044325595,bright enough to mimic 2.91 ppt only under a total-throughput simple eclipse calculation
390988426,297.0507248228,18.6945914414,16.9634000000,0.0070000000,1824561171761230848.0000000000,17.6543000000,17.8483000000,16.4573000000,5.4278300000,-7.3718300000,,,,,,,,SPLIT,,29.2089515948,6.0262000000,0.0038861539,0.7488123336,gaia_1.8245611717612308e+18,1780.7993768095,1784.1595233619,bright enough to mimic 2.91 ppt only under a total-throughput simple eclipse calculation
390988448,297.0380557035,18.6918293844,16.4960000000,0.0428000000,1824561176081224192.0000000000,17.0812000000,17.5484000000,16.4199000000,-3.0607000000,-5.5873100000,0.1712720000,6199.0000000000,1.8713300000,1.1900000000,4334.7900000000,,,,,31.4980095486,5.5588000000,0.0059769552,0.4868699709,gaia_1.8245611760812242e+18,1899.8099193208,1812.9366903888,bright enough to mimic 2.91 ppt only under a total-throughput simple eclipse calculation
390988407,297.0526074851,18.6968236630,17.1646000000,0.0440000000,1824561171734246400.0000000000,17.9602000000,18.6367000000,17.0707000000,-3.9945200000,-6.1608000000,0.1568320000,4884.0000000000,1.9150100000,,3958.3600000000,,,,,32.0347704523,6.2274000000,0.0032287915,0.9012660026,gaia_1.8245611717342464e+18,1763.3190967936,1761.7696456421,bright enough to mimic 2.91 ppt only under a total-throughput simple eclipse calculation
390988312,297.0401661831,18.7076256945,15.7605000000,0.0361000000,1824561382239666176.0000000000,16.6894000000,17.5793000000,15.7237000000,-2.0464900000,-5.2132700000,0.0977997000,4547.0000000000,6.4802500000,,5546.1000000000,,,,,33.3310326175,4.8233000000,0.0117673860,0.2472936638,gaia_1.8245613822396662e+18,1881.6942604579,1655.6641078487,bright enough to mimic 2.91 ppt only under a total-throughput simple eclipse calculation
390988462,297.0392990772,18.6899893535,16.6701000000,0.0378000000,1824561171761065984.0000000000,17.3373000000,17.8859000000,16.5935000000,-1.8912400000,-2.5810200000,0.2498370000,5502.0000000000,1.6165400000,0.9700000000,3429.0500000000,,,,,35.1444888037,5.7329000000,0.0050914326,0.5715483680,gaia_1.824561171761066e+18,1887.8946655791,1831.1023441643,bright enough to mimic 2.91 ppt only under a total-throughput simple eclipse calculation
390988315,297.0490506193,18.7071437975,16.7519000000,0.0186000000,1824562855388388352.0000000000,17.3961000000,17.9216000000,16.6744000000,-2.6396500000,-3.2312000000,0.4471600000,5467.0000000000,0.9511610000,0.9600000000,2157.7900000000,,,,,35.2010284117,5.8147000000,0.0047219350,0.6162727844,gaia_1.8245628553883884e+18,1797.9721680799,1659.5334681746,bright enough to mimic 2.91 ppt only under a total-throughput simple eclipse calculation
390988392,297.0538481197,18.6985235979,17.2419000000,0.0065000000,1824562653508866048.0000000000,17.8648000000,18.0003000000,16.7686000000,-2.4688000000,-4.2011300000,0.2341410000,,,,3463.2100000000,,,SPLIT,,35.4339837005,6.3047000000,0.0030069070,0.9677718579,gaia_1.824562653508866e+18,1751.8260199302,1744.7388050068,bright enough to mimic 2.91 ppt only under a total-throughput simple eclipse calculation
390988472,297.0444185913,18.6887394869,16.7682000000,0.0475000000,1824561176081216000.0000000000,17.4857000000,18.0828000000,16.6909000000,-1.9388000000,-4.3617100000,0.0766361000,5528.0000000000,2.4404600000,0.9700000000,5050.8400000000,,,,,36.7690128137,5.8310000000,0.0046515747,0.6255945966,gaia_1.824561176081216e+18,1839.5380858856,1842.9979988468,bright enough to mimic 2.91 ppt only under a total-throughput simple eclipse calculation
390988304,297.0427707741,18.7091831024,15.1023000000,0.0191000000,1824562859708413696.0000000000,15.9975000000,16.8457000000,15.0803000000,-2.0145600000,-2.0523700000,0.0254588000,4851.0000000000,11.5263000000,,7952.3700000000,,,,,37.0468972222,4.1651000000,0.0215754568,0.1348754756,gaia_1.8245628597084137e+18,1857.3397420461,1639.9098662807,bright enough to mimic 2.91 ppt only under a total-throughput simple eclipse calculation
390988341,297.0342230212,18.7043480308,14.8425000000,0.0256000000,1824561382239671808.0000000000,15.7376000000,16.5977000000,14.8186000000,-3.6270600000,-8.2690100000,0.1446760000,4648.0000000000,8.8042900000,,5244.0900000000,,,,,37.1243552082,3.9053000000,0.0274081675,0.1061727311,gaia_1.8245613822396718e+18,1937.3000702813,1688.8662702910,bright enough to mimic 2.91 ppt only under a total-throughput simple eclipse calculation
390988440,297.0525325277,18.6924301211,16.8513000000,0.0341000000,1824561176081209856.0000000000,17.6200000000,18.2743000000,16.7458000000,-3.0563300000,-8.4046900000,0.8112950000,4644.0000000000,0.7100050000,0.7400000000,1278.5900000000,,,,,38.7119724594,5.9141000000,0.0043088364,0.6753563521,gaia_1.8245611760812099e+18,1763.5330883889,1805.4595374219,bright enough to mimic 2.91 ppt only under a total-throughput simple eclipse calculation
390988463,297.0370081504,18.6897268003,17.2093000000,0.0410000000,1824561137401295872.0000000000,18.0141000000,18.6464000000,17.0558000000,-6.6279100000,-4.0818600000,0.2447320000,4775.0000000000,1.6281300000,,3339.0700000000,,,,,39.7535368821,6.2721000000,0.0030985606,0.9391457316,gaia_1.824561137401296e+18,1909.4426087222,1833.9498280646,bright enough to mimic 2.91 ppt only under a total-throughput simple eclipse calculation
390988452,297.0347139371,18.6912390514,15.8825000000,0.0133000000,1824561347837928448.0000000000,16.4696000000,16.8995000000,15.7679000000,-0.9397480000,-8.3254900000,0.5769160000,5699.0000000000,0.9891620000,1.0100000000,1667.0200000000,,,,,40.6960549446,4.9453000000,0.0105167125,0.2767024401,gaia_1.8245613478379284e+18,1931.2188055258,1819.1514391433,bright enough to mimic 2.91 ppt only under a total-throughput simple eclipse calculation
390988307,297.0364774314,18.7082140369,15.9580000000,0.0296000000,1824561377892732416.0000000000,16.6698000000,17.2848000000,15.8989000000,-1.6408700000,-1.6855100000,0.1899300000,5248.0000000000,3.0122200000,,4209.1400000000,,,,,41.1147764248,5.0208000000,0.0098102483,0.2966285774,gaia_1.8245613778927324e+18,1916.4993223090,1650.1957839264,bright enough to mimic 2.91 ppt only under a total-throughput simple eclipse calculation
390988399,297.0312506319,18.6979992607,14.8650000000,0.0110000000,1824561382239669248.0000000000,15.4437000000,15.9150000000,14.8002000000,1.5265900000,-8.2016900000,0.6610390000,5696.0000000000,1.3624800000,1.0100000000,1454.2900000000,,,,,41.8182207101,3.9278000000,0.0268460256,0.1083959333,gaia_1.8245613822396692e+18,1964.5886575825,1752.2953456477,bright enough to mimic 2.91 ppt only under a total-throughput simple eclipse calculation
390988366,297.0314279684,18.7012175586,16.3578000000,0.0407000000,1824561382239672832.0000000000,16.9787000000,17.4843000000,16.2843000000,-3.3425800000,-4.6407300000,0.0524431000,6255.0000000000,2.9027500000,1.2200000000,6005.5000000000,,,,,41.9118652442,5.4206000000,0.0067882839,0.4286797700,gaia_1.8245613822396728e+18,1963.2759872081,1720.2791004296,bright enough to mimic 2.91 ppt only under a total-throughput simple eclipse calculation
390988316,297.0529085049,18.7070570086,16.2777000000,0.0356000000,1824562859708399104.0000000000,16.9075000000,17.4082000000,16.1922000000,-4.0564400000,-5.4431100000,0.2351930000,5767.0000000000,1.8967900000,1.0300000000,3627.5800000000,,,,,43.5186599354,5.3405000000,0.0073080246,0.3981924204,gaia_1.824562859708399e+18,1761.6323168021,1659.9944863941,bright enough to mimic 2.91 ppt only under a total-throughput simple eclipse calculation
390988286,297.0469288505,18.7123345958,10.8678000000,0.0105000000,1824562859708410880.0000000000,11.7336000000,12.5953000000,10.8373000000,2.5226500000,2.5823700000,0.5129700000,4332.0000000000,19.2654000000,,1852.0100000000,,,,,49.7280217462,-0.0694000000,1.0660068613,0.0027298136,gaia_1.824562859708411e+18,1818.5354003156,1608.1447826608,bright enough to mimic 2.91 ppt only under a total-throughput simple eclipse calculation
390988425,297.0575327017,18.6948699010,16.1064000000,0.0327000000,1824562653508845312.0000000000,16.9012000000,17.5603000000,15.9948000000,1.0089300000,-9.2030800000,0.2294860000,4864.0000000000,,,3678.8100000000,,,SPLIT,,50.0958094540,5.1692000000,0.0085569698,0.3400736549,gaia_1.8245626535088453e+18,1716.7170566488,1780.6798492200,bright enough to mimic 2.91 ppt only under a total-throughput simple eclipse calculation
390988421,297.0290684337,18.6957094957,16.4740000000,0.0321000000,1824561347879932672.0000000000,17.1433000000,17.6941000000,16.3968000000,-4.8753800000,-6.7880700000,0.2699420000,5456.0000000000,1.6974900000,0.9500000000,3264.8600000000,,,,,50.4662006498,5.5368000000,0.0060993001,0.4771039246,gaia_1.8245613478799327e+18,1984.8877155460,1775.2859646525,bright enough to mimic 2.91 ppt only under a total-throughput simple eclipse calculation
390988342,297.0295526052,18.7042604714,14.0626000000,0.0119000000,1824561377892720128.0000000000,14.5883000000,15.0013000000,13.9915000000,-1.6603900000,-13.6115000000,1.0936200000,5680.0000000000,1.1220800000,1.0100000000,891.8260000000,,,,,51.2307866831,3.1254000000,0.0562134189,0.0517669990,gaia_1.82456137789272e+18,1981.2768467093,1690.2177978491,bright enough to mimic 2.91 ppt only under a total-throughput simple eclipse calculation
390988456,297.0310631018,18.6907901621,16.5677000000,0.0260000000,1824561343532915712.0000000000,17.3525000000,18.0525000000,16.5053000000,-0.2909770000,-2.5797800000,0.2951180000,4835.0000000000,1.9290500000,,3056.4400000000,,,,,51.4493896646,5.6305000000,0.0055949988,0.5201073474,gaia_1.8245613435329157e+18,1965.5551369204,1823.9910548611,bright enough to mimic 2.91 ppt only under a total-throughput simple eclipse calculation
390988350,297.0289641930,18.7032941141,16.8097000000,0.0226000000,1824561377897559552.0000000000,17.6775000000,18.3692000000,16.6638000000,-1.8395400000,-3.3567300000,-0.2500130000,4962.0000000000,4.7697800000,,7628.0100000000,,,,,51.9359240363,5.8725000000,0.0044771330,0.6499695168,gaia_1.8245613778975596e+18,1986.7112867163,1699.8863582001,bright enough to mimic 2.91 ppt only under a total-throughput simple eclipse calculation
390988287,297.0376558448,18.7122658211,16.6299000000,0.0357000000,1824562924080974848.0000000000,17.3688000000,18.0101000000,16.5736000000,0.1449450000,-0.2408030000,-0.0509350000,5394.0000000000,3.5282700000,,6556.5500000000,,,,,52.0024087882,5.6927000000,0.0052834792,0.5507734399,gaia_1.8245629240809748e+18,1905.8539743174,1609.7890882510,bright enough to mimic 2.91 ppt only under a total-throughput simple eclipse calculation
1845610104,297.0461437071,18.7131683510,14.8503000000,0.0139000000,1824562859708412672.0000000000,15.3791000000,15.7079000000,14.6926000000,0.1418430000,-4.0225600000,0.7430310000,5797.0000000000,1.1384300000,1.0400000000,1307.9400000000,,,,,52.1156654498,3.9131000000,0.0272119710,0.1069382294,gaia_1.8245628597084127e+18,1826.0226690700,1599.9367229591,bright enough to mimic 2.91 ppt only under a total-throughput simple eclipse calculation
390988444,297.0581928909,18.6921383616,14.2982000000,0.0080000000,1824561176081203456.0000000000,14.8399000000,15.2779000000,14.2363000000,1.1764700000,-8.4005400000,0.4305200000,6116.0000000000,2.4450900000,1.1500000000,2181.8500000000,,,,,55.7991726445,3.3610000000,0.0452480638,0.0643121441,gaia_1.8245611760812035e+18,1710.1933281086,1807.7684857914,bright enough to mimic 2.91 ppt only under a total-throughput simple eclipse calculation
390988453,297.0580296199,18.6912009563,16.0546000000,0.0358000000,1824561176081202432.0000000000,16.8564000000,17.5400000000,15.9600000000,-4.3820300000,-4.0682100000,0.2101580000,4850.0000000000,3.1906500000,,3903.6300000000,,,,,56.8683435446,5.1174000000,0.0089751145,0.3242298452,gaia_1.8245611760812024e+18,1711.6258077478,1817.1055311640,bright enough to mimic 2.91 ppt only under a total-throughput simple eclipse calculation
390988278,297.0360424169,18.7133155077,15.7065000000,0.0251000000,1824562928427903488.0000000000,16.6222000000,17.5009000000,15.6802000000,-2.3895400000,-5.2205100000,-0.0407028000,4638.0000000000,9.4028500000,,8087.9100000000,,,,,57.7099049939,4.7693000000,0.0123674454,0.2352951574,gaia_1.8245629284279035e+18,1921.1656910810,1599.5190854406,bright enough to mimic 2.91 ppt only under a total-throughput simple eclipse calculation
390988513,297.0431577079,18.6828667141,17.1785000000,0.0249000000,1824561137401387008.0000000000,17.8770000000,18.4481000000,17.0866000000,-3.3444600000,-2.0568800000,0.4327080000,5179.0000000000,0.9150180000,0.8800000000,2269.4000000000,,,,,57.7804250859,6.2413000000,0.0031877188,0.9128785215,gaia_1.824561137401387e+18,1850.7600134930,1901.5181355622,bright enough to mimic 2.91 ppt only under a total-throughput simple eclipse calculation
1845606364,297.0415116780,18.6827955600,17.2154000000,0.0473000000,1824561141721193984.0000000000,17.9016000000,18.4510000000,17.1232000000,-1.7774800000,-4.6061700000,-0.0453370000,5807.0000000000,2.1150400000,1.0400000000,5761.6300000000,,,,,58.4117512545,6.2782000000,0.0030812008,0.9444369913,gaia_1.824561141721194e+18,1866.2554924548,1902.3964294107,bright enough to mimic 2.91 ppt only under a total-throughput simple eclipse calculation
1845606859,297.0281295753,18.6913781452,16.6235000000,0.0078000000,1824561347879635968.0000000000,17.4814000000,18.1900000000,16.3689000000,-2.3566200000,-2.1689900000,-0.1590800000,,,,5198.3000000000,,,,,58.9460822233,5.6863000000,0.0053147152,0.5475363909,gaia_1.824561347879636e+18,1993.2507147782,1818.4469972908,bright enough to mimic 2.91 ppt only under a total-throughput simple eclipse calculation
1845607076,297.0268834551,18.7040510050,17.1039000000,0.0110000000,1824561450959157760.0000000000,17.9395000000,18.4809000000,16.7210000000,2.1127100000,-7.3968300000,1.8942800000,,,,526.6330000000,,,,,59.5249872949,6.1667000000,0.0034144440,0.8522617333,gaia_1.8245614509591578e+18,2006.3924141740,1692.5746856614,bright enough to mimic 2.91 ppt only under a total-throughput simple eclipse calculation
390988270,297.0514578861,18.7138061058,16.8389000000,0.0436000000,1824562859708405248.0000000000,17.4295000000,17.8735000000,16.7331000000,-3.9517400000,-5.8301200000,-0.2095360000,6310.0000000000,2.3612300000,1.2400000000,6380.0800000000,,,,,60.1245323857,5.9017000000,0.0043583289,0.6676871053,gaia_1.8245628597084052e+18,1776.0512059286,1593.0432707702,bright enough to mimic 2.91 ppt only under a total-throughput simple eclipse calculation
390988256,297.0467815939,18.7153570688,13.1511000000,0.0225000000,1824562859708412928.0000000000,14.5010000000,16.2518000000,13.1340000000,-2.7540900000,-4.9364900000,0.1169880000,3404.0000000000,41.1820000000,,5359.6400000000,,,,,60.2586044757,2.2139000000,0.1301487496,0.0223590316,gaia_1.824562859708413e+18,1820.2613530905,1578.1091879791,bright enough to mimic 2.91 ppt only under a total-throughput simple eclipse calculation
1845610061,297.0472465419,18.7154237966,15.6184000000,0.1330000000,1824562859667367936.0000000000,16.3642000000,16.0418000000,14.5162000000,-1.5875700000,-1.7437200000,0.2935170000,,,,3078.5000000000,,,,,60.8099449189,4.6812000000,0.0134128170,0.2169566613,gaia_1.824562859667368e+18,1815.8904805874,1577.3974587394,bright enough to mimic 2.91 ppt only under a total-throughput simple eclipse calculation
390988455,297.0273521620,18.6909952762,14.2213000000,0.0076000000,1824561347879636992.0000000000,15.0633000000,15.8648000000,14.1787000000,-5.3200000000,-2.9114100000,0.4475650000,4520.0000000000,4.4193500000,,2103.9700000000,,,,,61.9340621658,3.2841000000,0.0485690937,0.0599146448,gaia_1.824561347879637e+18,2000.5307367822,1822.3336009275,bright enough to mimic 2.91 ppt only under a total-throughput simple eclipse calculation
390988249,297.0442210319,18.7161767135,16.0874000000,0.0063000000,1824562859667386880.0000000000,16.6692000000,17.0112000000,15.8719000000,8.1443200000,3.3115600000,,,,,,,,,,62.1976708850,5.1502000000,0.0087080317,0.3341742554,gaia_1.824562859667387e+18,1844.4660115841,1570.2255492571,bright enough to mimic 2.91 ppt only under a total-throughput simple eclipse calculation
390988485,297.0560096565,18.6862592066,17.1040000000,0.0423000000,1824561107361724672.0000000000,17.7948000000,18.3493000000,17.0076000000,-7.1484200000,-9.4615100000,0.2510730000,5351.0000000000,1.3521600000,0.9300000000,3337.6900000000,,,,,62.4681142833,6.1668000000,0.0034141296,0.8523402331,gaia_1.8245611073617247e+18,1730.0956861583,1866.4492063865,bright enough to mimic 2.91 ppt only under a total-throughput simple eclipse calculation
390988391,297.0251634917,18.6983909644,15.9032000000,0.0184000000,1824561347879940096.0000000000,16.5276000000,17.0410000000,15.8356000000,-1.4542300000,-7.0332600000,0.2818500000,5719.0000000000,1.9754200000,1.0200000000,3190.7200000000,,,,,62.4737446215,4.9660000000,0.0103181064,0.2820284944,gaia_1.82456134787994e+18,2021.9642920290,1749.0265322530,bright enough to mimic 2.91 ppt only under a total-throughput simple eclipse calculation
1845606794,297.0251928851,18.6974194864,17.1704000000,0.0082000000,1824561343565266432.0000000000,17.9731000000,18.5803000000,16.9083000000,-2.1512300000,-1.6159700000,0.9917270000,,,,1015.4700000000,,,,,62.5770313129,6.2332000000,0.0032115893,0.9060934459,gaia_1.8245613435652664e+18,2021.5798445365,1758.6824882917,bright enough to mimic 2.91 ppt only under a total-throughput simple eclipse calculation
390988332,297.0261733290,18.7049390021,12.7434000000,0.0060000000,1824561450959158784.0000000000,13.1688000000,13.4922000000,12.6809000000,0.6340600000,6.7333900000,1.9304500000,6183.0000000000,0.9872260000,1.1830000000,510.4710000000,4309.0000000000,1.1489570000,,,62.8612610734,1.8062000000,0.1894610762,0.0153593554,gaia_1.8245614509591588e+18,2013.1792086771,1683.8185919995,bright enough to mimic 2.91 ppt only under a total-throughput simple eclipse calculation
390988405,297.0618169146,18.6969441533,16.4755000000,0.0149000000,1824562653549952000.0000000000,17.1385000000,17.6841000000,16.3957000000,-0.8663100000,4.7866200000,0.5576630000,5265.0000000000,0.9121670000,0.9000000000,1739.2300000000,,,,,62.9432470318,5.5383000000,0.0060908794,0.4777635235,gaia_1.824562653549952e+18,1676.6046337923,1759.6080400515,bright enough to mimic 2.91 ppt only under a total-throughput simple eclipse calculation
390988269,297.0338462916,18.7138338104,17.2307000000,0.0426000000,1824561450918154752.0000000000,17.9012000000,18.3814000000,17.0844000000,-2.0842300000,-6.1614800000,-0.0675109000,5730.0000000000,,,5736.7800000000,,,SPLIT,,62.9530448084,6.2935000000,0.0030380856,0.9578400430,gaia_1.8245614509181548e+18,1941.9056534762,1594.5922613651,bright enough to mimic 2.91 ppt only under a total-throughput simple eclipse calculation
390988377,297.0620030616,18.7003564480,14.7330000000,0.0250000000,1824562649203014144.0000000000,15.5935000000,16.3503000000,14.6520000000,-3.0817500000,-6.0124200000,0.1377770000,4820.0000000000,8.9129300000,,5430.0400000000,,,,,63.3896721484,3.7958000000,0.0303165655,0.0959871261,gaia_1.8245626492030141e+18,1675.2356532687,1725.6624848906,bright enough to mimic 2.91 ppt only under a total-throughput simple eclipse calculation
390988251,297.0388387178,18.7160661402,17.0213000000,0.0212000000,1824562928427901440.0000000000,17.6903000000,18.2247000000,16.9197000000,-6.7000700000,-7.0583400000,0.5881580000,5114.0000000000,0.7025300000,0.8600000000,1677.8600000000,,,,,63.7401424301,6.0841000000,0.0036843425,0.7898288425,gaia_1.8245629284279014e+18,1895.1394664518,1571.8820276846,bright enough to mimic 2.91 ppt only under a total-throughput simple eclipse calculation
390988367,297.0246894455,18.7011690759,15.4390000000,0.0101000000,1824561416599419904.0000000000,16.0480000000,16.5490000000,15.3737000000,-3.5045400000,-4.0973400000,0.4539300000,5675.0000000000,1.5682500000,1.0100000000,2083.9300000000,,,,,64.5736790133,4.5018000000,0.0158226784,0.1839132373,gaia_1.82456141659942e+18,2026.7369805792,1721.4536027271,bright enough to mimic 2.91 ppt only under a total-throughput simple eclipse calculation
390988259,297.0349524063,18.7149720023,16.7166000000,0.0061000000,1824562928427905536.0000000000,17.3543000000,17.6600000000,16.3944000000,,,,,,,,,,,,64.7036963219,5.7794000000,0.0048779798,0.5965584326,gaia_1.8245629284279055e+18,1931.6158902768,1583.1616972622,bright enough to mimic 2.91 ppt only under a total-throughput simple eclipse calculation
390988274,297.0547482759,18.7135316426,16.2072000000,0.0197000000,1824562859708401152.0000000000,16.7832000000,17.2037000000,16.0948000000,-1.2536200000,-3.6329200000,0.4790540000,5882.0000000000,1.0075000000,1.0700000000,2033.3600000000,,,,,65.1659689652,5.2700000000,0.0077983011,0.3731581996,gaia_1.8245628597084012e+18,1745.0357250732,1595.4290612748,bright enough to mimic 2.91 ppt only under a total-throughput simple eclipse calculation
390988255,297.0513635747,18.7154221744,16.8102000000,0.0204000000,1824562859667348480.0000000000,17.4719000000,17.9612000000,16.6714000000,-3.2554100000,-3.7133800000,0.6142350000,5134.0000000000,,,1599.0200000000,,,SPLIT,,65.2319403429,5.8730000000,0.0044750717,0.6502689078,gaia_1.8245628596673485e+18,1777.1210828278,1576.9854037842,bright enough to mimic 2.91 ppt only under a total-throughput simple eclipse calculation
390988308,297.0599284851,18.7081840634,16.9886000000,0.0459000000,1824562653549962240.0000000000,17.6591000000,18.1671000000,16.8699000000,-3.4648900000,-6.2689700000,0.1123170000,5696.0000000000,1.8114500000,1.0100000000,4503.6700000000,,,,,65.2766263214,6.0514000000,0.0037969948,0.7663955758,gaia_1.8245626535499622e+18,1695.6531743361,1648.0552227914,bright enough to mimic 2.91 ppt only under a total-throughput simple eclipse calculation
1845609658,297.0626022961,18.7000322396,15.1873000000,0.0114000000,1824562653549954048.0000000000,15.7628000000,16.1969000000,15.0882000000,-3.3306500000,-5.1994800000,0.6866400000,5683.0000000000,1.1298500000,1.0100000000,1403.5000000000,,,,,65.3441727206,4.2501000000,0.0199507855,0.1458589185,gaia_1.824562653549954e+18,1669.5562128740,1728.8229793348,bright enough to mimic 2.91 ppt only under a total-throughput simple eclipse calculation
390988408,297.0242959600,18.6967518397,14.5484000000,0.0231000000,1824561347879643136.0000000000,15.4784000000,16.3963000000,14.5176000000,-6.0145900000,-6.2861000000,0.2096580000,4381.0000000000,8.5152400000,,4097.4400000000,,,,,65.8654972945,3.6112000000,0.0359351945,0.0809791081,gaia_1.8245613478796431e+18,2029.9538745840,1765.4126085754,bright enough to mimic 2.91 ppt only under a total-throughput simple eclipse calculation
390988514,297.0526402196,18.6827332615,15.1282000000,0.0096000000,1824561107361725952.0000000000,15.9577000000,16.7621000000,15.0648000000,-0.5551260000,-6.2634200000,1.3052400000,4251.0000000000,1.0602100000,0.6600000000,751.0450000000,,,,,66.1043286855,4.1910000000,0.0210668693,0.1381315830,gaia_1.824561107361726e+18,1761.4350546605,1901.8573544144,bright enough to mimic 2.91 ppt only under a total-throughput simple eclipse calculation
390988534,297.0462186779,18.6805965300,14.3590000000,0.0080000000,1824561141721187840.0000000000,14.9212000000,15.3742000000,14.2924000000,-1.2725700000,-4.7498000000,0.4375890000,5980.0000000000,2.4295000000,1.1000000000,2148.2500000000,,,,,66.6028769667,3.4218000000,0.0427838635,0.0680162978,gaia_1.8245611417211878e+18,1821.6774608061,1923.7708347781,bright enough to mimic 2.91 ppt only under a total-throughput simple eclipse calculation
390988254,297.0347508799,18.7158954101,15.4622000000,0.0138000000,1824562928427905792.0000000000,16.0263000000,16.4603000000,15.3748000000,3.0978500000,0.3160690000,0.4028030000,5857.0000000000,1.6036100000,1.0600000000,2330.8700000000,,,,,67.9880428423,4.5250000000,0.0154881662,0.1878853806,gaia_1.8245629284279058e+18,1933.6169137507,1574.0014164853,bright enough to mimic 2.91 ppt only under a total-throughput simple eclipse calculation
390988478,297.0594502824,18.6875631138,15.5652000000,0.0246000000,1824561107361722112.0000000000,16.4162000000,17.1967000000,15.5246000000,-3.4447700000,-5.9673200000,0.0420419000,4966.0000000000,7.4912700000,,6921.2800000000,,,,,68.0969477213,4.6280000000,0.0140863995,0.2065822432,gaia_1.824561107361722e+18,1697.8387496085,1853.1250476134,bright enough to mimic 2.91 ppt only under a total-throughput simple eclipse calculation
390988535,297.0398253423,18.6802476190,16.8587000000,0.0464000000,1824561137374437376.0000000000,17.5014000000,17.9566000000,16.7152000000,-0.5153860000,-3.9261800000,0.1044910000,5946.0000000000,1.9313100000,1.0900000000,4801.7200000000,,,,,68.3424329796,5.9215000000,0.0042795687,0.6799750678,gaia_1.8245611373744374e+18,1881.8558440141,1927.9038299424,bright enough to mimic 2.91 ppt only under a total-throughput simple eclipse calculation
390988471,297.0261183731,18.6889681672,14.8352000000,0.0237000000,1824561347879636736.0000000000,15.8485000000,16.9106000000,14.8174000000,-1.7404200000,-5.8969900000,0.2146690000,4063.0000000000,8.8205100000,,4002.4400000000,,,,,69.1777283779,3.8980000000,0.0275930686,0.1054612681,gaia_1.8245613478796367e+18,2011.9276232654,1842.6149119708,bright enough to mimic 2.91 ppt only under a total-throughput simple eclipse calculation
390988387,297.0229297170,18.6987314312,16.2054000000,0.0273000000,1824561412252425728.0000000000,17.1232000000,17.9713000000,16.1477000000,-2.3561900000,-4.1776000000,-0.0502388000,4653.0000000000,6.2361600000,,6738.6600000000,,,,,70.0655115116,5.2682000000,0.0078112403,0.3725400676,gaia_1.8245614122524257e+18,2043.0413553776,1745.8704414879,bright enough to mimic 2.91 ppt only under a total-throughput simple eclipse calculation
390988318,297.0625450188,18.7066841785,15.9951000000,0.0137000000,1824562653549958144.0000000000,16.6316000000,17.1588000000,15.9256000000,-3.9921400000,-5.3249700000,0.5979540000,5393.0000000000,1.0048100000,0.9400000000,1615.3300000000,,,,,70.7850192198,5.0579000000,0.0094806912,0.3069396468,gaia_1.8245626535499581e+18,1670.8451796669,1662.6933390425,bright enough to mimic 2.91 ppt only under a total-throughput simple eclipse calculation
390988429,297.0637670453,18.6941878194,17.0198000000,0.0446000000,1824562580483505664.0000000000,17.8522000000,18.5892000000,16.9535000000,-1.7705300000,-6.3009200000,-0.0302581000,4952.0000000000,2.9287600000,,5420.1300000000,,,,,71.2541659464,6.0826000000,0.0036894362,0.7887384070,gaia_1.8245625804835057e+18,1657.9300112054,1786.8074840068,bright enough to mimic 2.91 ppt only under a total-throughput simple eclipse calculation
390988537,297.0363784422,18.6800062698,16.1120000000,0.0087000000,1824561137401287168.0000000000,16.8762000000,17.4523000000,15.8802000000,,,,,,,,,,,,72.2430397491,5.1748000000,0.0085129484,0.3418322149,gaia_1.8245611374012872e+18,1914.2953628260,1930.6603386385,bright enough to mimic 2.91 ppt only under a total-throughput simple eclipse calculation
390988281,297.0591590311,18.7129999415,16.9805000000,0.0097000000,1824562894068134912.0000000000,17.6367000000,17.9812000000,16.6725000000,-1.9525500000,-2.8548300000,,,,,,,,,,73.6965854038,6.0433000000,0.0038254277,0.7606992516,gaia_1.824562894068135e+18,1703.4417629292,1600.2545139623,bright enough to mimic 2.91 ppt only under a total-throughput simple eclipse calculation
390988390,297.0651141804,18.6984688236,15.1531000000,0.0293000000,1824562653549950720.0000000000,15.9992000000,16.7922000000,15.1218000000,-1.6731500000,-4.5183000000,0.1637590000,4806.0000000000,6.3543000000,,4787.3000000000,,,,,73.8032378436,4.2159000000,0.0205892250,0.1413360628,gaia_1.8245626535499507e+18,1645.7259925240,1744.1030475438,bright enough to mimic 2.91 ppt only under a total-throughput simple eclipse calculation
390988507,297.0291808629,18.6833936581,14.1789000000,0.0083000000,1824561141721202688.0000000000,14.9246000000,15.5894000000,14.1261000000,-1.8691900000,-9.6155900000,0.3819820000,4959.0000000000,4.2978100000,,2437.7900000000,,,,,74.1499797056,3.2417000000,0.0505033283,0.0576199648,gaia_1.8245611417212027e+18,1982.4652801241,1897.7243446003,bright enough to mimic 2.91 ppt only under a total-throughput simple eclipse calculation
1845606334,297.0365166288,18.6792665678,16.4934000000,0.0143000000,1824561141679478784.0000000000,17.1528000000,17.6699000000,16.3890000000,-1.3055200000,-10.3200000000,0.5467830000,5288.0000000000,0.9134980000,0.9100000000,1768.4300000000,,,,,74.6061671593,5.5562000000,0.0059912853,0.4857054638,gaia_1.8245611416794788e+18,1912.9118315328,1938.0004349869,bright enough to mimic 2.91 ppt only under a total-throughput simple eclipse calculation
390988451,297.0639515160,18.6912962494,16.9976000000,0.0495000000,1824562584830469376.0000000000,17.6491000000,18.1695000000,16.9106000000,-2.8534900000,-5.9759400000,0.0740997000,5912.0000000000,1.8740200000,1.0800000000,4891.8500000000,,,,,75.0151487963,6.0604000000,0.0037656504,0.7727748669,gaia_1.8245625848304694e+18,1655.8676589997,1815.5367926623,bright enough to mimic 2.91 ppt only under a total-throughput simple eclipse calculation
390988551,297.0415557520,18.6781447968,15.5787000000,0.0188000000,1824561141679465984.0000000000,16.5446000000,17.4753000000,15.5465000000,-2.5185400000,-2.7708400000,0.0002179300,4548.0000000000,10.4040000000,,7765.2800000000,,,,,75.0553441037,4.6415000000,0.0139123341,0.2091669140,gaia_1.824561141679466e+18,1865.3239430682,1948.6313201235,bright enough to mimic 2.91 ppt only under a total-throughput simple eclipse calculation
390988486,297.0258932784,18.6859514220,11.4965000000,0.0162000000,1824561347879635200.0000000000,12.7500000000,14.3463000000,11.5305000000,-1.8142700000,-4.3091500000,0.2334140000,3576.0000000000,51.8542000000,,3736.5700000000,,,,,75.9784877800,0.5593000000,0.5974203336,0.0048709423,gaia_1.8245613478796352e+18,2013.7144776432,1872.6319952848,bright enough to mimic 2.91 ppt only under a total-throughput simple eclipse calculation
390988261,297.0280523619,18.7146802373,16.0097000000,0.0180000000,1824561446638819072.0000000000,16.6388000000,17.1552000000,15.9388000000,-4.0153300000,-8.5744000000,0.3410940000,5521.0000000000,1.6392200000,0.9700000000,2714.3000000000,,,,,77.3784382091,5.0725000000,0.0093540567,0.3110949699,gaia_1.824561446638819e+18,1996.5654373401,1586.7724771809,bright enough to mimic 2.91 ppt only under a total-throughput simple eclipse calculation
390988521,297.0580957398,18.6820963219,16.5219000000,0.0335000000,1824561107320588032.0000000000,17.1603000000,17.6308000000,16.3969000000,-2.8703400000,-3.3728500000,0.3002230000,5616.0000000000,1.4425800000,0.9900000000,3010.7800000000,,,,,78.4289572274,5.5847000000,0.0058360634,0.4986237826,gaia_1.824561107320588e+18,1709.9833750114,1907.6191789343,bright enough to mimic 2.91 ppt only under a total-throughput simple eclipse calculation
390988560,297.0418729639,18.6769526673,16.3535000000,0.0296000000,1824561137374429184.0000000000,16.9787000000,17.4668000000,16.2599000000,-1.0483800000,-2.1136900000,0.2590710000,5751.0000000000,1.7032800000,1.0300000000,3390.8300000000,,,,,79.2495693759,5.4163000000,0.0068152219,0.4269853642,gaia_1.8245611373744292e+18,1862.2038581268,1960.4509288537,bright enough to mimic 2.91 ppt only under a total-throughput simple eclipse calculation
390988340,297.0661260292,18.7044238726,16.7247000000,0.0172000000,1824562653549953024.0000000000,17.3079000000,17.7632000000,16.6398000000,-4.9015000000,-7.0721300000,0.4843930000,5831.0000000000,0.7911040000,1.0500000000,1997.1300000000,,,,,79.7412874876,5.7875000000,0.0048417237,0.6010256253,gaia_1.824562653549953e+18,1636.8693246636,1684.7899052195,bright enough to mimic 2.91 ppt only under a total-throughput simple eclipse calculation
390988397,297.0201019998,18.6980087917,13.6674000000,0.0125000000,1824561416599123200.0000000000,14.2933000000,14.8270000000,13.6119000000,-6.2365400000,-8.9780400000,0.8383500000,5259.0000000000,2.0937200000,0.9000000000,1154.2000000000,,,,,79.7716492292,2.7302000000,0.0808946872,0.0359726961,gaia_1.8245614165991232e+18,2069.5953508955,1753.3448111176,bright enough to mimic 2.91 ppt only under a total-throughput simple eclipse calculation
390988363,297.0668842239,18.7018089669,16.4479000000,0.0084000000,1824562653549950976.0000000000,17.2199000000,17.8340000000,16.2419000000,-22.3735000000,-6.6502400000,,,,,,,,,,80.4983623325,5.5107000000,0.0062476976,0.4657715836,gaia_1.824562653549951e+18,1629.4345812974,1710.7082877616,bright enough to mimic 2.91 ppt only under a total-throughput simple eclipse calculation
390988279,297.0252850771,18.7132784303,16.8214000000,0.0209000000,1824561450959165952.0000000000,17.5475000000,18.1780000000,16.7520000000,2.2005600000,2.6202800000,0.4428340000,4925.0000000000,1.1115300000,0.8100000000,2179.0200000000,,,,,80.7564375898,5.8842000000,0.0044291460,0.6570115268,gaia_1.824561450959166e+18,2022.4714405731,1600.9939953774,bright enough to mimic 2.91 ppt only under a total-throughput simple eclipse calculation
390988531,297.0291754474,18.6809146551,16.8320000000,0.0413000000,1824561141679495680.0000000000,17.4741000000,17.9374000000,16.6967000000,-2.4451900000,-3.6998400000,0.2194640000,5699.0000000000,1.5359900000,1.0100000000,3703.8700000000,,,,,81.0985302413,5.8948000000,0.0043861149,0.6634573183,gaia_1.8245611416794957e+18,1982.2423566520,1922.3722355388,bright enough to mimic 2.91 ppt only under a total-throughput simple eclipse calculation
390988214,297.0368535361,18.7205881960,17.1007000000,0.0426000000,1824562928427908352.0000000000,17.7069000000,18.1474000000,16.9782000000,-2.5558100000,-4.1704000000,0.0545706000,6053.0000000000,1.7038700000,1.1300000000,5022.3500000000,,,,,81.2288833002,6.1635000000,0.0034245223,0.8497535527,gaia_1.8245629284279084e+18,1914.3404622571,1527.1261336722,bright enough to mimic 2.91 ppt only under a total-throughput simple eclipse calculation
390988495,297.0622256333,18.6848694454,16.7164000000,0.0238000000,1824561107361716736.0000000000,17.5406000000,18.2573000000,16.6463000000,-2.2443700000,-3.0269400000,-0.1940400000,5177.0000000000,4.5018900000,,7530.7400000000,,,,,81.5137172217,5.7792000000,0.0048788785,0.5964485526,gaia_1.8245611073617167e+18,1671.3994688892,1879.6148618620,bright enough to mimic 2.91 ppt only under a total-throughput simple eclipse calculation
390988219,297.0343852965,18.7200600976,16.8730000000,0.0194000000,1824562928427910144.0000000000,17.5016000000,17.9877000000,16.7695000000,-1.2122000000,-4.1167200000,0.5486850000,5358.0000000000,0.7358540000,0.9300000000,1786.6000000000,,,,,82.1947991740,5.9358000000,0.0042235730,0.6889901117,gaia_1.8245629284279101e+18,1937.5252364886,1532.6312830775,bright enough to mimic 2.91 ppt only under a total-throughput simple eclipse calculation
390988240,297.0576517770,18.7175674912,15.9077000000,0.0178000000,1824562894068139008.0000000000,16.6560000000,17.3114000000,15.8420000000,-2.7846700000,-2.3122700000,0.3016460000,4936.0000000000,2.4129100000,,3013.6700000000,,,,,82.7398239718,4.9705000000,0.0102754299,0.2831998304,gaia_1.824562894068139e+18,1718.1499835325,1554.9996987764,bright enough to mimic 2.91 ppt only under a total-throughput simple eclipse calculation
390988227,297.0563122485,18.7189006147,16.9351000000,0.0347000000,1824562894027076608.0000000000,17.5947000000,18.1248000000,16.8465000000,-1.7861000000,-6.1500900000,0.2710830000,5434.0000000000,1.3417000000,0.9500000000,3228.8700000000,,,,,84.2185665466,5.9979000000,0.0039887792,0.7295465180,gaia_1.8245628940270766e+18,1730.9138218102,1541.8851436384,bright enough to mimic 2.91 ppt only under a total-throughput simple eclipse calculation
390988419,297.0189429153,18.6958900908,14.0222000000,0.0157000000,1824561416599122944.0000000000,14.5980000000,15.0711000000,13.9617000000,-3.2780000000,-3.8994600000,0.7518330000,5635.0000000000,1.7733500000,1.0000000000,1282.6900000000,,,,,84.3633540457,3.0850000000,0.0583445104,0.0498761576,gaia_1.824561416599123e+18,2080.2787726725,1774.5287031476,bright enough to mimic 2.91 ppt only under a total-throughput simple eclipse calculation
1845606800,297.0262726087,18.6820336398,16.4054000000,0.0471000000,1824561347837931776.0000000000,16.9845000000,17.3710000000,16.2521000000,-2.1854200000,-9.0760600000,0.1040890000,6429.0000000000,2.3109300000,1.3000000000,5216.6800000000,,,,,84.4666894961,5.4682000000,0.0064971067,0.4478916737,gaia_1.8245613478379318e+18,2009.7088846334,1911.5454481318,bright enough to mimic 2.91 ppt only under a total-throughput simple eclipse calculation
390988573,297.0398753574,18.6755717042,17.2729000000,0.0260000000,1824561137374418432.0000000000,17.9462000000,18.4789000000,17.1715000000,-9.4593100000,-6.9957600000,0.4041000000,5333.0000000000,0.8766630000,0.9200000000,2393.1300000000,,,,,84.9246398333,6.3357000000,0.0029222677,0.9958019881,gaia_1.8245611373744184e+18,1880.8662457219,1974.3881669087,bright enough to mimic 2.91 ppt only under a total-throughput simple eclipse calculation
390988402,297.0184602110,18.6971449418,16.7657000000,0.0067000000,1824561412252426240.0000000000,17.3861000000,17.5171000000,16.2910000000,,,,,,,,,,,,85.5411612312,5.8285000000,0.0046622977,0.6241557690,gaia_1.8245614122524262e+18,2084.9639593860,1762.1015644709,bright enough to mimic 2.91 ppt only under a total-throughput simple eclipse calculation
1845609734,297.0679988771,18.7041253227,16.2244000000,0.0417000000,1824562687909689344.0000000000,16.7732000000,17.1934000000,16.1328000000,-1.5652100000,-0.6081140000,0.1494560000,6538.0000000000,2.1769300000,1.3500000000,4732.8000000000,,,,,85.6998960018,5.2872000000,0.0076757355,0.3791167642,gaia_1.8245626879096893e+18,1619.1999389354,1687.5611359597,bright enough to mimic 2.91 ppt only under a total-throughput simple eclipse calculation
390988395,297.0687968533,18.6980682864,16.6778000000,0.0152000000,1824562580483544576.0000000000,17.4351000000,18.0795000000,16.5867000000,-4.5503700000,-6.0976700000,0.5165460000,4832.0000000000,1.0863600000,0.7800000000,1883.6300000000,,,,,86.3974510295,5.7406000000,0.0050554521,0.5756161746,gaia_1.8245625804835446e+18,1611.0018745896,1747.6977093306,bright enough to mimic 2.91 ppt only under a total-throughput simple eclipse calculation
390988204,297.0516405786,18.7217747604,16.1312000000,0.0277000000,1824562894068150784.0000000000,16.7572000000,17.2604000000,16.0512000000,-3.0186500000,-8.7658900000,0.2601020000,5654.0000000000,1.8965300000,1.0000000000,3375.9700000000,,,,,86.8798079679,5.1940000000,0.0083637299,0.3479308908,gaia_1.8245628940681508e+18,1775.2279356763,1513.7961222076,bright enough to mimic 2.91 ppt only under a total-throughput simple eclipse calculation
390988522,297.0255025651,18.6817106452,14.5258000000,0.0105000000,1824561244800418560.0000000000,15.0935000000,15.5551000000,14.4588000000,-2.2586000000,-5.9498700000,1.1720300000,5413.0000000000,0.9218880000,0.9400000000,833.5180000000,,,,,87.1338592689,3.5886000000,0.0366910381,0.0793109202,gaia_1.8245612448004186e+18,2016.9266395076,1914.8359430378,bright enough to mimic 2.91 ppt only under a total-throughput simple eclipse calculation
1845606973,297.0187939566,18.7059977385,17.1908000000,0.0102000000,1824561416558458368.0000000000,17.8633000000,17.5189000000,16.1720000000,-4.3850200000,-7.7638600000,0.1348890000,,,,3898.5700000000,,,,,87.9421210816,6.2536000000,0.0031518098,0.9232790666,gaia_1.8245614165584584e+18,2082.7991386037,1674.0474637586,bright enough to mimic 2.91 ppt only under a total-throughput simple eclipse calculation
390988319,297.0188358324,18.7066253747,12.7074000000,0.0098000000,1824561412252469504.0000000000,13.5567000000,14.3701000000,12.6655000000,1.6279600000,-6.1948400000,0.3306190000,4485.0000000000,11.8963000000,,2781.7400000000,,,,,88.4879704705,1.7702000000,0.1958483874,0.0148584323,gaia_1.8245614122524695e+18,2082.4742019515,1667.8028228678,bright enough to mimic 2.91 ppt only under a total-throughput simple eclipse calculation
1845609731,297.0693385515,18.7024723378,17.2505000000,0.0502000000,1824562687909686528.0000000000,17.9181000000,18.4201000000,17.1292000000,-1.1812100000,-2.2684000000,-0.0001501670,5785.0000000000,1.8283300000,1.0400000000,5190.6300000000,,,,,89.1153307725,6.3133000000,0.0029831837,0.9754679145,gaia_1.8245626879096865e+18,1606.3981820244,1703.8544637521,bright enough to mimic 2.91 ppt only under a total-throughput simple eclipse calculation
390988576,297.0377930102,18.6746310086,17.0674000000,0.0498000000,1824561141679471104.0000000000,17.6926000000,18.1812000000,16.9741000000,-1.1498800000,-3.5209100000,0.0771307000,6089.0000000000,1.7375700000,1.1400000000,4916.1500000000,,,,,89.5412522349,6.1302000000,0.0035311812,0.8240868592,gaia_1.824561141679471e+18,1900.3760635552,1983.9566729151,bright enough to mimic 2.91 ppt only under a total-throughput simple eclipse calculation
390988211,297.0562580066,18.7207097827,13.1740000000,0.0159000000,1824562894068142336.0000000000,14.2063000000,15.2994000000,13.1724000000,-2.6112100000,-7.9990300000,0.1388860000,4081.0000000000,27.3229000000,,5627.4700000000,,,,,89.7566421687,2.2368000000,0.1274324404,0.0228356295,gaia_1.8245628940681423e+18,1731.6287533818,1523.9032459421,bright enough to mimic 2.91 ppt only under a total-throughput simple eclipse calculation
1845609524,297.0698207870,18.6968833523,16.3862000000,0.0198000000,1824562584830466304.0000000000,17.0361000000,17.5082000000,16.2501000000,-1.2015400000,-7.3054700000,0.3545560000,5500.0000000000,1.3845900000,0.9600000000,2641.2400000000,,,,390988404.0000000000,90.1326524267,5.4490000000,0.0066130225,0.4400408440,gaia_1.8245625848304663e+18,1601.2260666233,1759.3706765647,bright enough to mimic 2.91 ppt only under a total-throughput simple eclipse calculation
390988404,297.0701190901,18.6973407589,15.9414000000,0.0067000000,1824562584789327616.0000000000,16.5585000000,16.9749000000,15.7564000000,-4.3168100000,0.6333180000,0.4350700000,,,,2177.9300000000,,,SPLIT,,90.6084679816,5.0042000000,0.0099613913,0.2921278679,gaia_1.8245625847893276e+18,1598.4686589166,1754.7915833942,bright enough to mimic 2.91 ppt only under a total-throughput simple eclipse calculation
390988450,297.0180164840,18.6915753219,16.4830000000,0.0313000000,1824561347879644672.0000000000,17.3368000000,18.1259000000,16.4225000000,-0.7623200000,-4.8095100000,0.2577240000,4576.0000000000,2.5251500000,,3368.2400000000,,,,,90.7490626750,5.5458000000,0.0060489501,0.4810752220,gaia_1.8245613478796447e+18,2088.5290375538,1817.5233252477,bright enough to mimic 2.91 ppt only under a total-throughput simple eclipse calculation
390988383,297.0164801154,18.6991700856,15.2858000000,0.0284000000,1824561416599127040.0000000000,16.3055000000,17.3412000000,15.2658000000,-2.8677100000,-4.8805200000,0.0987947000,4248.0000000000,10.2003000000,,5906.2600000000,,,,,92.0599425794,4.3486000000,0.0182204878,0.1597103234,gaia_1.824561416599127e+18,2103.8381971744,1742.1685424036,bright enough to mimic 2.91 ppt only under a total-throughput simple eclipse calculation
390988323,297.0697173048,18.7061322999,16.9952000000,0.0061000000,1824562687909688832.0000000000,17.5899000000,17.9484000000,16.7803000000,-6.2080200000,-6.7893800000,,,,,,,,,,93.1772803724,6.0580000000,0.0037739835,0.7710685488,gaia_1.8245626879096888e+18,1603.2454407511,1667.4262374623,bright enough to mimic 2.91 ppt only under a total-throughput simple eclipse calculation
390988497,297.0663769494,18.6847039617,15.9723000000,0.0333000000,1824561107361712128.0000000000,16.5334000000,16.9754000000,15.8946000000,-2.1563100000,-4.7948500000,0.2337110000,6221.0000000000,1.9526000000,1.2000000000,3681.7200000000,,,,,93.3583643375,5.0351000000,0.0096818868,0.3005612505,gaia_1.824561107361712e+18,1632.2856580600,1880.8235250623,bright enough to mimic 2.91 ppt only under a total-throughput simple eclipse calculation
390988536,297.0624558894,18.6801659991,16.9721000000,0.0454000000,1824561107361713152.0000000000,17.6332000000,18.1671000000,16.8887000000,-2.9568600000,-6.3428700000,0.1398710000,5706.0000000000,1.7299600000,1.0200000000,4330.9800000000,,,,,93.5123143115,6.0349000000,0.0038551386,0.7548366681,gaia_1.8245611073617132e+18,1668.7037760759,1926.3532703502,bright enough to mimic 2.91 ppt only under a total-throughput simple eclipse calculation
390988188,297.0519778795,18.7236521639,12.8510000000,0.0101000000,1824562894068151808.0000000000,13.6265000000,14.3435000000,12.8126000000,-0.5989720000,-1.8731200000,0.3101330000,4799.0000000000,10.2193000000,,2948.1400000000,,,,,93.6567520932,1.9138000000,0.1715852690,0.0169594978,gaia_1.8245628940681518e+18,1772.2634340947,1495.0949265044,bright enough to mimic 2.91 ppt only under a total-throughput simple eclipse calculation
1845606257,297.0656627052,18.6834722489,17.0254000000,0.0140000000,1824561107320563712.0000000000,17.6932000000,17.9821000000,16.6462000000,-3.3284600000,-10.1828000000,0.5218180000,,,,1894.3900000000,,,DUPLICATE,390988504.0000000000,93.8864413805,6.0882000000,0.0036704558,0.7928170640,gaia_1.8245611073205637e+18,1638.8737274421,1893.1446380853,bright enough to mimic 2.91 ppt only under a total-throughput simple eclipse calculation
390988558,297.0281033414,18.6772050195,14.1773000000,0.0109000000,1824561038641985536.0000000000,14.6402000000,14.9978000000,14.1095000000,-1.0032400000,-4.6418700000,0.6757370000,6425.0000000000,1.4870400000,1.3000000000,1421.6400000000,,,,,94.1065437085,3.2401000000,0.0505778076,0.0575351155,gaia_1.8245610386419855e+18,1991.9315202068,1959.3653941708,bright enough to mimic 2.91 ppt only under a total-throughput simple eclipse calculation
390988372,297.0711639631,18.7006898852,16.3366000000,0.0089412200,1824562619190205952.0000000000,17.3050000000,18.1930000000,16.3411000000,2.9856300000,9.2933300000,1.3626800000,3911.0000000000,0.6057530000,0.5927570000,724.3280000000,,,,,94.6310797055,5.3994000000,0.0069221340,0.4203905927,gaia_1.824562619190206e+18,1589.0078051316,1721.3835961356,bright enough to mimic 2.91 ppt only under a total-throughput simple eclipse calculation
390988317,297.0169017056,18.7068801031,16.8293000000,0.0063000000,1824561416599431936.0000000000,17.6406000000,18.2106000000,16.5160000000,,,,,,,,,,,,95.0453684116,5.8921000000,0.0043970358,0.6618094878,gaia_1.824561416599432e+18,2100.7192459568,1665.4675730983,bright enough to mimic 2.91 ppt only under a total-throughput simple eclipse calculation
390988175,297.0468506792,18.7254741854,16.6879000000,0.0403000000,1824562958440778240.0000000000,17.3160000000,17.8164000000,16.6040000000,-1.6024400000,-2.5512100000,0.0959628000,5913.0000000000,2.1523300000,1.0800000000,5038.9800000000,,,,,96.3065458971,5.7507000000,0.0050086421,0.5809957948,gaia_1.8245629584407782e+18,1820.7482060367,1477.5123709598,bright enough to mimic 2.91 ppt only under a total-throughput simple eclipse calculation
390988593,297.0498072710,18.6728263274,12.2692000000,0.0107000000,1824561073001704448.0000000000,12.8349000000,13.2980000000,12.2096000000,0.9945740000,-1.0589900000,0.5142690000,5878.0000000000,5.5284500000,,1845.8700000000,,,,,96.3655658185,1.3320000000,0.2932243282,0.0099241424,gaia_1.8245610730017044e+18,1787.0132589251,2000.6503616549,bright enough to mimic 2.91 ppt only under a total-throughput simple eclipse calculation
390988243,297.0644437435,18.7169784269,16.6524000000,0.0398000000,1824562894068132096.0000000000,17.2898000000,17.7940000000,16.5631000000,-4.8747300000,-7.5863300000,0.1175300000,5812.0000000000,2.1362700000,1.0500000000,4820.0300000000,,,,,96.6477860497,5.7152000000,0.0051751149,0.5623063514,gaia_1.824562894068132e+18,1654.1291819684,1560.1450677240,bright enough to mimic 2.91 ppt only under a total-throughput simple eclipse calculation
1845609521,297.0696978252,18.6887244866,17.1917000000,0.0220000000,1824562584830461184.0000000000,17.8072000000,18.2988000000,17.1104000000,-1.9940300000,-4.5791300000,0.4885820000,5629.0000000000,0.6859840000,1.0000000000,2016.0400000000,,,,,96.6502264875,6.2545000000,0.0031491982,0.9240447182,gaia_1.8245625848304612e+18,1601.4642277696,1840.5007326168,bright enough to mimic 2.91 ppt only under a total-throughput simple eclipse calculation
390988386,297.0722608743,18.6988786044,17.2171000000,0.0080000000,1824562584789321216.0000000000,17.8681000000,18.2395000000,16.9430000000,15.1118000000,-16.9324000000,,,,,,,,SPLIT,,98.1559060596,6.2799000000,0.0030763801,0.9459169092,gaia_1.8245625847893212e+18,1578.4740267773,1739.2759978634,bright enough to mimic 2.91 ppt only under a total-throughput simple eclipse calculation
390988171,297.0402516758,18.7261058343,17.2628000000,0.0436000000,1824562924081044480.0000000000,17.8468000000,18.2880000000,17.1631000000,-1.3882100000,-6.3364400000,0.1815660000,5975.0000000000,1.1818400000,1.1000000000,3857.5100000000,,,,,98.5060311297,6.3256000000,0.0029495788,0.9865815489,gaia_1.8245629240810445e+18,1882.9591134792,1471.9155685249,bright enough to mimic 2.91 ppt only under a total-throughput simple eclipse calculation
390988574,297.0575030000,18.6749570000,16.2170000000,0.8000000000,,,,,,,,,,,,,,,,98.6226989291,5.2798000000,0.0077282293,0.3765416219,tic_390988574,1714.7680046860,1978.6619436169,bright enough to mimic 2.91 ppt only under a total-throughput simple eclipse calculation
390988575,297.0575427936,18.6749407014,16.7306000000,0.0153000000,1824561107361436928.0000000000,17.4277000000,18.0086000000,16.6472000000,-4.1093900000,-11.5499000000,0.5433080000,5093.0000000000,0.8943270000,0.8500000000,1790.8700000000,,,,,98.7398736486,5.7934000000,0.0048154846,0.6043005493,gaia_1.824561107361437e+18,1714.3913958486,1978.8198168800,bright enough to mimic 2.91 ppt only under a total-throughput simple eclipse calculation
390988511,297.0673665197,18.6830186031,16.6090000000,0.0438000000,1824561107361709568.0000000000,17.2002000000,17.6680000000,16.5279000000,-3.4308200000,-4.6397200000,0.1686590000,6149.0000000000,1.7783500000,1.1700000000,4290.4000000000,,,,,99.5584262797,5.6718000000,0.0053861693,0.5402726575,gaia_1.8245611073617096e+18,1622.7770667270,1897.4754096574,bright enough to mimic 2.91 ppt only under a total-throughput simple eclipse calculation
390988368,297.0726373514,18.7011739875,15.6632000000,0.0345000000,1824562619190204416.0000000000,16.4293000000,17.0503000000,15.5482000000,-1.6709800000,-4.0922700000,0.1872000000,4997.0000000000,3.9256800000,,4303.5800000000,,,,,99.7712094093,4.7260000000,0.0128706358,0.2260960572,gaia_1.8245626191902044e+18,1575.1884721081,1716.4150408658,bright enough to mimic 2.91 ppt only under a total-throughput simple eclipse calculation
390988258,297.0192206376,18.7149397425,14.9561000000,0.0205000000,1824562202526490880.0000000000,15.8204000000,16.6347000000,14.9042000000,-4.2479700000,-7.0765700000,0.2151570000,4519.0000000000,6.1452600000,,3971.0200000000,,,,,100.8403988099,4.0189000000,0.0246853904,0.1178834911,gaia_1.824562202526491e+18,2079.7714383710,1585.0965147733,bright enough to mimic 2.91 ppt only under a total-throughput simple eclipse calculation
390988277,297.0688161139,18.7133576365,16.3492000000,0.0401000000,1824562687909694464.0000000000,17.2242000000,18.0267000000,16.2901000000,-2.5425100000,-3.7861500000,0.0990240000,4678.0000000000,4.0623300000,,5004.0400000000,,,,,100.8445304831,5.4120000000,0.0068422667,0.4252976559,gaia_1.8245626879096945e+18,1612.5490006912,1595.6846830059,bright enough to mimic 2.91 ppt only under a total-throughput simple eclipse calculation
390988600,297.0356572592,18.6717647315,16.9117000000,0.0427000000,1824561038641977856.0000000000,17.5623000000,18.0515000000,16.7932000000,-4.6694800000,-3.9505300000,0.2361840000,5608.0000000000,1.4166700000,0.9900000000,3473.3700000000,,,,,101.3092058528,5.9745000000,0.0040756793,0.7139914135,gaia_1.8245610386419779e+18,1920.1764655562,2012.6752380012,bright enough to mimic 2.91 ppt only under a total-throughput simple eclipse calculation
390988248,297.0200398694,18.7163109572,17.2709000000,0.0385000000,1824562206873417472.0000000000,18.1222000000,18.9004000000,17.2014000000,-2.5357200000,-5.7990600000,0.1277280000,4572.0000000000,2.1051200000,,4048.2800000000,,,,,101.5303965752,6.3337000000,0.0029276557,0.9939693415,gaia_1.8245622068734175e+18,2072.2079962257,1571.3792873110,bright enough to mimic 2.91 ppt only under a total-throughput simple eclipse calculation
390988185,297.0295635579,18.7240325402,13.4116000000,0.0206000000,1824562924081036288.0000000000,14.5306000000,15.7697000000,13.4269000000,-1.8529600000,-3.8974500000,0.0671919000,3970.0000000000,34.0461000000,,7071.2200000000,,,,,102.1142654411,2.4744000000,0.1023858641,0.0284218923,gaia_1.8245629240810363e+18,1983.3768251673,1493.6306746963,bright enough to mimic 2.91 ppt only under a total-throughput simple eclipse calculation
390988612,297.0426897846,18.6704794470,13.2162000000,0.0107000000,1824561073001709056.0000000000,13.6363000000,13.9559000000,13.1477000000,-2.8842000000,-6.8809600000,0.6787250000,6699.0000000000,2.1562400000,1.4200000000,1414.6500000000,,,,,102.3994988476,2.2790000000,0.1225744632,0.0237406710,gaia_1.824561073001709e+18,1853.7923650662,2024.7247726056,bright enough to mimic 2.91 ppt only under a total-throughput simple eclipse calculation
390988433,297.0139483715,18.6936381938,15.6528000000,0.0125000000,1824561412252404736.0000000000,16.3322000000,16.9023000000,15.5789000000,-2.3428500000,-6.2907400000,0.5325700000,5185.0000000000,1.4224000000,0.8800000000,1796.8500000000,,,,,102.4657907012,4.7156000000,0.0129945128,0.2239406781,gaia_1.8245614122524047e+18,2127.0755055743,1797.4282241706,bright enough to mimic 2.91 ppt only under a total-throughput simple eclipse calculation
390988580,297.0275554599,18.6743206473,16.8262000000,0.0446000000,1824561038641984512.0000000000,17.5115000000,18.0335000000,16.7058000000,-3.4995500000,-5.1409000000,0.1435270000,5553.0000000000,1.9325200000,0.9800000000,4311.9900000000,,,,,103.8572440787,5.8890000000,0.0044096082,0.6599225807,gaia_1.8245610386419845e+18,1996.7743565966,1988.0994087481,bright enough to mimic 2.91 ppt only under a total-throughput simple eclipse calculation
1845606964,297.0130619434,18.7006289669,14.1829000000,0.6000000000,1824561416557467136.0000000000,14.6129000000,,,-22.9541000000,55.3655000000,6.8829100000,,,,144.7040000000,,,,,103.8943674410,3.2457000000,0.0503176095,0.0578326362,gaia_1.8245614165574671e+18,2136.1952953284,1728.0118249906,bright enough to mimic 2.91 ppt only under a total-throughput simple eclipse calculation
390988346,297.0134811206,18.7039863125,16.6046000000,0.0067000000,1824561416558470144.0000000000,17.4158000000,17.9382000000,16.2439000000,-0.3313250000,-12.1368000000,,,,,,,,,,103.8976135662,5.6674000000,0.0054080413,0.5380876061,gaia_1.8245614165584701e+18,2132.6174086520,1694.5881836615,bright enough to mimic 2.91 ppt only under a total-throughput simple eclipse calculation
390988371,297.0129087388,18.7007361943,12.4558000000,0.0104339000,1824561416599129856.0000000000,13.7935000000,14.3980000000,12.4686000000,-30.9100000000,71.1400000000,,3835.0000000000,0.5018230000,0.4998540000,141.7343140000,4359.0000000000,1.5108108500,,,104.4393732201,1.5186000000,0.2469221217,0.0117850923,gaia_1.8245614165991299e+18,2137.6501771127,1726.9612967576,bright enough to mimic 2.91 ppt only under a total-throughput simple eclipse calculation
390988613,297.0497306688,18.6704067998,16.9344000000,0.0174000000,1824561073001702912.0000000000,17.6300000000,18.1807000000,16.8239000000,-3.2971300000,-6.1620100000,0.5178610000,5138.0000000000,0.8539210000,0.8700000000,1892.2000000000,,,,,104.8191397546,5.9972000000,0.0039913517,0.7290763136,gaia_1.824561073001703e+18,1787.4657563184,2024.7138583387,bright enough to mimic 2.91 ppt only under a total-throughput simple eclipse calculation
390988329,297.0734987023,18.7052991815,16.0034000000,0.0226000000,1824562687909683712.0000000000,16.5967000000,16.9972000000,15.8494000000,-2.9758800000,-4.8565300000,-0.1877130000,6474.0000000000,4.2551200000,1.3200000000,7830.5500000000,,,,,104.9237630076,5.0662000000,0.0094084916,0.3092950638,gaia_1.8245626879096837e+18,1567.5446635626,1675.3104359065,bright enough to mimic 2.91 ppt only under a total-throughput simple eclipse calculation
390988313,297.0138693027,18.7075443571,16.8638000000,0.0252000000,1824561416558474240.0000000000,17.5514000000,18.0711000000,16.7286000000,-1.7858300000,-4.0508500000,0.4866050000,5092.0000000000,0.9393810000,0.8500000000,2027.3000000000,,,,,105.6283173508,5.9266000000,0.0042595135,0.6831766101,gaia_1.8245614165584742e+18,2129.3540947466,1659.1721591191,bright enough to mimic 2.91 ppt only under a total-throughput simple eclipse calculation
390988509,297.0699345162,18.6832282778,17.1120000000,0.0428000000,1824562580483468032.0000000000,17.9202000000,18.5852000000,16.9909000000,-3.4858600000,-7.0812500000,0.1678420000,4824.0000000000,2.0097800000,,3949.1400000000,,,,,106.4407964945,6.1748000000,0.0033890658,0.8586437024,gaia_1.824562580483468e+18,1598.6167037207,1895.1199681842,bright enough to mimic 2.91 ppt only under a total-throughput simple eclipse calculation
1845609681,297.0740780601,18.7051042101,16.8047000000,0.0259000000,1824562687868547584.0000000000,17.3805000000,17.7491000000,16.6399000000,-2.5772900000,-8.7728200000,0.4799940000,5703.0000000000,0.7727750000,1.0200000000,2024.6600000000,,,,,106.7034722727,5.8675000000,0.0044977985,0.6469831782,gaia_1.8245626878685476e+18,1562.0672600466,1677.1876932204,bright enough to mimic 2.91 ppt only under a total-throughput simple eclipse calculation
390988582,297.0609561249,18.6742958226,14.3078000000,0.0094000000,1824561107361434112.0000000000,15.0762000000,15.7766000000,14.2648000000,-1.3670100000,-4.9407400000,0.3322370000,4888.0000000000,4.8017800000,,2770.9300000000,,,,,106.8080625604,3.3706000000,0.0448497473,0.0648833088,gaia_1.824561107361434e+18,1682.1716851297,1984.8731649480,bright enough to mimic 2.91 ppt only under a total-throughput simple eclipse calculation
390988424,297.0122086799,18.6950735928,16.9614000000,0.0255000000,1824561412252408576.0000000000,17.8481000000,18.6427000000,16.8932000000,-2.3137000000,-5.0381000000,-0.2454880000,4834.0000000000,4.4407400000,,7282.9400000000,,,,,107.5147335620,6.0242000000,0.0038933191,0.7474342399,gaia_1.8245614122524086e+18,2143.6204675295,1783.3338057103,bright enough to mimic 2.91 ppt only under a total-throughput simple eclipse calculation
390988177,297.0585304671,18.7252890467,16.9436000000,0.0078000000,1824562889721301504.0000000000,17.5859000000,18.0281000000,16.7519000000,,,,,,,,,,,,107.9372432949,6.0064000000,0.0039576738,0.7352803994,gaia_1.8245628897213015e+18,1710.7485979322,1478.1367186683,bright enough to mimic 2.91 ppt only under a total-throughput simple eclipse calculation
390988245,297.0691312176,18.7166848676,17.1301000000,0.0397000000,1824562683562827008.0000000000,17.7617000000,18.2503000000,17.0308000000,-2.7622500000,-5.8655100000,-0.1220750000,6041.0000000000,2.1573700000,1.1200000000,6211.3700000000,,,,,108.3762856115,6.1929000000,0.0033330360,0.8730778876,gaia_1.824562683562827e+18,1609.9590692143,1562.5710863207,bright enough to mimic 2.91 ppt only under a total-throughput simple eclipse calculation
390988627,297.0434991188,18.6687708947,16.9124000000,0.0437000000,1824561072959970816.0000000000,17.7379000000,18.4341000000,16.8143000000,-3.5457100000,-5.3713000000,-0.0026399400,5000.0000000000,3.1233400000,,5591.8500000000,,,,,108.5152076741,5.9752000000,0.0040730524,0.7144518892,gaia_1.8245610729599708e+18,1845.9797249440,2041.6275353366,bright enough to mimic 2.91 ppt only under a total-throughput simple eclipse calculation
1845610109,297.0624221955,18.7231927511,16.9017000000,0.0092000000,1824562889721288192.0000000000,17.5244000000,17.9081000000,16.6769000000,-1.6853800000,-4.4732000000,0.0755678000,,,,5007.5900000000,,,DUPLICATE,390988192.0000000000,108.6863618184,5.9645000000,0.0041133911,0.7074455009,gaia_1.8245628897212882e+18,1673.8673921450,1498.5717636547,bright enough to mimic 2.91 ppt only under a total-throughput simple eclipse calculation
390988288,297.0725192413,18.7120151858,17.2538000000,0.0443000000,1824562683562803200.0000000000,17.8700000000,18.3437000000,17.1546000000,1.3925100000,-5.1527600000,0.1829170000,5710.0000000000,1.2660100000,1.0200000000,3852.5000000000,,,,,109.6904941911,6.3166000000,0.0029741304,0.9784372740,gaia_1.8245626835628032e+18,1577.5284451465,1608.6415197204,bright enough to mimic 2.91 ppt only under a total-throughput simple eclipse calculation
390988157,297.0551084509,18.7275053580,16.9013000000,0.0123679000,1824562958445527040.0000000000,18.2784000000,19.6824000000,16.9723000000,7.3585100000,2.5557600000,3.2512800000,3323.0000000000,0.3181980000,0.2974810000,306.8470000000,,,,,110.3064570822,5.9641000000,0.0041149068,0.7071849164,gaia_1.824562958445527e+18,1743.2206205553,1456.4583395593,bright enough to mimic 2.91 ppt only under a total-throughput simple eclipse calculation
390988629,297.0379709562,18.6683893516,16.8697000000,0.6000000000,1824560969880769280.0000000000,17.2997000000,,,-5.8203600000,-8.3037100000,0.6755470000,,,,1567.4500000000,,,,,111.4808887032,5.9325000000,0.0042364297,0.6868991659,gaia_1.8245609698807693e+18,1898.0095068404,2045.9947719634,bright enough to mimic 2.91 ppt only under a total-throughput simple eclipse calculation
1845610330,297.0488863377,18.7295116391,15.2878000000,0.0148000000,1824562962787638272.0000000000,15.8871000000,16.3636000000,15.2056000000,-1.1269000000,-7.0476300000,0.6146030000,5473.0000000000,1.2668600000,0.9600000000,1563.3800000000,,,,,111.6855505246,4.3506000000,0.0181869553,0.1600047918,gaia_1.8245629627876383e+18,1802.0347965140,1437.1584201688,bright enough to mimic 2.91 ppt only under a total-throughput simple eclipse calculation
1845605970,297.0381276147,18.6683054233,16.3924000000,0.0068000000,1824560965575696896.0000000000,17.0337000000,16.9855000000,15.7114000000,-5.3617500000,-10.6163000000,-3.4318600000,,,,5428.0900000000,,,,,111.6902395720,5.4552000000,0.0065753670,0.4425608464,gaia_1.824560965575697e+18,1896.5245790520,2046.8129773318,bright enough to mimic 2.91 ppt only under a total-throughput simple eclipse calculation
390988446,297.0115336626,18.6919368164,16.2148000000,0.0338000000,1824561309173181440.0000000000,17.1116000000,17.8876000000,16.1097000000,-3.7189300000,-6.0181700000,0.0377174000,4704.0000000000,5.4079900000,,6088.7300000000,,,,,111.7834937763,5.2776000000,0.0077439047,0.3757794176,gaia_1.8245613091731814e+18,2149.6337793642,1814.5903137571,bright enough to mimic 2.91 ppt only under a total-throughput simple eclipse calculation
390988236,297.0170376116,18.7178348142,16.6733000000,0.0064000000,1824562206832469248.0000000000,17.3533000000,17.4686000000,16.1038000000,-3.3652900000,-6.4973500000,0.9610250000,,,,1545.3100000000,,,SPLIT,,112.4477129462,5.7361000000,0.0050764487,0.5732353824,gaia_1.8245622068324692e+18,2100.6527610127,1556.5343801150,bright enough to mimic 2.91 ppt only under a total-throughput simple eclipse calculation
390988528,297.0707292442,18.6813028771,17.2110000000,0.0474000000,1824558152424385536.0000000000,17.8941000000,18.4406000000,17.1171000000,-4.6549000000,-7.1449800000,0.1148620000,5537.0000000000,1.5732100000,0.9700000000,4197.8500000000,,,,,112.5033493809,6.2738000000,0.0030937128,0.9406173582,gaia_1.8245581524243855e+18,1590.9159055770,1914.1786704994,bright enough to mimic 2.91 ppt only under a total-throughput simple eclipse calculation
390988139,297.0499809590,18.7296465341,13.9246000000,0.0189000000,1824562962787636992.0000000000,14.9518000000,16.0166000000,13.9161000000,-2.3080700000,-5.5316900000,0.0899489000,4176.0000000000,22.8260000000,,6850.6800000000,,,,,112.8384446952,2.9874000000,0.0638322275,0.0455882571,gaia_1.824562962787637e+18,1791.7429427034,1435.7034783449,bright enough to mimic 2.91 ppt only under a total-throughput simple eclipse calculation
390988352,297.0104245860,18.7031528130,16.7051000000,0.0357000000,1824561412252444672.0000000000,17.6326000000,18.5128000000,16.6424000000,-1.4365000000,-3.9804300000,0.0571484000,4404.0000000000,3.7211600000,,4864.2800000000,,,,,113.7315844568,5.7679000000,0.0049299215,0.5902730960,gaia_1.8245614122524447e+18,2161.3151963918,1703.1863290580,bright enough to mimic 2.91 ppt only under a total-throughput simple eclipse calculation
390988345,297.0764070001,18.7041017418,15.6793000000,0.0112000000,1824562619190202112.0000000000,16.3031000000,16.8285000000,15.6141000000,-7.2801200000,-23.6256000000,1.0294100000,5136.0000000000,0.6886020000,0.8700000000,948.9100000000,,,,,113.8347372025,4.7421000000,0.0126811897,0.2294737374,gaia_1.824562619190202e+18,1540.0241011157,1686.9082389968,bright enough to mimic 2.91 ppt only under a total-throughput simple eclipse calculation
390988283,297.0132678871,18.7125922719,16.9687000000,0.0406000000,1824562168171540480.0000000000,17.6231000000,18.1435000000,16.8782000000,-0.7882670000,-3.7751300000,0.1121500000,5672.0000000000,1.8367700000,1.0100000000,4623.8700000000,,,,,114.1698507148,6.0315000000,0.0038672300,0.7524765825,gaia_1.8245621681715405e+18,2135.5766917924,1609.0434401439,bright enough to mimic 2.91 ppt only under a total-throughput simple eclipse calculation
390988602,297.0605831407,18.6716179784,15.7698000000,0.0112000000,1824558152423933952.0000000000,16.5858000000,17.3344000000,15.7122000000,-3.2982600000,-10.9062000000,0.3757980000,4646.0000000000,2.4347900000,,2490.2000000000,,,,,114.2788813337,4.8326000000,0.0116670215,0.2494209844,gaia_1.824558152423934e+18,1685.3853261651,2011.5358943858,bright enough to mimic 2.91 ppt only under a total-throughput simple eclipse calculation
390988641,297.0488897405,18.6675686160,16.4604000000,0.0430000000,1824561073001701888.0000000000,17.1686000000,17.7490000000,16.3761000000,-2.8717200000,-7.4854500000,0.1092080000,5584.0000000000,2.7698100000,0.9900000000,5066.7000000000,,,,,114.3437403253,5.5232000000,0.0061761808,0.4711649643,gaia_1.824561073001702e+18,1795.0711725808,2053.0194504830,bright enough to mimic 2.91 ppt only under a total-throughput simple eclipse calculation
390988148,297.0311631043,18.7286243846,14.9093000000,0.0205000000,1824563684342163456.0000000000,15.4129000000,15.8138000000,14.8286000000,-3.1101800000,-6.7297100000,-0.1018390000,7167.0000000000,7.3129800000,,9317.9700000000,,,,,114.9019440097,3.9721000000,0.0257727048,0.1129101512,gaia_1.8245636843421635e+18,1968.8270869695,1447.8111496654,bright enough to mimic 2.91 ppt only under a total-throughput simple eclipse calculation
390988143,297.0533697313,18.7294495374,16.4206000000,0.0068000000,1824562962746599168.0000000000,17.1161000000,17.6334000000,16.2314000000,,,,,,,,,,,,114.9876450071,5.4834000000,0.0064067828,0.4542061277,gaia_1.8245629627465992e+18,1759.8119998501,1437.3095216474,bright enough to mimic 2.91 ppt only under a total-throughput simple eclipse calculation
390988578,297.0217315015,18.6744860892,16.8095000000,0.0344000000,1824561034295200512.0000000000,17.6298000000,18.3322000000,16.7064000000,-3.3009900000,-6.2607000000,0.2581360000,4708.0000000000,2.0189400000,,3338.3800000000,,,,,115.0316843604,5.8723000000,0.0044779578,0.6498497991,gaia_1.8245610342952005e+18,2051.6535007104,1987.0528746825,bright enough to mimic 2.91 ppt only under a total-throughput simple eclipse calculation
390988617,297.0574825975,18.6697301000,17.2083000000,0.0105272000,1824558113722181632.0000000000,18.3667000000,19.4327000000,17.2390000000,-5.6965900000,-8.2931700000,1.4585000000,3619.0000000000,0.4898490000,0.4879340000,686.5140000000,,,,,115.4108018670,6.2711000000,0.0031014158,0.9382811446,gaia_1.8245581137221816e+18,1714.3770046482,2030.6308600904,bright enough to mimic 2.91 ppt only under a total-throughput simple eclipse calculation
390988137,297.0523140945,18.7298614026,16.8898000000,0.0381000000,1824562962787633664.0000000000,17.5068000000,17.9407000000,16.7499000000,-1.8660900000,-4.3231200000,0.2404920000,5732.0000000000,1.3518000000,1.0200000000,3479.3300000000,,,,,115.4142475788,5.9526000000,0.0041587231,0.6997340197,gaia_1.8245629627876337e+18,1769.7983484640,1433.3244563847,bright enough to mimic 2.91 ppt only under a total-throughput simple eclipse calculation
390988152,297.0292664280,18.7281936083,16.7104000000,0.0249000000,1824563679995299840.0000000000,17.3052000000,17.7601000000,16.6131000000,-1.5803600000,-4.4487000000,0.3777820000,5685.0000000000,1.0270200000,1.0100000000,2503.5700000000,,,,,116.0084737990,5.7732000000,0.0049059148,0.5931615467,gaia_1.8245636799952998e+18,1986.6399903565,1452.2890113664,bright enough to mimic 2.91 ppt only under a total-throughput simple eclipse calculation
390988133,297.0509955808,18.7303869514,15.4310000000,0.0113000000,1824562962787635712.0000000000,16.0129000000,16.3918000000,15.2652000000,-0.6478080000,-2.3801800000,1.0813400000,5312.0000000000,0.6854760000,0.9100000000,911.9070000000,,,,,116.1673567883,4.4938000000,0.0159396947,0.1825630947,gaia_1.8245629627876357e+18,1782.2727961082,1428.2363507587,bright enough to mimic 2.91 ppt only under a total-throughput simple eclipse calculation
390988268,297.0133063541,18.7137346843,15.7896000000,0.0292000000,1824562202526483200.0000000000,16.5834000000,17.1944000000,15.6343000000,-5.2359600000,-7.9443200000,0.1523990000,4930.0000000000,,,4805.1700000000,,,SPLIT,,116.2195373263,4.8524000000,0.0114561845,0.2540112718,gaia_1.8245622025264832e+18,2135.3407678866,1597.6808341033,bright enough to mimic 2.91 ppt only under a total-throughput simple eclipse calculation
390988555,297.0689715550,18.6773766768,14.9546000000,0.0169000000,1824558152424203520.0000000000,15.5412000000,16.0251000000,14.8865000000,-1.0875700000,-3.3337800000,-0.0094461600,6700.0000000000,7.8017000000,,8974.0100000000,,,,,116.4945550146,4.0174000000,0.0247195181,0.1177207415,gaia_1.8245581524242035e+18,1607.0279167588,1953.3990044635,bright enough to mimic 2.91 ppt only under a total-throughput simple eclipse calculation
390988556,297.0179753102,18.6773591055,16.6810000000,0.0385000000,1824561240453642752.0000000000,17.5960000000,18.4649000000,16.6328000000,-5.0892800000,-7.8876900000,0.1150410000,4509.0000000000,3.4859500000,,4631.3900000000,,,,,116.5497341308,5.7438000000,0.0050405741,0.5773151959,gaia_1.8245612404536428e+18,2087.3525879567,1958.8727247203,bright enough to mimic 2.91 ppt only under a total-throughput simple eclipse calculation
390988260,297.0734109263,18.7146822987,16.5767000000,0.0219000000,1824562683562818304.0000000000,17.1985000000,17.6397000000,16.4381000000,-2.7797000000,-6.9815200000,0.3160280000,5566.0000000000,1.3291600000,0.9800000000,2899.5700000000,,,,,116.7955602295,5.6395000000,0.0055488119,0.5244365950,gaia_1.8245626835628183e+18,1569.4351451921,1582.0302165608,bright enough to mimic 2.91 ppt only under a total-throughput simple eclipse calculation
390988615,297.0276203521,18.6701483969,14.3421000000,0.0061000000,1824561038641982976.0000000000,15.1553000000,15.9505000000,14.2792000000,-0.7562210000,-15.7537000000,3.0958200000,4206.0000000000,0.6411830000,0.6580000000,320.0910000000,,,,,116.8232144765,3.4049000000,0.0434550246,0.0669657888,gaia_1.824561038641983e+18,1995.7035301361,2029.5748948272,bright enough to mimic 2.91 ppt only under a total-throughput simple eclipse calculation
390988126,297.0461428805,18.7313751902,16.8047000000,0.0254000000,1824562962787642880.0000000000,17.4050000000,17.8435000000,16.6857000000,0.4123230000,-2.0134600000,0.3455900000,5695.0000000000,1.0697500000,1.0100000000,2703.9100000000,,,,,117.2135283881,5.8675000000,0.0044977985,0.6469831782,gaia_1.824562962787643e+18,1828.0777120006,1418.9146446979,bright enough to mimic 2.91 ppt only under a total-throughput simple eclipse calculation
1845608610,297.0131533165,18.7142855448,16.7096000000,0.6000000000,1824562206832474624.0000000000,17.1396000000,,,-4.1838600000,-4.0420200000,1.3133700000,,,,763.3610000000,,,,390988268.0000000000,117.2722245115,5.7724000000,0.0049095309,0.5927246501,gaia_1.8245622068324746e+18,2136.8431059897,1592.2193461089,bright enough to mimic 2.91 ppt only under a total-throughput simple eclipse calculation
390988224,297.0700976487,18.7196999569,15.7452000000,0.0125000000,1824562687868595712.0000000000,16.3452000000,16.8364000000,15.6773000000,-3.7723700000,-3.4305000000,0.6285360000,5496.0000000000,1.0053400000,0.9600000000,1533.3200000000,,,,,117.6405862664,4.8080000000,0.0119343838,0.2438332846,gaia_1.8245626878685957e+18,1601.2014672293,1532.4922973573,bright enough to mimic 2.91 ppt only under a total-throughput simple eclipse calculation
390988653,297.0387565284,18.6664172154,14.9002000000,0.0258000000,1824560969922495488.0000000000,15.8304000000,16.7070000000,14.8487000000,-3.4054600000,-6.1235700000,0.1264330000,4545.0000000000,9.7751000000,,5615.3200000000,,,,,118.0903698746,3.9630000000,0.0259896242,0.1119677598,gaia_1.8245609699224955e+18,1890.3917934603,2065.5208936962,bright enough to mimic 2.91 ppt only under a total-throughput simple eclipse calculation
390988370,297.0089096157,18.7010848878,16.5353000000,0.0105000000,1824561412252436480.0000000000,17.3913000000,18.2216000000,16.4544000000,-3.4768000000,-3.3183500000,1.2664900000,4134.0000000000,0.6188490000,0.6500000000,781.4430000000,,,,,118.1286878542,5.5981000000,0.0057644782,0.5048158578,gaia_1.8245614122524365e+18,2175.3573108548,1723.9009746729,bright enough to mimic 2.91 ppt only under a total-throughput simple eclipse calculation
1845606181,297.0516391978,18.6669063254,17.2251000000,0.0111000000,1824561072959948288.0000000000,17.9001000000,18.1610000000,16.8080000000,-1.9213400000,-7.0678200000,0.6678830000,,,,1538.5600000000,,,DUPLICATE,390988649.0000000000,118.5428792712,6.2879000000,0.0030537958,0.9529124233,gaia_1.8245610729599483e+18,1769.1003821170,2059.3170012120,bright enough to mimic 2.91 ppt only under a total-throughput simple eclipse calculation
390988173,297.0636993544,18.7257499876,15.3694000000,0.0264000000,1824562894068137984.0000000000,16.1525000000,16.8563000000,15.3195000000,-1.8137400000,-2.4064800000,0.1649200000,4972.0000000000,5.0647500000,,4718.4200000000,,,,,118.6941471609,4.4322000000,0.0168701910,0.1724936011,gaia_1.824562894068138e+18,1662.1317793516,1473.0127710527,bright enough to mimic 2.91 ppt only under a total-throughput simple eclipse calculation
390988412,297.0086627402,18.6965971507,17.0187000000,0.0077000000,1824561309173202432.0000000000,17.6669000000,18.0080000000,16.7179000000,-6.2038400000,-8.6963400000,,,,,,,,,,119.0059343030,6.0815000000,0.0036931760,0.7879397113,gaia_1.8245613091732024e+18,2177.1890641112,1768.5461732493,bright enough to mimic 2.91 ppt only under a total-throughput simple eclipse calculation
390988226,297.0713492884,18.7193479835,15.5954000000,0.0147000000,1824562687909695744.0000000000,16.2505000000,16.8111000000,15.5246000000,-1.1734200000,-6.4286100000,1.0882900000,4895.0000000000,0.7305950000,0.8000000000,898.3580000000,,,,,120.1845288759,4.6582000000,0.0136999821,0.2124090365,gaia_1.8245626879096957e+18,1589.3765586384,1535.8599026529,bright enough to mimic 2.91 ppt only under a total-throughput simple eclipse calculation
1845606235,297.0460878247,18.6655396332,17.2305000000,0.0067000000,1824561073001703424.0000000000,17.8730000000,18.3071000000,17.0303000000,-2.6871000000,-5.8907200000,-0.8854720000,,,,5865.5700000000,,,,,120.4774332720,6.2933000000,0.0030386452,0.9576636186,gaia_1.8245610730017034e+18,1821.2378782620,2073.4841242443,bright enough to mimic 2.91 ppt only under a total-throughput simple eclipse calculation
390988164,297.0243579198,18.7272271081,16.4377000000,0.0350000000,1824563684342171136.0000000000,17.0671000000,17.5708000000,16.3556000000,-2.4198800000,-4.2137200000,0.1627630000,5783.0000000000,2.1409500000,1.0400000000,4415.3300000000,,,,,120.9895455098,5.5005000000,0.0063066684,0.4614163602,gaia_1.8245636843421711e+18,2032.7566390560,1462.4017081933,bright enough to mimic 2.91 ppt only under a total-throughput simple eclipse calculation
390988151,297.0262162970,18.7283514960,17.2621000000,0.0414000000,1824563684342169088.0000000000,17.9747000000,18.5776000000,17.1943000000,-1.5196700000,-3.5722900000,-0.0752359000,5458.0000000000,2.1604500000,0.9500000000,5613.2100000000,,,,,121.2189428724,6.3249000000,0.0029514811,0.9859456812,gaia_1.824563684342169e+18,2015.3812290051,1451.0319526767,bright enough to mimic 2.91 ppt only under a total-throughput simple eclipse calculation
390988661,297.0428404217,18.6651842157,17.1485000000,0.0093000000,1824560965575679488.0000000000,17.7849000000,18.1349000000,16.8722000000,0.7849010000,-2.8692500000,,,,,,,,,,121.4465675500,6.2113000000,0.0032770269,0.8880000475,gaia_1.8245609655756795e+18,1851.7870599220,2077.3556938515,bright enough to mimic 2.91 ppt only under a total-throughput simple eclipse calculation
390988632,297.0284154149,18.6679452195,15.8656000000,0.0149000000,1824561038641981440.0000000000,16.6387000000,17.3401000000,15.7980000000,-1.0117300000,-0.7677880000,0.8166360000,4589.0000000000,1.0557000000,0.7300000000,1191.7300000000,,,,,122.7494869868,4.9284000000,0.0106816907,0.2724287822,gaia_1.8245610386419814e+18,1987.9715476815,2051.3978267239,bright enough to mimic 2.91 ppt only under a total-throughput simple eclipse calculation
390988166,297.0232212932,18.7271386677,15.6241000000,0.0159000000,1824563684342172160.0000000000,16.2558000000,16.7835000000,15.5618000000,1.9229800000,-6.5102300000,0.3271430000,5531.0000000000,2.0343900000,0.9700000000,2812.4200000000,,,,,122.8574734555,4.6869000000,0.0133425857,0.2180986558,gaia_1.8245636843421722e+18,2043.4508461192,1463.3973251820,bright enough to mimic 2.91 ppt only under a total-throughput simple eclipse calculation
390988644,297.0293989728,18.6670754534,17.2362000000,0.0459000000,1824561034299939584.0000000000,17.9456000000,18.4971000000,17.1191000000,0.8259890000,-5.5418700000,0.1301500000,5388.0000000000,1.6451600000,0.9400000000,4216.5200000000,,,,,124.2663355505,6.2990000000,0.0030227345,0.9627044715,gaia_1.8245610342999396e+18,1978.6106921756,2059.9439895528,bright enough to mimic 2.91 ppt only under a total-throughput simple eclipse calculation
390988506,297.0108914748,18.6834535354,16.8769000000,0.0329000000,1824561240453668352.0000000000,17.8261000000,18.7031000000,16.8125000000,-2.1265500000,-3.8916200000,-0.1227690000,4600.0000000000,4.5429000000,,6350.7300000000,,,,,124.2775155294,5.9397000000,0.0042084290,0.6914694369,gaia_1.8245612404536684e+18,2154.7515917863,1899.0015491949,bright enough to mimic 2.91 ppt only under a total-throughput simple eclipse calculation
390988512,297.0758338595,18.6828393967,16.9611000000,0.0429000000,1824559625545962240.0000000000,17.6041000000,18.1312000000,16.8871000000,2.5880400000,0.6792070000,0.2298960000,5515.0000000000,1.4159700000,0.9700000000,3561.0300000000,,,,,124.5983886824,6.0239000000,0.0038943950,0.7472277448,gaia_1.8245596255459622e+18,1543.0173734994,1898.3625425773,bright enough to mimic 2.91 ppt only under a total-throughput simple eclipse calculation
390988655,297.0549105455,18.6659699387,16.6470000000,0.0151000000,1824558113749847040.0000000000,17.4147000000,18.0609000000,16.5422000000,-6.2505100000,-7.4246600000,0.5624560000,4747.0000000000,1.0425800000,0.7600000000,1734.4600000000,,,,,124.8449845330,5.7098000000,0.0052009179,0.5595166168,gaia_1.824558113749847e+18,1738.1836575692,2068.2845121635,bright enough to mimic 2.91 ppt only under a total-throughput simple eclipse calculation
390988130,297.0567776985,18.7312440886,16.3215000000,0.0195000000,1824562962787628544.0000000000,17.1178000000,17.7908000000,16.2112000000,-4.4175200000,-5.2024000000,0.3282630000,4691.0000000000,2.0603500000,,2811.4800000000,,,,,124.9129382936,5.3843000000,0.0070190769,0.4145844311,gaia_1.8245629627876285e+18,1727.9261822827,1419.1118486897,bright enough to mimic 2.91 ppt only under a total-throughput simple eclipse calculation
390988262,297.0762478296,18.7144600095,17.0523000000,0.0257000000,1824562687909687552.0000000000,17.7385000000,18.2816000000,16.9414000000,-9.1774700000,-1.8672000000,0.4795820000,5080.0000000000,0.8687620000,0.8500000000,2045.2600000000,,,,,124.9773826034,6.1151000000,0.0035806346,0.8127051073,gaia_1.8245626879096876e+18,1542.6985953646,1583.9406302676,bright enough to mimic 2.91 ppt only under a total-throughput simple eclipse calculation
390988637,297.0268358129,18.6675891775,16.1957000000,0.0384000000,1824561038641982208.0000000000,16.9890000000,17.6495000000,16.0859000000,2.5625200000,-3.5730500000,0.2391150000,4844.0000000000,2.6293300000,,3471.3200000000,,,,,126.2428483332,5.2585000000,0.0078813389,0.3692266067,gaia_1.8245610386419822e+18,2002.8123032107,2055.1003935782,bright enough to mimic 2.91 ppt only under a total-throughput simple eclipse calculation
390988155,297.0221198603,18.7275630783,16.5579000000,0.0356000000,1824563680000029184.0000000000,17.4583000000,18.2843000000,16.4866000000,-1.4564600000,-3.4703400000,0.0122776000,4561.0000000000,4.4430600000,,5728.1900000000,,,,,126.2521683250,5.6207000000,0.0056457286,0.5154339123,gaia_1.8245636800000292e+18,2053.8708413046,1459.2901217138,bright enough to mimic 2.91 ppt only under a total-throughput simple eclipse calculation
390988376,297.0061096771,18.7003388289,16.4479000000,0.0281000000,1824561416599133184.0000000000,17.0637000000,17.5306000000,16.3418000000,-2.9104100000,-6.0285000000,0.3604580000,5646.0000000000,1.2438700000,1.0000000000,2598.0600000000,,,,,127.5210387643,5.5107000000,0.0062476976,0.4657715836,gaia_1.8245614165991332e+18,2201.6490202728,1731.6029070377,bright enough to mimic 2.91 ppt only under a total-throughput simple eclipse calculation
390988554,297.0732033160,18.6773744430,16.4510000000,0.0158000000,1824558152424199168.0000000000,17.0790000000,17.5937000000,16.3803000000,-9.1457300000,-6.2115500000,0.3689620000,5615.0000000000,1.2410300000,0.9900000000,2544.4100000000,,,,,127.6319359589,5.5138000000,0.0062298846,0.4671033575,gaia_1.8245581524241992e+18,1567.1746631494,1952.9741019311,bright enough to mimic 2.91 ppt only under a total-throughput simple eclipse calculation
390988209,297.0141002777,18.7210173818,15.4640000000,0.0152000000,1824562206873428224.0000000000,16.0832000000,16.5946000000,15.3980000000,-7.7004000000,-8.7575100000,0.3631700000,5547.0000000000,1.9552800000,0.9800000000,2560.2300000000,,,,,127.9240708163,4.5268000000,0.0154625102,0.1881971269,gaia_1.8245622068734282e+18,2128.6699950144,1525.1900577070,bright enough to mimic 2.91 ppt only under a total-throughput simple eclipse calculation
390988675,297.0461660202,18.6632874356,16.7416000000,0.0376000000,1824560965575671296.0000000000,17.4247000000,17.9599000000,16.6344000000,-2.9114600000,-5.2979400000,0.2528130000,5402.0000000000,,,3394.5400000000,,,SPLIT,,128.5833082422,5.8044000000,0.0047669435,0.6104540635,gaia_1.8245609655756713e+18,1820.2517735915,2095.8678224056,bright enough to mimic 2.91 ppt only under a total-throughput simple eclipse calculation
1845609889,297.0767047994,18.7158385568,17.0168000000,0.0305000000,1824562786642037760.0000000000,17.6948000000,18.1730000000,16.8539000000,-3.6776200000,-5.4154100000,0.3406030000,5234.0000000000,1.1506900000,0.8900000000,2744.6800000000,,,,,128.6469204417,6.0796000000,0.0036996445,0.7865620504,gaia_1.8245627866420378e+18,1538.5526914336,1570.1864174719,bright enough to mimic 2.91 ppt only under a total-throughput simple eclipse calculation
390988337,297.0807339112,18.7045839378,16.5328000000,0.0063000000,1824562619190198272.0000000000,17.3234000000,17.9463000000,16.3060000000,,,,,,,,,,,,128.6758312358,5.5956000000,0.0057777667,0.5036548136,gaia_1.8245626191901983e+18,1499.3367600657,1681.6557753956,bright enough to mimic 2.91 ppt only under a total-throughput simple eclipse calculation
1845610376,297.0668472202,18.7270362967,17.2467000000,0.0414000000,1824562997106269184.0000000000,17.9084000000,18.4070000000,17.1260000000,-4.2206200000,-6.0219400000,0.1223540000,5535.0000000000,1.4975400000,0.9700000000,4188.5500000000,,,,,128.8405518411,6.3095000000,0.0029936429,0.9720598133,gaia_1.8245629971062692e+18,1632.6389083512,1459.8934228860,bright enough to mimic 2.91 ppt only under a total-throughput simple eclipse calculation
390988127,297.0594348087,18.7313704266,15.6811000000,0.0286000000,1824563065866840064.0000000000,16.5640000000,17.4062000000,15.6426000000,-2.8465400000,-5.3121700000,0.1473510000,4553.0000000000,5.4890800000,,4838.6000000000,,,,,128.8922015632,4.7439000000,0.0126601835,0.2298544886,gaia_1.82456306586684e+18,1702.9221352201,1417.5782101020,bright enough to mimic 2.91 ppt only under a total-throughput simple eclipse calculation
390988198,297.0147032097,18.7222046018,17.1080000000,0.0424000000,1824562206832488960.0000000000,17.7419000000,18.2487000000,17.0247000000,-2.1460500000,-5.9975200000,0.0669703000,5858.0000000000,1.7648900000,1.0600000000,4951.4000000000,,,,,129.0555337448,6.1708000000,0.0034015746,0.8554861620,gaia_1.824562206832489e+18,2123.1232045974,1513.3244622391,bright enough to mimic 2.91 ppt only under a total-throughput simple eclipse calculation
390988158,297.0663140008,18.7275077283,15.8069000000,0.0180000000,1824562997147351808.0000000000,16.6387000000,17.4027000000,15.7427000000,-2.4254000000,-5.4128300000,0.2890890000,4575.0000000000,3.0959600000,,3119.8800000000,,,,,129.0733538917,4.8697000000,0.0112750896,0.2580910765,gaia_1.8245629971473518e+18,1637.7129327163,1455.2622465919,bright enough to mimic 2.91 ppt only under a total-throughput simple eclipse calculation
390988264,297.0778162887,18.7140750584,14.1845000000,0.0291000000,1824562687909685248.0000000000,15.0366000000,15.8474000000,14.1501000000,-1.4903600000,-6.8754900000,0.1994780000,4607.0000000000,9.1885600000,,4279.3100000000,,,,,129.1900052192,3.2473000000,0.0502435133,0.0579179243,gaia_1.8245626879096852e+18,1527.8868989511,1587.6020264349,bright enough to mimic 2.91 ppt only under a total-throughput simple eclipse calculation
390988415,297.0055064767,18.6965000495,14.6297000000,0.0160000000,1824561309173205504.0000000000,15.6183000000,16.6128000000,14.5984000000,-2.1555600000,-5.0388200000,0.2231010000,4242.0000000000,8.6407800000,,3862.4400000000,,,,,129.7675038800,3.6925000000,0.0333426413,0.0872756293,gaia_1.8245613091732055e+18,2206.9092281155,1769.8318787258,bright enough to mimic 2.91 ppt only under a total-throughput simple eclipse calculation
390988483,297.0793718297,18.6865403217,17.2255000000,0.0434000000,1824559629851764224.0000000000,17.8708000000,18.3174000000,17.0694000000,-2.3612800000,-5.6809900000,0.1542960000,5590.0000000000,1.4352100000,0.9900000000,4089.4500000000,,,,,130.2617279553,6.2883000000,0.0030526710,0.9532635539,gaia_1.8245596298517642e+18,1510.1182359701,1861.1924927268,bright enough to mimic 2.91 ppt only under a total-throughput simple eclipse calculation
390988587,297.0162265863,18.6735268763,16.9586000000,0.0208000000,1824561240480209664.0000000000,17.6794000000,18.2794000000,16.8665000000,-2.0771200000,-0.4351950000,0.5467890000,4978.0000000000,0.8571340000,0.8200000000,1816.3300000000,,,,,130.3388089933,6.0214000000,0.0039033725,0.7455091686,gaia_1.8245612404802097e+18,2103.4053229889,1997.1534436147,bright enough to mimic 2.91 ppt only under a total-throughput simple eclipse calculation
390988306,297.0805914098,18.7082989665,15.8222000000,0.0133000000,1824562619190200832.0000000000,16.3901000000,16.8472000000,15.7544000000,-2.7359900000,-6.3659100000,0.3779430000,5870.0000000000,1.4492100000,1.0600000000,2475.6100000000,,,,,130.9913373358,4.8850000000,0.0111173173,0.2617537962,gaia_1.8245626191902008e+18,1501.1006818719,1644.7353344567,bright enough to mimic 2.91 ppt only under a total-throughput simple eclipse calculation
390988530,297.0097781478,18.6809967891,16.9655000000,0.0288000000,1824561240453657600.0000000000,17.6802000000,18.2728000000,16.8760000000,1.2699000000,-3.2763000000,0.4977300000,5080.0000000000,0.9059290000,0.8500000000,1967.1900000000,,,,,131.7800057272,6.0283000000,0.0038786447,0.7502620666,gaia_1.8245612404536576e+18,2164.9700300199,1923.5412502964,bright enough to mimic 2.91 ppt only under a total-throughput simple eclipse calculation
390988170,297.0691140197,18.7264014420,12.5857000000,0.0204000000,1824562997147348480.0000000000,13.7465000000,15.1109000000,12.6024000000,-1.6028400000,-4.9652500000,0.1798280000,3785.0000000000,33.4329000000,,4527.4200000000,,,,,132.0377147724,1.6485000000,0.2190786217,0.0132829026,gaia_1.8245629971473485e+18,1611.2239797509,1465.9671548593,bright enough to mimic 2.91 ppt only under a total-throughput simple eclipse calculation
390988672,297.0530683438,18.6633682596,16.3733000000,0.0287000000,1824558113717386752.0000000000,17.1806000000,17.9093000000,16.3132000000,0.9584110000,-1.7082800000,0.2615640000,4765.0000000000,2.4136500000,,3352.1000000000,,,,,132.0799150210,5.4361000000,0.0066920627,0.4348435063,gaia_1.8245581137173868e+18,1755.2460533944,2094.3436502708,bright enough to mimic 2.91 ppt only under a total-throughput simple eclipse calculation
1845605990,297.0324014459,18.6636056854,16.2974000000,0.0407000000,1824560969880774144.0000000000,16.9720000000,17.4378000000,16.1328000000,-1.1054300000,-3.3073000000,0.1330320000,5756.0000000000,2.6905100000,1.0300000000,4863.5600000000,,,,,132.6022307984,5.3602000000,0.0071766208,0.4054833156,gaia_1.8245609698807741e+18,1949.9453108533,2094.1317232449,bright enough to mimic 2.91 ppt only under a total-throughput simple eclipse calculation
390988398,297.0823539733,18.6980025045,17.1573000000,0.0288000000,1824562619149017088.0000000000,17.9056000000,18.4670000000,16.9920000000,-2.1834800000,-2.8719300000,0.4168400000,4832.0000000000,,,2360.9600000000,,,SPLIT,,132.6140274867,6.2201000000,0.0032505736,0.8952266227,gaia_1.824562619149017e+18,1483.3350905167,1746.9175013836,bright enough to mimic 2.91 ppt only under a total-throughput simple eclipse calculation
390988273,297.0077524535,18.7135237534,14.5706000000,0.0117000000,1824562168198964224.0000000000,15.0796000000,15.4770000000,14.5009000000,5.1794400000,-0.2856640000,0.7069300000,5968.0000000000,1.2963300000,1.0900000000,1363.4500000000,,,,,132.6809480332,3.6334000000,0.0352078901,0.0826519281,gaia_1.8245621681989642e+18,2187.6277508021,1600.3421255168,bright enough to mimic 2.91 ppt only under a total-throughput simple eclipse calculation
1845600109,297.0692132456,18.6712320777,17.1826000000,0.0404000000,1824558152382158336.0000000000,18.0245000000,18.7000000000,17.0250000000,-2.7202700000,-4.1781700000,0.2331120000,4629.0000000000,1.8128900000,,3415.5500000000,,,,,132.7960378385,6.2454000000,0.0031757039,0.9163322865,gaia_1.8245581523821583e+18,1604.0624403750,2014.4637511975,bright enough to mimic 2.91 ppt only under a total-throughput simple eclipse calculation
390988601,297.0698703709,18.6717532549,14.9290000000,0.0075133400,1824558148077160960.0000000000,15.8849000000,16.7988000000,14.9352000000,1.9447800000,-17.9834000000,2.6959100000,3899.0000000000,0.5968970000,0.5855500000,367.2910000000,4179.0000000000,1.2375540000,,,132.9012200458,3.9918000000,0.0253092922,0.1149775338,gaia_1.824558148077161e+18,1597.9321052785,2009.2127681313,bright enough to mimic 2.91 ppt only under a total-throughput simple eclipse calculation
390988112,297.0537963700,18.7345367117,16.7075000000,0.0297000000,1824562962787635200.0000000000,17.3287000000,17.8350000000,16.6353000000,-6.4739400000,-7.0112400000,0.2937790000,5636.0000000000,1.3126400000,1.0000000000,3064.2400000000,,,,,132.9818890030,5.7703000000,0.0049190360,0.5915793270,gaia_1.8245629627876352e+18,1756.3700788649,1386.6856619700,bright enough to mimic 2.91 ppt only under a total-throughput simple eclipse calculation
390988203,297.0128917947,18.7218432810,16.9581000000,0.0321000000,1824562206873430528.0000000000,17.6283000000,18.1695000000,16.8688000000,-5.4518400000,-1.3049300000,0.2866960000,5355.0000000000,1.3076700000,0.9300000000,3109.6500000000,,,,,132.9999507158,6.0209000000,0.0039051705,0.7451659280,gaia_1.8245622068734305e+18,2140.1432373037,1517.1012245964,bright enough to mimic 2.91 ppt only under a total-throughput simple eclipse calculation
390988105,297.0501280592,18.7353489699,16.3726000000,0.0318000000,1824562958467614720.0000000000,17.1433000000,17.7664000000,16.2513000000,-0.9181500000,-3.6263600000,0.2072910000,4909.0000000000,2.5934100000,,3871.9400000000,,,,,133.1124191664,5.4354000000,0.0066963786,0.4345632427,gaia_1.8245629584676147e+18,1791.0017751345,1378.9913447013,bright enough to mimic 2.91 ppt only under a total-throughput simple eclipse calculation
390988570,297.0127238543,18.6759843859,16.5413000000,0.0070000000,1824561240453640192.0000000000,17.3445000000,17.9981000000,16.3248000000,1.1218100000,-10.7939000000,,,,,,,,,,133.4613254966,5.6041000000,0.0057327104,0.5076132958,gaia_1.8245612404536402e+18,2136.6715175043,1973.0772542340,bright enough to mimic 2.91 ppt only under a total-throughput simple eclipse calculation
390988223,297.0110926825,18.7197941544,17.1217000000,0.0261000000,1824562202526519808.0000000000,17.9053000000,18.6078000000,17.0541000000,0.2039470000,-5.8518400000,0.3784710000,4699.0000000000,1.2581600000,0.7500000000,2529.5800000000,,,,,133.5769564866,6.1845000000,0.0033589226,0.8663492205,gaia_1.8245622025265198e+18,2156.8607196668,1537.6580246117,bright enough to mimic 2.91 ppt only under a total-throughput simple eclipse calculation
390988671,297.0316843444,18.6635015408,14.3187000000,0.0102000000,1824560969922499584.0000000000,14.9532000000,15.4807000000,14.2412000000,-3.9470800000,-6.9406000000,1.3479600000,5030.0000000000,1.0205100000,0.8400000000,730.9410000000,,,,,133.6768988734,3.3815000000,0.0444017411,0.0655379706,gaia_1.8245609699224996e+18,1956.6889717417,2095.2412293967,bright enough to mimic 2.91 ppt only under a total-throughput simple eclipse calculation
390988586,297.0723062577,18.6737221576,14.3510000000,0.0248000000,1824558152424196864.0000000000,15.2905000000,16.2232000000,14.3333000000,-3.9494800000,-4.9203600000,0.1717990000,4438.0000000000,10.8782000000,,4743.9400000000,,,,,133.7579777852,3.4138000000,0.0431002709,0.0675169770,gaia_1.8245581524241969e+18,1575.2123406937,1989.3803263146,bright enough to mimic 2.91 ppt only under a total-throughput simple eclipse calculation
390988690,297.0428373350,18.6617366222,16.0986000000,0.0334000000,1824560969922489344.0000000000,16.9586000000,17.7588000000,16.0447000000,-4.3184200000,-3.4691700000,0.2176840000,4595.0000000000,3.4328300000,,3809.7800000000,,,,,133.8562818645,5.1614000000,0.0086186650,0.3376392983,gaia_1.8245609699224893e+18,1851.4347589911,2111.6328114836,bright enough to mimic 2.91 ppt only under a total-throughput simple eclipse calculation
390988628,297.0660113159,18.6684668105,17.1839000000,0.0075000000,1824558152382160384.0000000000,17.8245000000,18.2238000000,16.9514000000,,,,,,,,,,,,133.8675998364,6.2467000000,0.0031719037,0.9174301088,gaia_1.8245581523821604e+18,1633.9089138705,2042.2940675950,bright enough to mimic 2.91 ppt only under a total-throughput simple eclipse calculation
390988538,297.0098562667,18.6796653459,15.5999000000,0.0313000000,1824561244800430336.0000000000,16.5692000000,17.5019000000,15.5611000000,-3.0088500000,-5.5367600000,0.0725535000,4502.0000000000,8.1915300000,,6117.3700000000,,,,,133.9635532836,4.6627000000,0.0136433179,0.2132912252,gaia_1.8245612448004303e+18,2164.0882951918,1936.7712674430,bright enough to mimic 2.91 ppt only under a total-throughput simple eclipse calculation
390988479,297.0806737154,18.6868831654,16.4124000000,0.0223000000,1824559629892946432.0000000000,17.0881000000,17.6353000000,16.3285000000,-3.3580000000,-7.3462800000,-0.4921840000,5858.0000000000,3.7070800000,1.0600000000,7111.5000000000,,,,,134.0382051720,5.4752000000,0.0064553531,0.4507886668,gaia_1.8245596298929464e+18,1497.8974740658,1857.6457086658,bright enough to mimic 2.91 ppt only under a total-throughput simple eclipse calculation
390988475,297.0812853853,18.6882615934,16.2910000000,0.0165000000,1824559625545985536.0000000000,16.8450000000,17.2755000000,16.2100000000,-3.0335000000,-6.0552000000,0.3311160000,5988.0000000000,1.2786200000,1.1000000000,2787.9700000000,,,,,134.5154478861,5.3538000000,0.0072190492,0.4031001771,gaia_1.8245596255459855e+18,1492.2935125133,1843.8762852490,bright enough to mimic 2.91 ppt only under a total-throughput simple eclipse calculation
1845608528,297.0046568011,18.7063623568,16.9772000000,0.0062000000,1824562172471733248.0000000000,17.8200000000,18.4903000000,16.7107000000,-3.7052600000,-7.1837200000,0.1594620000,,,,4108.1400000000,,,DUPLICATE,390988320.0000000000,135.0582909497,6.0400000000,0.0038370725,0.7583906830,gaia_1.8245621724717332e+18,2215.9966349445,1671.8597969641,bright enough to mimic 2.91 ppt only under a total-throughput simple eclipse calculation
390988414,297.0830622112,18.6965116684,15.6283000000,0.0131000000,1824562619190189312.0000000000,16.2101000000,16.6837000000,15.5597000000,-3.7257600000,-5.6812300000,0.7783670000,5436.0000000000,0.8444630000,0.9500000000,1245.7600000000,,,,,135.2658577150,4.6911000000,0.0132910717,0.2189439702,gaia_1.8245626191901893e+18,1476.4970704748,1761.6643429201,bright enough to mimic 2.91 ppt only under a total-throughput simple eclipse calculation
390988343,297.0827977423,18.7042912695,16.7428000000,0.0203000000,1824562614843294720.0000000000,17.3352000000,17.8269000000,16.6851000000,-1.7672300000,-3.2328700000,0.3586140000,5729.0000000000,1.0502100000,1.0200000000,2617.5600000000,,,,,135.4743746872,5.8056000000,0.0047616777,0.6111291353,gaia_1.8245626148432947e+18,1479.8708465184,1684.3464877606,bright enough to mimic 2.91 ppt only under a total-throughput simple eclipse calculation
390988516,297.0072853919,18.6825810113,15.5243000000,0.0321000000,1824561244800433152.0000000000,16.4178000000,17.2497000000,15.4817000000,-3.1613100000,-5.5198500000,0.0987304000,4754.0000000000,6.9993800000,,5801.5400000000,,,,,136.7062396294,4.5871000000,0.0146271596,0.1989449818,gaia_1.8245612448004332e+18,2188.6259358619,1908.0434163757,bright enough to mimic 2.91 ppt only under a total-throughput simple eclipse calculation
390988380,297.0032488291,18.6993988317,15.7459000000,0.0304000000,1824561313519920128.0000000000,16.4267000000,17.0089000000,15.6898000000,-1.3593000000,-2.8471100000,0.2298540000,5522.0000000000,2.7293900000,0.9700000000,3717.0200000000,,,,,137.1847101898,4.8087000000,0.0119266919,0.2439905404,gaia_1.82456131351992e+18,2228.4937657904,1741.2388101813,bright enough to mimic 2.91 ppt only under a total-throughput simple eclipse calculation
390988686,297.0312365064,18.6624708163,14.3099000000,0.0065000000,1824560965580463104.0000000000,15.1527000000,15.9198000000,14.2800000000,-1.4164900000,-4.1671300000,-0.0238957000,5596.0000000000,19.4814000000,,10923.4000000000,,,,,137.6755319793,3.3727000000,0.0447630840,0.0650089257,gaia_1.824560965580463e+18,1960.7942016180,2105.5352621545,bright enough to mimic 2.91 ppt only under a total-throughput simple eclipse calculation
390988120,297.0617679139,18.7331587552,13.7568000000,0.0170000000,1824562997147361792.0000000000,14.5617000000,15.3081000000,13.7183000000,-1.6943800000,-5.5174000000,0.2025420000,4791.0000000000,10.1165000000,,4240.1700000000,,,,,138.1596625431,2.8196000000,0.0745006394,0.0390600675,gaia_1.8245629971473618e+18,1681.1576840043,1399.5537377906,bright enough to mimic 2.91 ppt only under a total-throughput simple eclipse calculation
390988633,297.0196693588,18.6678513349,16.5756000000,0.0326000000,1824560999935433216.0000000000,17.2447000000,17.7954000000,16.4988000000,-2.6750400000,-7.0253900000,0.2642170000,5471.0000000000,1.6424900000,0.9600000000,3316.9400000000,,,,,138.1896808534,5.6384000000,0.0055544364,0.5239055377,gaia_1.8245609999354332e+18,2070.3508959698,2053.2299276818,bright enough to mimic 2.91 ppt only under a total-throughput simple eclipse calculation
1845610334,297.0474080106,18.7372449516,15.8974000000,0.0374000000,1824562962787646464.0000000000,16.5626000000,17.0992000000,15.8128000000,3.6482700000,-2.4090500000,0.1184350000,5713.0000000000,3.5025400000,1.0200000000,5319.1200000000,,,,,138.6411527865,4.9602000000,0.0103733731,0.2805259159,gaia_1.8245629627876465e+18,1816.8274431233,1360.4227516397,bright enough to mimic 2.91 ppt only under a total-throughput simple eclipse calculation
390988089,297.0369725532,18.7370600509,17.1095000000,0.0417000000,1824563714359769344.0000000000,17.8368000000,18.4231000000,17.0030000000,-1.7315900000,-6.5698200000,0.1661700000,5124.0000000000,1.6778800000,0.8600000000,3843.8300000000,,,,,139.1045007457,6.1723000000,0.0033968784,0.8566688767,gaia_1.8245637143597693e+18,1915.0677165751,1363.3401245773,bright enough to mimic 2.91 ppt only under a total-throughput simple eclipse calculation
390988289,297.0050533385,18.7120036377,12.7576000000,0.0108000000,1824562172513694208.0000000000,13.3895000000,13.9313000000,12.6948000000,2.4932800000,-3.2782000000,1.1667600000,4980.0000000000,2.4043500000,,836.7400000000,,,,,139.2321183273,1.8204000000,0.1869993083,0.0155615549,gaia_1.8245621725136942e+18,2212.8827694396,1615.7297262605,bright enough to mimic 2.91 ppt only under a total-throughput simple eclipse calculation
1845608527,297.0028829609,18.7034109021,15.6803000000,0.0263000000,1824562172471732224.0000000000,16.5519000000,17.3110000000,15.5583000000,-4.1907500000,-5.5833000000,0.3196310000,4455.0000000000,3.2328400000,,2871.7800000000,,,,,139.3630341980,4.7431000000,0.0126695153,0.2296851879,gaia_1.8245621724717322e+18,2232.3806428632,1701.3848770785,bright enough to mimic 2.91 ppt only under a total-throughput simple eclipse calculation
390988607,297.0717288264,18.6707916525,16.5782000000,0.0327000000,1824558148077157120.0000000000,17.2366000000,17.7838000000,16.5091000000,-3.3394600000,-5.9844600000,0.2720540000,5517.0000000000,1.5724500000,0.9700000000,3242.6000000000,,,,,139.7600181485,5.6410000000,0.0055411512,0.5251616316,gaia_1.824558148077157e+18,1580.3215001997,2018.5766898970,bright enough to mimic 2.91 ppt only under a total-throughput simple eclipse calculation
390988085,297.0465068482,18.7376517942,14.6881000000,0.0245000000,1824562962787648000.0000000000,15.5442000000,16.3392000000,14.6511000000,-3.6261300000,-5.6547200000,0.0720357000,4845.0000000000,11.7159000000,,7057.4000000000,,,,,139.8384168211,3.7509000000,0.0315965744,0.0920985916,gaia_1.824562962787648e+18,1825.3585883178,1356.4711170940,bright enough to mimic 2.91 ppt only under a total-throughput simple eclipse calculation
390988591,297.0121517279,18.6732347102,16.9685000000,0.0460000000,1824561206093887232.0000000000,17.6020000000,18.0803000000,16.8570000000,-1.7827000000,-2.8845100000,0.1140010000,6012.0000000000,1.7602400000,1.1100000000,4683.1200000000,,,,,141.2705095880,6.0313000000,0.0038679424,0.7523379840,gaia_1.8245612060938872e+18,2141.7601227242,2000.4742972805,bright enough to mimic 2.91 ppt only under a total-throughput simple eclipse calculation
390988084,297.0381190767,18.7378984500,17.1184000000,0.0426000000,1824563714355086848.0000000000,17.7837000000,18.3005000000,17.0131000000,-3.3197800000,-6.7456700000,0.0783997000,5617.0000000000,1.7812900000,0.9900000000,4707.2400000000,,,,,141.5275598041,6.1812000000,0.0033691473,0.8637200257,gaia_1.8245637143550868e+18,1904.3660240183,1354.8859813766,bright enough to mimic 2.91 ppt only under a total-throughput simple eclipse calculation
390988086,297.0358657874,18.7375826298,15.5053000000,0.0267000000,1824563718701903104.0000000000,16.3028000000,17.0308000000,15.4607000000,-1.7431200000,-5.5272600000,0.1730530000,4874.0000000000,4.6875600000,,4495.5800000000,,,,,141.6046984160,4.5681000000,0.0148853825,0.1954938002,gaia_1.824563718701903e+18,1925.5481403186,1358.2583103114,bright enough to mimic 2.91 ppt only under a total-throughput simple eclipse calculation
390988099,297.0573575365,18.7360155020,16.5054000000,0.0129000000,1824563065825815552.0000000000,17.1984000000,17.6279000000,16.2320000000,-0.6565280000,5.2492700000,,,,,,,,,,141.7035620797,5.5682000000,0.0059254317,0.4911034544,gaia_1.8245630658258156e+18,1723.0072122539,1371.6114520283,bright enough to mimic 2.91 ppt only under a total-throughput simple eclipse calculation
390988344,297.0022598927,18.7041591857,13.0306000000,0.0091000000,1824562172513381888.0000000000,14.0117000000,15.0175000000,13.0210000000,-1.9509200000,-4.0652500000,0.1864260000,4263.0000000000,20.9443000000,,4552.8200000000,,,,,141.8066875816,2.0934000000,0.1454253106,0.0200102719,gaia_1.824562172513382e+18,2238.3318290054,1694.0078890672,bright enough to mimic 2.91 ppt only under a total-throughput simple eclipse calculation
390988389,297.0851477900,18.6985500274,15.6658000000,0.0121000000,1824562619190188032.0000000000,16.2680000000,16.7609000000,15.5989000000,-2.1536700000,-13.3984000000,0.3836600000,5641.0000000000,1.6424000000,1.0000000000,2439.2500000000,,,,,142.1061172306,4.7286000000,0.0128398515,0.2266381357,gaia_1.824562619190188e+18,1457.0906289215,1741.1769550501,bright enough to mimic 2.91 ppt only under a total-throughput simple eclipse calculation
390988193,297.0769560129,18.7224938204,14.9691000000,0.0188000000,1824562790988907264.0000000000,15.8645000000,16.7178000000,14.9410000000,-2.0357100000,-4.0448100000,0.0165338000,4683.0000000000,13.0395000000,,8267.5600000000,,,,,142.2601603815,4.0319000000,0.0243915837,0.1193034462,gaia_1.8245627909889073e+18,1536.9448941703,1503.9912499016,bright enough to mimic 2.91 ppt only under a total-throughput simple eclipse calculation
390988330,297.0847094082,18.7051639009,16.9608000000,0.0240000000,1824562619190193152.0000000000,17.6236000000,18.1544000000,16.8666000000,2.9513000000,-2.2226500000,0.3962570000,5279.0000000000,1.0131100000,0.9100000000,2418.4800000000,,,,,142.3913067607,6.0236000000,0.0038954712,0.7470213066,gaia_1.8245626191901932e+18,1461.9703968964,1675.4675052570,bright enough to mimic 2.91 ppt only under a total-throughput simple eclipse calculation
390988093,297.0314353519,18.7368029291,16.3542000000,0.0171000000,1824563718701906944.0000000000,16.9962000000,17.5091000000,16.2645000000,3.8473800000,-1.6853800000,0.4368580000,5365.0000000000,1.1635300000,0.9300000000,2183.0700000000,,,,,142.4444121328,5.4170000000,0.0068108294,0.4272607406,gaia_1.824563718701907e+18,1967.1796723653,1366.4663337948,bright enough to mimic 2.91 ppt only under a total-throughput simple eclipse calculation
390988501,297.0820987923,18.6836923004,16.3380000000,0.0192000000,1824559629892943360.0000000000,16.9386000000,17.4080000000,16.2488000000,-3.1920800000,-4.7444600000,0.4250440000,5595.0000000000,1.1105900000,0.9900000000,2244.0800000000,,,,,142.6535960424,5.4008000000,0.0069132140,0.4209330140,gaia_1.8245596298929434e+18,1484.1170942427,1889.2181193516,bright enough to mimic 2.91 ppt only under a total-throughput simple eclipse calculation
390988294,297.0837307828,18.7102726682,15.7280000000,0.0167000000,1824562722269413888.0000000000,16.2919000000,16.7440000000,15.6589000000,-0.6344280000,-4.3459800000,0.4426270000,5805.0000000000,1.3068500000,1.0400000000,2139.0900000000,,,,,143.2247136909,4.7908000000,0.0121249512,0.2400009656,gaia_1.824562722269414e+18,1471.7662802358,1624.7792169702,bright enough to mimic 2.91 ppt only under a total-throughput simple eclipse calculation
390988700,297.0334196940,18.6602672161,15.9753000000,0.0177000000,1824560969922496768.0000000000,16.5053000000,16.9171000000,15.8971000000,-2.0568800000,-6.3827600000,0.3023300000,6314.0000000000,1.5197700000,1.2400000000,3010.7400000000,,,,,143.2931017349,5.0381000000,0.0096551717,0.3013928804,gaia_1.8245609699224968e+18,1939.9857451165,2127.2185537635,bright enough to mimic 2.91 ppt only under a total-throughput simple eclipse calculation
390988129,297.0685879348,18.7311358067,15.6926000000,0.0264000000,1824562997147352064.0000000000,16.2800000000,16.7440000000,15.6124000000,-3.9024200000,-5.7324400000,0.2422140000,5904.0000000000,2.2970400000,1.0700000000,3603.1300000000,,,,,144.1768122931,4.7554000000,0.0125267959,0.2323020215,gaia_1.824562997147352e+18,1616.7155355322,1418.9514784637,bright enough to mimic 2.91 ppt only under a total-throughput simple eclipse calculation
390988692,297.0586621608,18.6614969544,16.6505000000,0.0156000000,1824558113717379584.0000000000,17.3281000000,17.8700000000,16.5518000000,-4.5215600000,-8.2232600000,0.5014880000,5242.0000000000,0.9576950000,0.9000000000,1932.9000000000,,,,,144.3145279265,5.7133000000,0.0051841791,0.5613231956,gaia_1.8245581137173796e+18,1702.3497724861,2112.3621845249,bright enough to mimic 2.91 ppt only under a total-throughput simple eclipse calculation
390988696,297.0298035112,18.6609005275,17.1762000000,0.0436000000,1824560969922500096.0000000000,18.0240000000,18.7610000000,17.0855000000,-2.9585600000,-6.1036500000,0.0663021000,4781.0000000000,2.4532900000,,4663.7300000000,,,,,144.5741839121,6.2390000000,0.0031944787,0.9109467463,gaia_1.8245609699225e+18,1974.1205997582,2121.2954670161,bright enough to mimic 2.91 ppt only under a total-throughput simple eclipse calculation
390988608,297.0737260046,18.6707599576,16.8572000000,0.0458000000,1824558152424193792.0000000000,17.5074000000,18.0457000000,16.7888000000,1.4380000000,-6.5403800000,0.1840140000,5678.0000000000,1.6500100000,1.0100000000,3971.0900000000,,,,,144.6195828231,5.9200000000,0.0042854852,0.6790362961,gaia_1.8245581524241938e+18,1561.5088558279,2018.6804867965,bright enough to mimic 2.91 ppt only under a total-throughput simple eclipse calculation
1845603186,297.0817483578,18.6813968201,16.3595000000,0.6000000000,1824559629892942080.0000000000,16.7895000000,,,-1.2942500000,-3.7109900000,0.2197230000,,,,3572.0500000000,,,,390988525.0000000000,144.9512979292,5.4223000000,0.0067776635,0.4293515044,gaia_1.824559629892942e+18,1487.1576514397,1912.0771718727,bright enough to mimic 2.91 ppt only under a total-throughput simple eclipse calculation
390988314,297.0018450233,18.7071651948,17.2675000000,0.0117759000,1824562172513383424.0000000000,18.3822000000,19.4129000000,17.2924000000,1.5475100000,-1.7550300000,1.0499400000,3673.0000000000,0.5605420000,0.5546390000,962.3530000000,,,,,145.0317821478,6.3303000000,0.0029368381,0.9908615794,gaia_1.8245621725133834e+18,2242.5699582377,1664.1617814132,bright enough to mimic 2.91 ppt only under a total-throughput simple eclipse calculation
1845603142,297.0820895008,18.6817674501,15.8439000000,0.0075000000,1824559629851743232.0000000000,16.4764000000,16.8740000000,15.6203000000,0.6335520000,-1.3326900000,0.4774520000,,,,2000.9100000000,,,DUPLICATE,390988525.0000000000,145.4281964540,4.9067000000,0.0108973274,0.2670379522,gaia_1.8245596298517432e+18,1483.9870211550,1908.3560813135,bright enough to mimic 2.91 ppt only under a total-throughput simple eclipse calculation
390988597,297.0113251279,18.6722808819,16.6276000000,0.0450000000,1824561210440687104.0000000000,17.2709000000,17.7918000000,16.5493000000,-3.1275800000,-5.5817000000,0.1786380000,5921.0000000000,1.8611100000,1.0800000000,4149.9900000000,,,,,145.6512439878,5.6904000000,0.0052946834,0.5496079283,gaia_1.824561210440687e+18,2149.4427890639,2010.0420106269,bright enough to mimic 2.91 ppt only under a total-throughput simple eclipse calculation
390988667,297.0216201937,18.6640433235,16.6698000000,0.0441000000,1824560999967865856.0000000000,17.3093000000,17.7838000000,16.5489000000,3.4876900000,1.2659700000,0.1485150000,5885.0000000000,1.9615800000,1.0700000000,4472.2100000000,,,,,145.9946455691,5.7326000000,0.0050928396,0.5713904651,gaia_1.8245609999678659e+18,2051.5556414806,2090.8906924982,bright enough to mimic 2.91 ppt only under a total-throughput simple eclipse calculation
390988695,297.0284348150,18.6609281391,16.2956000000,0.0351000000,1824560969880781056.0000000000,17.1941000000,18.0252000000,16.2267000000,-3.3588300000,-5.8800800000,0.1729210000,4517.0000000000,3.7658600000,,4294.3600000000,,,,,146.0533559467,5.3584000000,0.0071885285,0.4048116374,gaia_1.824560969880781e+18,1987.0171693573,2121.1620867957,bright enough to mimic 2.91 ppt only under a total-throughput simple eclipse calculation
390988413,297.0863268116,18.6965179729,14.9874000000,0.0200000000,1824562619190185472.0000000000,15.8013000000,16.5491000000,14.9512000000,-2.6115000000,-2.1013400000,0.1027960000,4977.0000000000,8.2446400000,,6163.1100000000,,,,,146.3757664883,4.0502000000,0.0239839108,0.1213313386,gaia_1.8245626191901855e+18,1445.7581137060,1761.2543778196,bright enough to mimic 2.91 ppt only under a total-throughput simple eclipse calculation
390988715,297.0383498405,18.6585082247,17.1653000000,0.0425000000,1824560969922491136.0000000000,17.9632000000,18.6459000000,17.0796000000,-3.2232500000,-3.4342200000,0.1103030000,4972.0000000000,2.1353000000,,4451.7300000000,,,,,146.5075709466,6.2281000000,0.0032267105,0.9018472576,gaia_1.8245609699224911e+18,1893.3496424691,2144.1963455323,bright enough to mimic 2.91 ppt only under a total-throughput simple eclipse calculation
390988623,297.0139215946,18.6693618909,17.0540000000,0.0348000000,1824560999935456768.0000000000,17.7489000000,18.2963000000,16.9439000000,-2.8226800000,-4.6123600000,0.3868210000,5247.0000000000,1.0410900000,0.9000000000,2469.3500000000,,,,,146.5492404768,6.1168000000,0.0035750325,0.8139786034,gaia_1.8245609999354568e+18,2124.6632064890,2038.7992143713,bright enough to mimic 2.91 ppt only under a total-throughput simple eclipse calculation
390988115,297.0212049166,18.7340216470,14.5777000000,0.0108000000,1824563684342179328.0000000000,15.0671000000,15.4491000000,14.5114000000,2.0220100000,-1.5984900000,0.6974680000,6101.0000000000,1.2616500000,1.1500000000,1379.9100000000,,,,,147.4452110075,3.6405000000,0.0349784048,0.0831941883,gaia_1.8245636843421793e+18,2063.2074450392,1395.1675552542,bright enough to mimic 2.91 ppt only under a total-throughput simple eclipse calculation
390988359,297.0003879678,18.7023629732,15.0862000000,0.0195000000,1824562069392522240.0000000000,16.0619000000,17.0379000000,15.0617000000,-3.1407700000,-6.3344600000,0.1182240000,4331.0000000000,9.8895100000,,5660.5200000000,,,,,147.4514761771,4.1490000000,0.0218977756,0.1328902104,gaia_1.8245620693925222e+18,2255.7673872904,1712.0563608783,bright enough to mimic 2.91 ppt only under a total-throughput simple eclipse calculation
390988362,297.0868281388,18.7020841394,16.0243000000,0.0150000000,1824562619190189056.0000000000,16.6357000000,17.1274000000,15.9461000000,-1.5262700000,-4.4947100000,0.4164500000,5535.0000000000,1.3270200000,0.9700000000,2272.6600000000,,,,,148.2683664536,5.0871000000,0.0092291138,0.3153065474,gaia_1.824562619190189e+18,1441.6706499823,1705.8615202568,bright enough to mimic 2.91 ppt only under a total-throughput simple eclipse calculation
390988645,297.0158473715,18.6670265126,15.8885000000,0.0130000000,1824561004240550400.0000000000,16.4999000000,16.9869000000,15.8055000000,0.4809120000,-2.8898100000,0.6202880000,5525.0000000000,0.9663500000,0.9700000000,1553.2100000000,,,,,148.5114455902,4.9513000000,0.0104587553,0.2782357872,gaia_1.8245610042405504e+18,2106.2656485628,2061.8218815260,bright enough to mimic 2.91 ppt only under a total-throughput simple eclipse calculation
390988123,297.0176729827,18.7322546180,16.8477000000,0.0172000000,1824563684342182400.0000000000,17.6702000000,18.4344000000,16.7688000000,5.1634900000,-3.7429700000,0.7610970000,4378.0000000000,0.8051320000,0.6800000000,1302.7400000000,,,,,148.8173780970,5.9105000000,0.0043231470,0.6731207661,gaia_1.8245636843421824e+18,2096.2718010608,1413.0969526860,bright enough to mimic 2.91 ppt only under a total-throughput simple eclipse calculation
390988073,297.0321729039,18.7390682341,17.1110000000,0.0376000000,1824563714355088384.0000000000,17.8396000000,18.3780000000,16.9535000000,1.4779200000,-4.7992300000,0.2473790000,5076.0000000000,1.4829200000,0.8500000000,3374.4500000000,,,,,149.6043215533,6.1738000000,0.0033921887,0.8578532264,gaia_1.8245637143550884e+18,1960.4886813052,1343.8672487420,bright enough to mimic 2.91 ppt only under a total-throughput simple eclipse calculation
390988062,297.0456286432,18.7404766242,17.1676000000,0.0302000000,1824563714355108096.0000000000,17.8476000000,18.3684000000,17.0441000000,-2.5672700000,-3.4209500000,0.4037190000,5187.0000000000,0.9540850000,0.8800000000,2420.2800000000,,,,,149.8053526503,6.2304000000,0.0032198823,0.9037597362,gaia_1.824563714355108e+18,1833.9465715928,1328.4758743537,bright enough to mimic 2.91 ppt only under a total-throughput simple eclipse calculation
