{
  "target": "TOI-3505.01",
  "tic_id": 390988385,
  "report_sectors": [
    54,
    81
  ],
  "official_metrics": [
    {
      "sector": 54,
      "tic_id": 390988385,
      "toi_id": "3505",
      "spoc_transit_model": "mandel-agol_geometric_transit_model",
      "fit_full_convergence": true,
      "fit_period_days": 2.914773159307209,
      "fit_period_error_days": 0.0004927413,
      "fit_epoch_btjd": 2770.210914686296,
      "fit_epoch_error_days": 0.0023954823,
      "fit_duration_hours": 2.7723241791495035,
      "fit_duration_error_hours": 0.14237006,
      "fit_depth_ppt": 3.2263013627859496,
      "fit_depth_error_ppt": 0.17398424,
      "fit_radius_ratio": 0.06133235881705497,
      "fit_radius_ratio_error": 0.0023308059,
      "fit_impact_parameter": 0.9192846910504341,
      "fit_impact_parameter_error": 0.018179348,
      "fit_snr": 22.62072,
      "maximum_multiple_event_statistic": 17.087906,
      "observed_transits": 9,
      "expected_transits": 9,
      "suspected_eclipsing_binary": false,
      "odd_even_difference_sigma": 0.21895605951879935,
      "odd_even_planet_favoring_percent": 82.66843,
      "weak_secondary_mes": 2.5197134,
      "weak_secondary_phase_days": 1.0791433,
      "weak_secondary_depth_ppt": 0.34531997999999997,
      "weak_secondary_depth_error_ppt": 0.1300557,
      "bootstrap_false_alarm_probability": 8.96701666671548e-66,
      "centroid_to_tic_arcsec": 1.8278605,
      "centroid_to_tic_error_arcsec": 2.5535734,
      "centroid_to_tic_sigma": 0.7158049578680605,
      "centroid_to_out_of_transit_arcsec": 3.9747705,
      "centroid_to_out_of_transit_error_arcsec": 2.5683029,
      "centroid_to_out_of_transit_sigma": 1.5476252820490917,
      "difference_image_quality": 0.9059354,
      "difference_images_good_fraction": 1.0,
      "difference_image_transits": 9,
      "ghost_core_statistic": 13.900764,
      "ghost_halo_statistic": 1.8653942,
      "ghost_core_halo_ratio": 7.451917669734366,
      "dvt_data_release": 78,
      "dvt_sector_vector": "0000000000000000000000000000000000000000000000000000001",
      "dvt_sectors_used": "54",
      "dvt_time_rows": 18890,
      "dvt_finite_detrended_rows": 17899,
      "dvt_cadence_minutes": 2.0,
      "dvt_period_days": 2.914773159307209,
      "dvt_epoch_btjd": 2770.2109375913883,
      "dvt_duration_hours": 2.7723241791495035,
      "dvt_depth_ppt": 3.2263013627859496,
      "dvt_maximum_multiple_event_statistic": 17.087905883789062,
      "dvt_matches_xml_fit": true,
      "dvr_xml_file": "data/tess/toi3505/data_validation/mastDownload/TESS/tess2022190063128-s0054-0000000390988385-0227-s/tess2022190092448-s0054-s0054-0000000390988385-00645_dvr.xml",
      "dvt_fits_file": "data/tess/toi3505/data_validation/mastDownload/TESS/tess2022190063128-s0054-0000000390988385-0227-s/tess2022190092448-s0054-s0054-0000000390988385-00645_dvt.fits",
      "dvr_pdf_file": "data/tess/toi3505/data_validation/mastDownload/TESS/tess2022190063128-s0054-0000000390988385-0227-s/tess2022190092448-s0054-s0054-0000000390988385-00645_dvr.pdf",
      "dvs_pdf_file": "data/tess/toi3505/data_validation/mastDownload/TESS/tess2022190063128-s0054-0000000390988385-0227-s/tess2022190092448-s0054-s0054-0000000390988385-01-00645_dvs.pdf"
    },
    {
      "sector": 81,
      "tic_id": 390988385,
      "toi_id": "3505",
      "spoc_transit_model": "mandel-agol_geometric_transit_model",
      "fit_full_convergence": true,
      "fit_period_days": 2.915166960811568,
      "fit_period_error_days": 0.00040661488,
      "fit_epoch_btjd": 3507.7420450213613,
      "fit_epoch_error_days": 0.0021690882,
      "fit_duration_hours": 2.6701976233427884,
      "fit_duration_error_hours": 0.12174448,
      "fit_depth_ppt": 3.408502160950877,
      "fit_depth_error_ppt": 0.17341441,
      "fit_radius_ratio": 0.062476404231058325,
      "fit_radius_ratio_error": 0.0021478422,
      "fit_impact_parameter": 0.9091851640790521,
      "fit_impact_parameter_error": 0.018477615,
      "fit_snr": 22.514086,
      "maximum_multiple_event_statistic": 19.291498,
      "observed_transits": 8,
      "expected_transits": 9,
      "suspected_eclipsing_binary": false,
      "odd_even_difference_sigma": 0.6167933770720954,
      "odd_even_planet_favoring_percent": 53.737104,
      "weak_secondary_mes": 2.1133375,
      "weak_secondary_phase_days": 1.2471987,
      "weak_secondary_depth_ppt": 0.28541924999999996,
      "weak_secondary_depth_error_ppt": 0.12502622,
      "bootstrap_false_alarm_probability": 1.130730745316884e-90,
      "centroid_to_tic_arcsec": 1.9775155,
      "centroid_to_tic_error_arcsec": 2.5991385,
      "centroid_to_tic_sigma": 0.7608349843611643,
      "centroid_to_out_of_transit_arcsec": 4.043328,
      "centroid_to_out_of_transit_error_arcsec": 2.6112218,
      "centroid_to_out_of_transit_sigma": 1.5484429549416292,
      "difference_image_quality": 0.96715015,
      "difference_images_good_fraction": 1.0,
      "difference_image_transits": 6,
      "ghost_core_statistic": 11.242783,
      "ghost_halo_statistic": -0.84483045,
      "ghost_core_halo_ratio": -13.30773884866484,
      "dvt_data_release": 114,
      "dvt_sector_vector": "0000000000000000000000000000000000000000000000000000000000000000000000000000000001",
      "dvt_sectors_used": "81",
      "dvt_time_rows": 19174,
      "dvt_finite_detrended_rows": 16735,
      "dvt_cadence_minutes": 2.000000000000016,
      "dvt_period_days": 2.915166960811568,
      "dvt_epoch_btjd": 3507.7420679264537,
      "dvt_duration_hours": 2.6701976233427884,
      "dvt_depth_ppt": 3.408502160950877,
      "dvt_maximum_multiple_event_statistic": 19.2914982,
      "dvt_matches_xml_fit": true,
      "dvr_xml_file": "data/tess/toi3505/data_validation/mastDownload/TESS/tess2024196212429-s0081-0000000390988385-0276-s/tess2024197010539-s0081-s0081-0000000390988385-00910_dvr.xml",
      "dvt_fits_file": "data/tess/toi3505/data_validation/mastDownload/TESS/tess2024196212429-s0081-0000000390988385-0276-s/tess2024197010539-s0081-s0081-0000000390988385-00910_dvt.fits",
      "dvr_pdf_file": "data/tess/toi3505/data_validation/mastDownload/TESS/tess2024196212429-s0081-0000000390988385-0276-s/tess2024197010539-s0081-s0081-0000000390988385-00910_dvr.pdf",
      "dvs_pdf_file": "data/tess/toi3505/data_validation/mastDownload/TESS/tess2024196212429-s0081-0000000390988385-0276-s/tess2024197010539-s0081-s0081-0000000390988385-01-00910_dvs.pdf"
    }
  ],
  "official_multisector_tce": [
    {
      "tic_id": 390988385,
      "toi_id": "3505",
      "spoc_transit_model": "mandel-agol_geometric_transit_model",
      "fit_full_convergence": true,
      "fit_period_days": 2.915145579641331,
      "fit_period_error_days": 6.9513185e-06,
      "fit_epoch_btjd": 2770.2097513330114,
      "fit_epoch_error_days": 0.0010288398,
      "fit_duration_hours": 2.7111916374936995,
      "fit_duration_error_hours": 0.09769286,
      "fit_depth_ppt": 3.2918889004895218,
      "fit_depth_error_ppt": 0.118516266,
      "fit_radius_ratio": 0.061769367661928656,
      "fit_radius_ratio_error": 0.0015563034,
      "fit_impact_parameter": 0.9159642085456406,
      "fit_impact_parameter_error": 0.013228787,
      "fit_snr": 34.111057,
      "maximum_multiple_event_statistic": 27.673754,
      "observed_transits": 17,
      "expected_transits": 262,
      "suspected_eclipsing_binary": false,
      "odd_even_difference_sigma": 0.7784450526530438,
      "odd_even_planet_favoring_percent": 43.63067,
      "weak_secondary_mes": 2.4098403,
      "weak_secondary_phase_days": 1.7124774,
      "weak_secondary_depth_ppt": 0.21794022000000002,
      "weak_secondary_depth_error_ppt": 0.08162532,
      "bootstrap_false_alarm_probability": 1.070414881520924e-143,
      "centroid_to_tic_arcsec": 2.6222534,
      "centroid_to_tic_error_arcsec": 2.646006,
      "centroid_to_tic_sigma": 0.991023225192989,
      "centroid_to_out_of_transit_arcsec": 3.8359394,
      "centroid_to_out_of_transit_error_arcsec": 2.5560288,